query,target,method,time,filename
ms1_spec,4368,pyteomics,6.083944900194183,E:/mzsql/MTBLS10066/20220923_LEAP-POS_QC04/20220923_LEAP-POS_QC04
ms1_spec,4368,pyopenms,3.888368400046602,E:/mzsql/MTBLS10066/20220923_LEAP-POS_QC04/20220923_LEAP-POS_QC04
ms1_spec,4368,pymzml,0.11232730001211166,E:/mzsql/MTBLS10066/20220923_LEAP-POS_QC04/20220923_LEAP-POS_QC04
ms1_spec,4368,mzMLb,6.905762100126594,E:/mzsql/MTBLS10066/20220923_LEAP-POS_QC04/20220923_LEAP-POS_QC04
ms1_spec,4368,mzDB,0.05834409990347922,E:/mzsql/MTBLS10066/20220923_LEAP-POS_QC04/20220923_LEAP-POS_QC04
ms1_spec,4368,MZA,0.0020069999154657125,E:/mzsql/MTBLS10066/20220923_LEAP-POS_QC04/20220923_LEAP-POS_QC04
ms1_spec,4368,mz5,0.08839830011129379,E:/mzsql/MTBLS10066/20220923_LEAP-POS_QC04/20220923_LEAP-POS_QC04
ms1_spec,4368,SQLite,0.3994819999206811,E:/mzsql/MTBLS10066/20220923_LEAP-POS_QC04/20220923_LEAP-POS_QC04
ms1_spec,4368,DuckDB,0.02260500006377697,E:/mzsql/MTBLS10066/20220923_LEAP-POS_QC04/20220923_LEAP-POS_QC04
ms1_spec,4368,Parquet,0.11875059991143644,E:/mzsql/MTBLS10066/20220923_LEAP-POS_QC04/20220923_LEAP-POS_QC04
ms1_spec,1765,pyteomics,2.9871602000202984,E:/mzsql/MTBLS10066/20220923_LEAP-POS_QC04/20220923_LEAP-POS_QC04
ms1_spec,1765,pyopenms,3.615872599883005,E:/mzsql/MTBLS10066/20220923_LEAP-POS_QC04/20220923_LEAP-POS_QC04
ms1_spec,1765,pymzml,0.08150650002062321,E:/mzsql/MTBLS10066/20220923_LEAP-POS_QC04/20220923_LEAP-POS_QC04
ms1_spec,1765,mzMLb,2.5440535000525415,E:/mzsql/MTBLS10066/20220923_LEAP-POS_QC04/20220923_LEAP-POS_QC04
ms1_spec,1765,mzDB,1.1892343000508845,E:/mzsql/MTBLS10066/20220923_LEAP-POS_QC04/20220923_LEAP-POS_QC04
ms1_spec,1765,MZA,0.0019052999559789896,E:/mzsql/MTBLS10066/20220923_LEAP-POS_QC04/20220923_LEAP-POS_QC04
ms1_spec,1765,mz5,0.08659990015439689,E:/mzsql/MTBLS10066/20220923_LEAP-POS_QC04/20220923_LEAP-POS_QC04
ms1_spec,1765,SQLite,0.4018753001000732,E:/mzsql/MTBLS10066/20220923_LEAP-POS_QC04/20220923_LEAP-POS_QC04
ms1_spec,1765,DuckDB,0.020783500047400594,E:/mzsql/MTBLS10066/20220923_LEAP-POS_QC04/20220923_LEAP-POS_QC04
ms1_spec,1765,Parquet,0.10057400004006922,E:/mzsql/MTBLS10066/20220923_LEAP-POS_QC04/20220923_LEAP-POS_QC04
ms1_spec,626,pyteomics,1.360229300102219,E:/mzsql/MTBLS10066/20220923_LEAP-POS_QC04/20220923_LEAP-POS_QC04
ms1_spec,626,pyopenms,3.586282400181517,E:/mzsql/MTBLS10066/20220923_LEAP-POS_QC04/20220923_LEAP-POS_QC04
ms1_spec,626,pymzml,0.08245280012488365,E:/mzsql/MTBLS10066/20220923_LEAP-POS_QC04/20220923_LEAP-POS_QC04
ms1_spec,626,mzMLb,0.9315115001518279,E:/mzsql/MTBLS10066/20220923_LEAP-POS_QC04/20220923_LEAP-POS_QC04
ms1_spec,626,mzDB,0.05590060004033148,E:/mzsql/MTBLS10066/20220923_LEAP-POS_QC04/20220923_LEAP-POS_QC04
ms1_spec,626,MZA,0.0019835999701172113,E:/mzsql/MTBLS10066/20220923_LEAP-POS_QC04/20220923_LEAP-POS_QC04
ms1_spec,626,mz5,0.08709909999743104,E:/mzsql/MTBLS10066/20220923_LEAP-POS_QC04/20220923_LEAP-POS_QC04
ms1_spec,626,SQLite,0.3941401999909431,E:/mzsql/MTBLS10066/20220923_LEAP-POS_QC04/20220923_LEAP-POS_QC04
ms1_spec,626,DuckDB,0.020495499949902296,E:/mzsql/MTBLS10066/20220923_LEAP-POS_QC04/20220923_LEAP-POS_QC04
ms1_spec,626,Parquet,0.10113930003717542,E:/mzsql/MTBLS10066/20220923_LEAP-POS_QC04/20220923_LEAP-POS_QC04
ms1_spec,6212,pyteomics,8.725313700037077,E:/mzsql/MTBLS10066/20220923_LEAP-POS_QC04/20220923_LEAP-POS_QC04
ms1_spec,6212,pyopenms,3.689123900141567,E:/mzsql/MTBLS10066/20220923_LEAP-POS_QC04/20220923_LEAP-POS_QC04
ms1_spec,6212,pymzml,0.08253909996710718,E:/mzsql/MTBLS10066/20220923_LEAP-POS_QC04/20220923_LEAP-POS_QC04
ms1_spec,6212,mzMLb,9.49602139997296,E:/mzsql/MTBLS10066/20220923_LEAP-POS_QC04/20220923_LEAP-POS_QC04
ms1_spec,6212,mzDB,0.05715259979479015,E:/mzsql/MTBLS10066/20220923_LEAP-POS_QC04/20220923_LEAP-POS_QC04
ms1_spec,6212,MZA,0.0019604999106377363,E:/mzsql/MTBLS10066/20220923_LEAP-POS_QC04/20220923_LEAP-POS_QC04
ms1_spec,6212,mz5,0.08572540013119578,E:/mzsql/MTBLS10066/20220923_LEAP-POS_QC04/20220923_LEAP-POS_QC04
ms1_spec,6212,SQLite,0.40029349992983043,E:/mzsql/MTBLS10066/20220923_LEAP-POS_QC04/20220923_LEAP-POS_QC04
ms1_spec,6212,DuckDB,0.020826299907639623,E:/mzsql/MTBLS10066/20220923_LEAP-POS_QC04/20220923_LEAP-POS_QC04
ms1_spec,6212,Parquet,0.10721160005778074,E:/mzsql/MTBLS10066/20220923_LEAP-POS_QC04/20220923_LEAP-POS_QC04
ms1_spec,8786,pyteomics,11.732891699997708,E:/mzsql/MTBLS10066/20220923_LEAP-POS_QC04/20220923_LEAP-POS_QC04
ms1_spec,8786,pyopenms,3.7782795999664813,E:/mzsql/MTBLS10066/20220923_LEAP-POS_QC04/20220923_LEAP-POS_QC04
ms1_spec,8786,pymzml,0.08323560003191233,E:/mzsql/MTBLS10066/20220923_LEAP-POS_QC04/20220923_LEAP-POS_QC04
ms1_spec,8786,mzMLb,13.74404239980504,E:/mzsql/MTBLS10066/20220923_LEAP-POS_QC04/20220923_LEAP-POS_QC04
ms1_spec,8786,mzDB,2.547385999932885,E:/mzsql/MTBLS10066/20220923_LEAP-POS_QC04/20220923_LEAP-POS_QC04
ms1_spec,8786,MZA,0.0019198998343199492,E:/mzsql/MTBLS10066/20220923_LEAP-POS_QC04/20220923_LEAP-POS_QC04
ms1_spec,8786,mz5,0.08573479996994138,E:/mzsql/MTBLS10066/20220923_LEAP-POS_QC04/20220923_LEAP-POS_QC04
ms1_spec,8786,SQLite,0.3938262998126447,E:/mzsql/MTBLS10066/20220923_LEAP-POS_QC04/20220923_LEAP-POS_QC04
ms1_spec,8786,DuckDB,0.02067420003004372,E:/mzsql/MTBLS10066/20220923_LEAP-POS_QC04/20220923_LEAP-POS_QC04
ms1_spec,8786,Parquet,0.07227599993348122,E:/mzsql/MTBLS10066/20220923_LEAP-POS_QC04/20220923_LEAP-POS_QC04
ms1_spec,9214,pyteomics,12.34038329985924,E:/mzsql/MTBLS10066/20220923_LEAP-POS_QC04/20220923_LEAP-POS_QC04
ms1_spec,9214,pyopenms,3.7976400000043213,E:/mzsql/MTBLS10066/20220923_LEAP-POS_QC04/20220923_LEAP-POS_QC04
ms1_spec,9214,pymzml,0.08199790003709495,E:/mzsql/MTBLS10066/20220923_LEAP-POS_QC04/20220923_LEAP-POS_QC04
ms1_spec,9214,mzMLb,14.171901300083846,E:/mzsql/MTBLS10066/20220923_LEAP-POS_QC04/20220923_LEAP-POS_QC04
ms1_spec,9214,mzDB,1.9261086999904364,E:/mzsql/MTBLS10066/20220923_LEAP-POS_QC04/20220923_LEAP-POS_QC04
ms1_spec,9214,MZA,0.0019982000812888145,E:/mzsql/MTBLS10066/20220923_LEAP-POS_QC04/20220923_LEAP-POS_QC04
ms1_spec,9214,mz5,0.08641920005902648,E:/mzsql/MTBLS10066/20220923_LEAP-POS_QC04/20220923_LEAP-POS_QC04
ms1_spec,9214,SQLite,0.39761009998619556,E:/mzsql/MTBLS10066/20220923_LEAP-POS_QC04/20220923_LEAP-POS_QC04
ms1_spec,9214,DuckDB,0.02054399996995926,E:/mzsql/MTBLS10066/20220923_LEAP-POS_QC04/20220923_LEAP-POS_QC04
ms1_spec,9214,Parquet,0.07331990008242428,E:/mzsql/MTBLS10066/20220923_LEAP-POS_QC04/20220923_LEAP-POS_QC04
ms1_spec,5443,pyteomics,7.670440200017765,E:/mzsql/MTBLS10066/20220923_LEAP-POS_QC04/20220923_LEAP-POS_QC04
ms1_spec,5443,pyopenms,3.709897399879992,E:/mzsql/MTBLS10066/20220923_LEAP-POS_QC04/20220923_LEAP-POS_QC04
ms1_spec,5443,pymzml,0.0822620999533683,E:/mzsql/MTBLS10066/20220923_LEAP-POS_QC04/20220923_LEAP-POS_QC04
ms1_spec,5443,mzMLb,8.510253999847919,E:/mzsql/MTBLS10066/20220923_LEAP-POS_QC04/20220923_LEAP-POS_QC04
ms1_spec,5443,mzDB,2.8456818000413477,E:/mzsql/MTBLS10066/20220923_LEAP-POS_QC04/20220923_LEAP-POS_QC04
ms1_spec,5443,MZA,0.0019170998129993677,E:/mzsql/MTBLS10066/20220923_LEAP-POS_QC04/20220923_LEAP-POS_QC04
ms1_spec,5443,mz5,0.0874250999186188,E:/mzsql/MTBLS10066/20220923_LEAP-POS_QC04/20220923_LEAP-POS_QC04
ms1_spec,5443,SQLite,0.39909620000980794,E:/mzsql/MTBLS10066/20220923_LEAP-POS_QC04/20220923_LEAP-POS_QC04
ms1_spec,5443,DuckDB,0.02059419988654554,E:/mzsql/MTBLS10066/20220923_LEAP-POS_QC04/20220923_LEAP-POS_QC04
ms1_spec,5443,Parquet,0.11886540008708835,E:/mzsql/MTBLS10066/20220923_LEAP-POS_QC04/20220923_LEAP-POS_QC04
ms1_spec,5584,pyteomics,8.073050299892202,E:/mzsql/MTBLS10066/20220923_LEAP-POS_QC04/20220923_LEAP-POS_QC04
ms1_spec,5584,pyopenms,3.724946100031957,E:/mzsql/MTBLS10066/20220923_LEAP-POS_QC04/20220923_LEAP-POS_QC04
ms1_spec,5584,pymzml,0.08183919987641275,E:/mzsql/MTBLS10066/20220923_LEAP-POS_QC04/20220923_LEAP-POS_QC04
ms1_spec,5584,mzMLb,8.653276100056246,E:/mzsql/MTBLS10066/20220923_LEAP-POS_QC04/20220923_LEAP-POS_QC04
ms1_spec,5584,mzDB,2.8989820000715554,E:/mzsql/MTBLS10066/20220923_LEAP-POS_QC04/20220923_LEAP-POS_QC04
ms1_spec,5584,MZA,0.001931800041347742,E:/mzsql/MTBLS10066/20220923_LEAP-POS_QC04/20220923_LEAP-POS_QC04
ms1_spec,5584,mz5,0.08596369996666908,E:/mzsql/MTBLS10066/20220923_LEAP-POS_QC04/20220923_LEAP-POS_QC04
ms1_spec,5584,SQLite,0.39514939999207854,E:/mzsql/MTBLS10066/20220923_LEAP-POS_QC04/20220923_LEAP-POS_QC04
ms1_spec,5584,DuckDB,0.019729800056666136,E:/mzsql/MTBLS10066/20220923_LEAP-POS_QC04/20220923_LEAP-POS_QC04
ms1_spec,5584,Parquet,0.09843340003862977,E:/mzsql/MTBLS10066/20220923_LEAP-POS_QC04/20220923_LEAP-POS_QC04
ms1_spec,851,pyteomics,1.6514401000458747,E:/mzsql/MTBLS10066/20220923_LEAP-POS_QC04/20220923_LEAP-POS_QC04
ms1_spec,851,pyopenms,3.614896500017494,E:/mzsql/MTBLS10066/20220923_LEAP-POS_QC04/20220923_LEAP-POS_QC04
ms1_spec,851,pymzml,0.08666800009086728,E:/mzsql/MTBLS10066/20220923_LEAP-POS_QC04/20220923_LEAP-POS_QC04
ms1_spec,851,mzMLb,1.2449153000488877,E:/mzsql/MTBLS10066/20220923_LEAP-POS_QC04/20220923_LEAP-POS_QC04
ms1_spec,851,mzDB,2.48231210000813,E:/mzsql/MTBLS10066/20220923_LEAP-POS_QC04/20220923_LEAP-POS_QC04
ms1_spec,851,MZA,0.001970900222659111,E:/mzsql/MTBLS10066/20220923_LEAP-POS_QC04/20220923_LEAP-POS_QC04
ms1_spec,851,mz5,0.09868489997461438,E:/mzsql/MTBLS10066/20220923_LEAP-POS_QC04/20220923_LEAP-POS_QC04
ms1_spec,851,SQLite,0.44875649991445243,E:/mzsql/MTBLS10066/20220923_LEAP-POS_QC04/20220923_LEAP-POS_QC04
ms1_spec,851,DuckDB,0.022068499820306897,E:/mzsql/MTBLS10066/20220923_LEAP-POS_QC04/20220923_LEAP-POS_QC04
ms1_spec,851,Parquet,0.10629789996892214,E:/mzsql/MTBLS10066/20220923_LEAP-POS_QC04/20220923_LEAP-POS_QC04
ms1_spec,2616,pyteomics,4.152702299878001,E:/mzsql/MTBLS10066/20220923_LEAP-POS_QC04/20220923_LEAP-POS_QC04
ms1_spec,2616,pyopenms,3.7629323001019657,E:/mzsql/MTBLS10066/20220923_LEAP-POS_QC04/20220923_LEAP-POS_QC04
ms1_spec,2616,pymzml,0.08193679992109537,E:/mzsql/MTBLS10066/20220923_LEAP-POS_QC04/20220923_LEAP-POS_QC04
ms1_spec,2616,mzMLb,4.049381999997422,E:/mzsql/MTBLS10066/20220923_LEAP-POS_QC04/20220923_LEAP-POS_QC04
ms1_spec,2616,mzDB,0.06189840007573366,E:/mzsql/MTBLS10066/20220923_LEAP-POS_QC04/20220923_LEAP-POS_QC04
ms1_spec,2616,MZA,0.0021013999357819557,E:/mzsql/MTBLS10066/20220923_LEAP-POS_QC04/20220923_LEAP-POS_QC04
ms1_spec,2616,mz5,0.08945929980836809,E:/mzsql/MTBLS10066/20220923_LEAP-POS_QC04/20220923_LEAP-POS_QC04
ms1_spec,2616,SQLite,0.41269090003333986,E:/mzsql/MTBLS10066/20220923_LEAP-POS_QC04/20220923_LEAP-POS_QC04
ms1_spec,2616,DuckDB,0.027159000048413873,E:/mzsql/MTBLS10066/20220923_LEAP-POS_QC04/20220923_LEAP-POS_QC04
ms1_spec,2616,Parquet,0.11001239996403456,E:/mzsql/MTBLS10066/20220923_LEAP-POS_QC04/20220923_LEAP-POS_QC04
chrom,666.617919921875,pyteomics,15.757697699824348,E:/mzsql/MTBLS10066/20220923_LEAP-POS_QC04/20220923_LEAP-POS_QC04
chrom,666.617919921875,pyopenms,5.357305600075051,E:/mzsql/MTBLS10066/20220923_LEAP-POS_QC04/20220923_LEAP-POS_QC04
chrom,666.617919921875,pyopenms_2DPeak,3.771156599977985,E:/mzsql/MTBLS10066/20220923_LEAP-POS_QC04/20220923_LEAP-POS_QC04
chrom,666.617919921875,pymzml,8.618622400099412,E:/mzsql/MTBLS10066/20220923_LEAP-POS_QC04/20220923_LEAP-POS_QC04
chrom,666.617919921875,mzMLb,14.085898500168696,E:/mzsql/MTBLS10066/20220923_LEAP-POS_QC04/20220923_LEAP-POS_QC04
chrom,666.617919921875,mzDB,1.379506800090894,E:/mzsql/MTBLS10066/20220923_LEAP-POS_QC04/20220923_LEAP-POS_QC04
chrom,666.617919921875,MZA,11.300867999903858,E:/mzsql/MTBLS10066/20220923_LEAP-POS_QC04/20220923_LEAP-POS_QC04
chrom,666.617919921875,mz5,20.05630819988437,E:/mzsql/MTBLS10066/20220923_LEAP-POS_QC04/20220923_LEAP-POS_QC04
chrom,666.617919921875,MZTree,1.4887272999621928,E:/mzsql/MTBLS10066/20220923_LEAP-POS_QC04/20220923_LEAP-POS_QC04
chrom,666.617919921875,mzMD,0.38768310006707907,E:/mzsql/MTBLS10066/20220923_LEAP-POS_QC04/20220923_LEAP-POS_QC04
chrom,666.617919921875,SQLite,0.4993745000101626,E:/mzsql/MTBLS10066/20220923_LEAP-POS_QC04/20220923_LEAP-POS_QC04
chrom,666.617919921875,DuckDB,0.04235679982230067,E:/mzsql/MTBLS10066/20220923_LEAP-POS_QC04/20220923_LEAP-POS_QC04
chrom,666.617919921875,Parquet,0.15995410014875233,E:/mzsql/MTBLS10066/20220923_LEAP-POS_QC04/20220923_LEAP-POS_QC04
chrom,391.2838439941406,pyteomics,15.512453299947083,E:/mzsql/MTBLS10066/20220923_LEAP-POS_QC04/20220923_LEAP-POS_QC04
chrom,391.2838439941406,pyopenms,5.111544799990952,E:/mzsql/MTBLS10066/20220923_LEAP-POS_QC04/20220923_LEAP-POS_QC04
chrom,391.2838439941406,pyopenms_2DPeak,3.7569188999477774,E:/mzsql/MTBLS10066/20220923_LEAP-POS_QC04/20220923_LEAP-POS_QC04
chrom,391.2838439941406,pymzml,8.551747099962085,E:/mzsql/MTBLS10066/20220923_LEAP-POS_QC04/20220923_LEAP-POS_QC04
chrom,391.2838439941406,mzMLb,14.091581600019708,E:/mzsql/MTBLS10066/20220923_LEAP-POS_QC04/20220923_LEAP-POS_QC04
chrom,391.2838439941406,mzDB,0.5347908001858741,E:/mzsql/MTBLS10066/20220923_LEAP-POS_QC04/20220923_LEAP-POS_QC04
chrom,391.2838439941406,MZA,9.646986100124195,E:/mzsql/MTBLS10066/20220923_LEAP-POS_QC04/20220923_LEAP-POS_QC04
chrom,391.2838439941406,mz5,20.234987600008026,E:/mzsql/MTBLS10066/20220923_LEAP-POS_QC04/20220923_LEAP-POS_QC04
chrom,391.2838439941406,MZTree,0.4039928000420332,E:/mzsql/MTBLS10066/20220923_LEAP-POS_QC04/20220923_LEAP-POS_QC04
chrom,391.2838439941406,mzMD,0.43113270006142557,E:/mzsql/MTBLS10066/20220923_LEAP-POS_QC04/20220923_LEAP-POS_QC04
chrom,391.2838439941406,SQLite,0.517396500101313,E:/mzsql/MTBLS10066/20220923_LEAP-POS_QC04/20220923_LEAP-POS_QC04
chrom,391.2838439941406,DuckDB,0.039381499867886305,E:/mzsql/MTBLS10066/20220923_LEAP-POS_QC04/20220923_LEAP-POS_QC04
chrom,391.2838439941406,Parquet,0.11283480003476143,E:/mzsql/MTBLS10066/20220923_LEAP-POS_QC04/20220923_LEAP-POS_QC04
chrom,924.2693481445312,pyteomics,14.976490800036117,E:/mzsql/MTBLS10066/20220923_LEAP-POS_QC04/20220923_LEAP-POS_QC04
chrom,924.2693481445312,pyopenms,4.464641900034621,E:/mzsql/MTBLS10066/20220923_LEAP-POS_QC04/20220923_LEAP-POS_QC04
chrom,924.2693481445312,pyopenms_2DPeak,3.7770328999031335,E:/mzsql/MTBLS10066/20220923_LEAP-POS_QC04/20220923_LEAP-POS_QC04
chrom,924.2693481445312,pymzml,7.742077199975029,E:/mzsql/MTBLS10066/20220923_LEAP-POS_QC04/20220923_LEAP-POS_QC04
chrom,924.2693481445312,mzMLb,13.214918399928138,E:/mzsql/MTBLS10066/20220923_LEAP-POS_QC04/20220923_LEAP-POS_QC04
chrom,924.2693481445312,mzDB,1.2129226999823004,E:/mzsql/MTBLS10066/20220923_LEAP-POS_QC04/20220923_LEAP-POS_QC04
chrom,924.2693481445312,MZA,10.487530600046739,E:/mzsql/MTBLS10066/20220923_LEAP-POS_QC04/20220923_LEAP-POS_QC04
chrom,924.2693481445312,mz5,20.220093499869108,E:/mzsql/MTBLS10066/20220923_LEAP-POS_QC04/20220923_LEAP-POS_QC04
chrom,924.2693481445312,MZTree,0.8175663000438362,E:/mzsql/MTBLS10066/20220923_LEAP-POS_QC04/20220923_LEAP-POS_QC04
chrom,924.2693481445312,mzMD,0.3400117999408394,E:/mzsql/MTBLS10066/20220923_LEAP-POS_QC04/20220923_LEAP-POS_QC04
chrom,924.2693481445312,SQLite,0.4822656000033021,E:/mzsql/MTBLS10066/20220923_LEAP-POS_QC04/20220923_LEAP-POS_QC04
chrom,924.2693481445312,DuckDB,0.03337429999373853,E:/mzsql/MTBLS10066/20220923_LEAP-POS_QC04/20220923_LEAP-POS_QC04
chrom,924.2693481445312,Parquet,0.16402849997393787,E:/mzsql/MTBLS10066/20220923_LEAP-POS_QC04/20220923_LEAP-POS_QC04
chrom,758.5687255859375,pyteomics,16.333896700059995,E:/mzsql/MTBLS10066/20220923_LEAP-POS_QC04/20220923_LEAP-POS_QC04
chrom,758.5687255859375,pyopenms,5.707482700003311,E:/mzsql/MTBLS10066/20220923_LEAP-POS_QC04/20220923_LEAP-POS_QC04
chrom,758.5687255859375,pyopenms_2DPeak,3.639562299940735,E:/mzsql/MTBLS10066/20220923_LEAP-POS_QC04/20220923_LEAP-POS_QC04
chrom,758.5687255859375,pymzml,9.086182500002906,E:/mzsql/MTBLS10066/20220923_LEAP-POS_QC04/20220923_LEAP-POS_QC04
chrom,758.5687255859375,mzMLb,14.610574400052428,E:/mzsql/MTBLS10066/20220923_LEAP-POS_QC04/20220923_LEAP-POS_QC04
chrom,758.5687255859375,mzDB,1.3657943999860436,E:/mzsql/MTBLS10066/20220923_LEAP-POS_QC04/20220923_LEAP-POS_QC04
chrom,758.5687255859375,MZA,9.629781999858096,E:/mzsql/MTBLS10066/20220923_LEAP-POS_QC04/20220923_LEAP-POS_QC04
chrom,758.5687255859375,mz5,20.40796300000511,E:/mzsql/MTBLS10066/20220923_LEAP-POS_QC04/20220923_LEAP-POS_QC04
chrom,758.5687255859375,MZTree,0.7782815999817103,E:/mzsql/MTBLS10066/20220923_LEAP-POS_QC04/20220923_LEAP-POS_QC04
chrom,758.5687255859375,mzMD,0.39223300013691187,E:/mzsql/MTBLS10066/20220923_LEAP-POS_QC04/20220923_LEAP-POS_QC04
chrom,758.5687255859375,SQLite,0.49008959997445345,E:/mzsql/MTBLS10066/20220923_LEAP-POS_QC04/20220923_LEAP-POS_QC04
chrom,758.5687255859375,DuckDB,0.05110560008324683,E:/mzsql/MTBLS10066/20220923_LEAP-POS_QC04/20220923_LEAP-POS_QC04
chrom,758.5687255859375,Parquet,0.15327999996952713,E:/mzsql/MTBLS10066/20220923_LEAP-POS_QC04/20220923_LEAP-POS_QC04
chrom,496.33837890625,pyteomics,15.213622600072995,E:/mzsql/MTBLS10066/20220923_LEAP-POS_QC04/20220923_LEAP-POS_QC04
chrom,496.33837890625,pyopenms,4.517513799946755,E:/mzsql/MTBLS10066/20220923_LEAP-POS_QC04/20220923_LEAP-POS_QC04
chrom,496.33837890625,pyopenms_2DPeak,3.7785485999193043,E:/mzsql/MTBLS10066/20220923_LEAP-POS_QC04/20220923_LEAP-POS_QC04
chrom,496.33837890625,pymzml,7.918881700141355,E:/mzsql/MTBLS10066/20220923_LEAP-POS_QC04/20220923_LEAP-POS_QC04
chrom,496.33837890625,mzMLb,13.507981800008565,E:/mzsql/MTBLS10066/20220923_LEAP-POS_QC04/20220923_LEAP-POS_QC04
chrom,496.33837890625,mzDB,0.5314307999797165,E:/mzsql/MTBLS10066/20220923_LEAP-POS_QC04/20220923_LEAP-POS_QC04
chrom,496.33837890625,MZA,9.603997899917886,E:/mzsql/MTBLS10066/20220923_LEAP-POS_QC04/20220923_LEAP-POS_QC04
chrom,496.33837890625,mz5,20.183990099933,E:/mzsql/MTBLS10066/20220923_LEAP-POS_QC04/20220923_LEAP-POS_QC04
chrom,496.33837890625,MZTree,0.14486770005896688,E:/mzsql/MTBLS10066/20220923_LEAP-POS_QC04/20220923_LEAP-POS_QC04
chrom,496.33837890625,mzMD,0.4170119999907911,E:/mzsql/MTBLS10066/20220923_LEAP-POS_QC04/20220923_LEAP-POS_QC04
chrom,496.33837890625,SQLite,0.4951692000031471,E:/mzsql/MTBLS10066/20220923_LEAP-POS_QC04/20220923_LEAP-POS_QC04
chrom,496.33837890625,DuckDB,0.031130800023674965,E:/mzsql/MTBLS10066/20220923_LEAP-POS_QC04/20220923_LEAP-POS_QC04
chrom,496.33837890625,Parquet,0.10224309982731938,E:/mzsql/MTBLS10066/20220923_LEAP-POS_QC04/20220923_LEAP-POS_QC04
chrom,700.6256103515625,pyteomics,16.359011800028384,E:/mzsql/MTBLS10066/20220923_LEAP-POS_QC04/20220923_LEAP-POS_QC04
chrom,700.6256103515625,pyopenms,5.832016699947417,E:/mzsql/MTBLS10066/20220923_LEAP-POS_QC04/20220923_LEAP-POS_QC04
chrom,700.6256103515625,pyopenms_2DPeak,3.7994943999219686,E:/mzsql/MTBLS10066/20220923_LEAP-POS_QC04/20220923_LEAP-POS_QC04
chrom,700.6256103515625,pymzml,9.21077060000971,E:/mzsql/MTBLS10066/20220923_LEAP-POS_QC04/20220923_LEAP-POS_QC04
chrom,700.6256103515625,mzMLb,14.730209300061688,E:/mzsql/MTBLS10066/20220923_LEAP-POS_QC04/20220923_LEAP-POS_QC04
chrom,700.6256103515625,mzDB,1.4549305001273751,E:/mzsql/MTBLS10066/20220923_LEAP-POS_QC04/20220923_LEAP-POS_QC04
chrom,700.6256103515625,MZA,10.845418600132689,E:/mzsql/MTBLS10066/20220923_LEAP-POS_QC04/20220923_LEAP-POS_QC04
chrom,700.6256103515625,mz5,20.31928059994243,E:/mzsql/MTBLS10066/20220923_LEAP-POS_QC04/20220923_LEAP-POS_QC04
chrom,700.6256103515625,MZTree,0.2760518998838961,E:/mzsql/MTBLS10066/20220923_LEAP-POS_QC04/20220923_LEAP-POS_QC04
chrom,700.6256103515625,mzMD,0.38915509986691177,E:/mzsql/MTBLS10066/20220923_LEAP-POS_QC04/20220923_LEAP-POS_QC04
chrom,700.6256103515625,SQLite,0.48981390008702874,E:/mzsql/MTBLS10066/20220923_LEAP-POS_QC04/20220923_LEAP-POS_QC04
chrom,700.6256103515625,DuckDB,0.04650929989293218,E:/mzsql/MTBLS10066/20220923_LEAP-POS_QC04/20220923_LEAP-POS_QC04
chrom,700.6256103515625,Parquet,0.1572559999767691,E:/mzsql/MTBLS10066/20220923_LEAP-POS_QC04/20220923_LEAP-POS_QC04
chrom,1222.341064453125,pyteomics,15.071426699869335,E:/mzsql/MTBLS10066/20220923_LEAP-POS_QC04/20220923_LEAP-POS_QC04
chrom,1222.341064453125,pyopenms,4.420416499953717,E:/mzsql/MTBLS10066/20220923_LEAP-POS_QC04/20220923_LEAP-POS_QC04
chrom,1222.341064453125,pyopenms_2DPeak,3.8411682001315057,E:/mzsql/MTBLS10066/20220923_LEAP-POS_QC04/20220923_LEAP-POS_QC04
chrom,1222.341064453125,pymzml,7.986150400014594,E:/mzsql/MTBLS10066/20220923_LEAP-POS_QC04/20220923_LEAP-POS_QC04
chrom,1222.341064453125,mzMLb,13.373053299961612,E:/mzsql/MTBLS10066/20220923_LEAP-POS_QC04/20220923_LEAP-POS_QC04
chrom,1222.341064453125,mzDB,0.7776622001547366,E:/mzsql/MTBLS10066/20220923_LEAP-POS_QC04/20220923_LEAP-POS_QC04
chrom,1222.341064453125,MZA,9.40148129989393,E:/mzsql/MTBLS10066/20220923_LEAP-POS_QC04/20220923_LEAP-POS_QC04
chrom,1222.341064453125,mz5,20.2726237999741,E:/mzsql/MTBLS10066/20220923_LEAP-POS_QC04/20220923_LEAP-POS_QC04
chrom,1222.341064453125,MZTree,0.21592079987749457,E:/mzsql/MTBLS10066/20220923_LEAP-POS_QC04/20220923_LEAP-POS_QC04
chrom,1222.341064453125,mzMD,0.33373240008950233,E:/mzsql/MTBLS10066/20220923_LEAP-POS_QC04/20220923_LEAP-POS_QC04
chrom,1222.341064453125,SQLite,0.466182200005278,E:/mzsql/MTBLS10066/20220923_LEAP-POS_QC04/20220923_LEAP-POS_QC04
chrom,1222.341064453125,DuckDB,0.030778199899941683,E:/mzsql/MTBLS10066/20220923_LEAP-POS_QC04/20220923_LEAP-POS_QC04
chrom,1222.341064453125,Parquet,0.09745069989003241,E:/mzsql/MTBLS10066/20220923_LEAP-POS_QC04/20220923_LEAP-POS_QC04
chrom,237.0791473388672,pyteomics,15.801798099884763,E:/mzsql/MTBLS10066/20220923_LEAP-POS_QC04/20220923_LEAP-POS_QC04
chrom,237.0791473388672,pyopenms,5.1649646000005305,E:/mzsql/MTBLS10066/20220923_LEAP-POS_QC04/20220923_LEAP-POS_QC04
chrom,237.0791473388672,pyopenms_2DPeak,3.655286999884993,E:/mzsql/MTBLS10066/20220923_LEAP-POS_QC04/20220923_LEAP-POS_QC04
chrom,237.0791473388672,pymzml,8.872560700168833,E:/mzsql/MTBLS10066/20220923_LEAP-POS_QC04/20220923_LEAP-POS_QC04
chrom,237.0791473388672,mzMLb,14.237049099989235,E:/mzsql/MTBLS10066/20220923_LEAP-POS_QC04/20220923_LEAP-POS_QC04
chrom,237.0791473388672,mzDB,0.5629360999446362,E:/mzsql/MTBLS10066/20220923_LEAP-POS_QC04/20220923_LEAP-POS_QC04
chrom,237.0791473388672,MZA,11.079622799996287,E:/mzsql/MTBLS10066/20220923_LEAP-POS_QC04/20220923_LEAP-POS_QC04
chrom,237.0791473388672,mz5,20.27947479998693,E:/mzsql/MTBLS10066/20220923_LEAP-POS_QC04/20220923_LEAP-POS_QC04
chrom,237.0791473388672,MZTree,0.43885759986005723,E:/mzsql/MTBLS10066/20220923_LEAP-POS_QC04/20220923_LEAP-POS_QC04
chrom,237.0791473388672,mzMD,0.4625205001793802,E:/mzsql/MTBLS10066/20220923_LEAP-POS_QC04/20220923_LEAP-POS_QC04
chrom,237.0791473388672,SQLite,0.5182001998182386,E:/mzsql/MTBLS10066/20220923_LEAP-POS_QC04/20220923_LEAP-POS_QC04
chrom,237.0791473388672,DuckDB,0.04472870007157326,E:/mzsql/MTBLS10066/20220923_LEAP-POS_QC04/20220923_LEAP-POS_QC04
chrom,237.0791473388672,Parquet,0.149710200028494,E:/mzsql/MTBLS10066/20220923_LEAP-POS_QC04/20220923_LEAP-POS_QC04
chrom,219.1871795654297,pyteomics,15.055276300059631,E:/mzsql/MTBLS10066/20220923_LEAP-POS_QC04/20220923_LEAP-POS_QC04
chrom,219.1871795654297,pyopenms,4.469079200178385,E:/mzsql/MTBLS10066/20220923_LEAP-POS_QC04/20220923_LEAP-POS_QC04
chrom,219.1871795654297,pyopenms_2DPeak,3.828577000182122,E:/mzsql/MTBLS10066/20220923_LEAP-POS_QC04/20220923_LEAP-POS_QC04
chrom,219.1871795654297,pymzml,8.027924100169912,E:/mzsql/MTBLS10066/20220923_LEAP-POS_QC04/20220923_LEAP-POS_QC04
chrom,219.1871795654297,mzMLb,13.426740000024438,E:/mzsql/MTBLS10066/20220923_LEAP-POS_QC04/20220923_LEAP-POS_QC04
chrom,219.1871795654297,mzDB,0.5665417998097837,E:/mzsql/MTBLS10066/20220923_LEAP-POS_QC04/20220923_LEAP-POS_QC04
chrom,219.1871795654297,MZA,9.764226499944925,E:/mzsql/MTBLS10066/20220923_LEAP-POS_QC04/20220923_LEAP-POS_QC04
chrom,219.1871795654297,mz5,20.306068000150844,E:/mzsql/MTBLS10066/20220923_LEAP-POS_QC04/20220923_LEAP-POS_QC04
chrom,219.1871795654297,MZTree,0.3484507999382913,E:/mzsql/MTBLS10066/20220923_LEAP-POS_QC04/20220923_LEAP-POS_QC04
chrom,219.1871795654297,mzMD,0.45267160004004836,E:/mzsql/MTBLS10066/20220923_LEAP-POS_QC04/20220923_LEAP-POS_QC04
chrom,219.1871795654297,SQLite,0.5131232000421733,E:/mzsql/MTBLS10066/20220923_LEAP-POS_QC04/20220923_LEAP-POS_QC04
chrom,219.1871795654297,DuckDB,0.030110499821603298,E:/mzsql/MTBLS10066/20220923_LEAP-POS_QC04/20220923_LEAP-POS_QC04
chrom,219.1871795654297,Parquet,0.11537639982998371,E:/mzsql/MTBLS10066/20220923_LEAP-POS_QC04/20220923_LEAP-POS_QC04
chrom,980.2788696289062,pyteomics,15.100091599859297,E:/mzsql/MTBLS10066/20220923_LEAP-POS_QC04/20220923_LEAP-POS_QC04
chrom,980.2788696289062,pyopenms,4.572506500175223,E:/mzsql/MTBLS10066/20220923_LEAP-POS_QC04/20220923_LEAP-POS_QC04
chrom,980.2788696289062,pyopenms_2DPeak,3.7700000999029726,E:/mzsql/MTBLS10066/20220923_LEAP-POS_QC04/20220923_LEAP-POS_QC04
chrom,980.2788696289062,pymzml,7.7564497999846935,E:/mzsql/MTBLS10066/20220923_LEAP-POS_QC04/20220923_LEAP-POS_QC04
chrom,980.2788696289062,mzMLb,13.374334200052544,E:/mzsql/MTBLS10066/20220923_LEAP-POS_QC04/20220923_LEAP-POS_QC04
chrom,980.2788696289062,mzDB,1.141536199953407,E:/mzsql/MTBLS10066/20220923_LEAP-POS_QC04/20220923_LEAP-POS_QC04
chrom,980.2788696289062,MZA,9.784268000163138,E:/mzsql/MTBLS10066/20220923_LEAP-POS_QC04/20220923_LEAP-POS_QC04
chrom,980.2788696289062,mz5,20.092659200076014,E:/mzsql/MTBLS10066/20220923_LEAP-POS_QC04/20220923_LEAP-POS_QC04
chrom,980.2788696289062,MZTree,0.1266353998798877,E:/mzsql/MTBLS10066/20220923_LEAP-POS_QC04/20220923_LEAP-POS_QC04
chrom,980.2788696289062,mzMD,0.3405776999425143,E:/mzsql/MTBLS10066/20220923_LEAP-POS_QC04/20220923_LEAP-POS_QC04
chrom,980.2788696289062,SQLite,0.4849960000719875,E:/mzsql/MTBLS10066/20220923_LEAP-POS_QC04/20220923_LEAP-POS_QC04
chrom,980.2788696289062,DuckDB,0.038325499976053834,E:/mzsql/MTBLS10066/20220923_LEAP-POS_QC04/20220923_LEAP-POS_QC04
chrom,980.2788696289062,Parquet,0.1602847999893129,E:/mzsql/MTBLS10066/20220923_LEAP-POS_QC04/20220923_LEAP-POS_QC04
rtrange,12.086972,pyteomics,14.43333479994908,E:/mzsql/MTBLS10066/20220923_LEAP-POS_QC04/20220923_LEAP-POS_QC04
rtrange,12.086972,pyopenms,3.9094758999999613,E:/mzsql/MTBLS10066/20220923_LEAP-POS_QC04/20220923_LEAP-POS_QC04
rtrange,12.086972,pyopenms_2DPeak,3.7966977001633495,E:/mzsql/MTBLS10066/20220923_LEAP-POS_QC04/20220923_LEAP-POS_QC04
rtrange,12.086972,pymzml,5.605061999987811,E:/mzsql/MTBLS10066/20220923_LEAP-POS_QC04/20220923_LEAP-POS_QC04
rtrange,12.086972,mzMLb,12.692138199927285,E:/mzsql/MTBLS10066/20220923_LEAP-POS_QC04/20220923_LEAP-POS_QC04
rtrange,12.086972,mzDB,1.5117597999051213,E:/mzsql/MTBLS10066/20220923_LEAP-POS_QC04/20220923_LEAP-POS_QC04
rtrange,12.086972,MZA,0.2846412998624146,E:/mzsql/MTBLS10066/20220923_LEAP-POS_QC04/20220923_LEAP-POS_QC04
rtrange,12.086972,mz5,2.4965704998467118,E:/mzsql/MTBLS10066/20220923_LEAP-POS_QC04/20220923_LEAP-POS_QC04
rtrange,12.086972,MZTree,0.45474569988436997,E:/mzsql/MTBLS10066/20220923_LEAP-POS_QC04/20220923_LEAP-POS_QC04
rtrange,12.086972,mzMD,0.6324445998761803,E:/mzsql/MTBLS10066/20220923_LEAP-POS_QC04/20220923_LEAP-POS_QC04
rtrange,12.086972,SQLite,0.5610054999124259,E:/mzsql/MTBLS10066/20220923_LEAP-POS_QC04/20220923_LEAP-POS_QC04
rtrange,12.086972,DuckDB,0.02540449984371662,E:/mzsql/MTBLS10066/20220923_LEAP-POS_QC04/20220923_LEAP-POS_QC04
rtrange,12.086972,Parquet,0.09063999983482063,E:/mzsql/MTBLS10066/20220923_LEAP-POS_QC04/20220923_LEAP-POS_QC04
rtrange,5.1986495,pyteomics,14.432314899982885,E:/mzsql/MTBLS10066/20220923_LEAP-POS_QC04/20220923_LEAP-POS_QC04
rtrange,5.1986495,pyopenms,3.799028600100428,E:/mzsql/MTBLS10066/20220923_LEAP-POS_QC04/20220923_LEAP-POS_QC04
rtrange,5.1986495,pyopenms_2DPeak,3.737164899939671,E:/mzsql/MTBLS10066/20220923_LEAP-POS_QC04/20220923_LEAP-POS_QC04
rtrange,5.1986495,pymzml,5.307344000088051,E:/mzsql/MTBLS10066/20220923_LEAP-POS_QC04/20220923_LEAP-POS_QC04
rtrange,5.1986495,mzMLb,12.689324700040743,E:/mzsql/MTBLS10066/20220923_LEAP-POS_QC04/20220923_LEAP-POS_QC04
rtrange,5.1986495,mzDB,3.587241099914536,E:/mzsql/MTBLS10066/20220923_LEAP-POS_QC04/20220923_LEAP-POS_QC04
rtrange,5.1986495,MZA,0.8300436001736671,E:/mzsql/MTBLS10066/20220923_LEAP-POS_QC04/20220923_LEAP-POS_QC04
rtrange,5.1986495,mz5,2.459422699874267,E:/mzsql/MTBLS10066/20220923_LEAP-POS_QC04/20220923_LEAP-POS_QC04
rtrange,5.1986495,MZTree,0.9725278001278639,E:/mzsql/MTBLS10066/20220923_LEAP-POS_QC04/20220923_LEAP-POS_QC04
rtrange,5.1986495,mzMD,0.8187386998906732,E:/mzsql/MTBLS10066/20220923_LEAP-POS_QC04/20220923_LEAP-POS_QC04
rtrange,5.1986495,SQLite,0.7070331999566406,E:/mzsql/MTBLS10066/20220923_LEAP-POS_QC04/20220923_LEAP-POS_QC04
rtrange,5.1986495,DuckDB,0.03566520009189844,E:/mzsql/MTBLS10066/20220923_LEAP-POS_QC04/20220923_LEAP-POS_QC04
rtrange,5.1986495,Parquet,0.09554250002838671,E:/mzsql/MTBLS10066/20220923_LEAP-POS_QC04/20220923_LEAP-POS_QC04
rtrange,6.3637501,pyteomics,14.34341900004074,E:/mzsql/MTBLS10066/20220923_LEAP-POS_QC04/20220923_LEAP-POS_QC04
rtrange,6.3637501,pyopenms,3.7713052998296916,E:/mzsql/MTBLS10066/20220923_LEAP-POS_QC04/20220923_LEAP-POS_QC04
rtrange,6.3637501,pyopenms_2DPeak,3.776001200079918,E:/mzsql/MTBLS10066/20220923_LEAP-POS_QC04/20220923_LEAP-POS_QC04
rtrange,6.3637501,pymzml,5.326490999897942,E:/mzsql/MTBLS10066/20220923_LEAP-POS_QC04/20220923_LEAP-POS_QC04
rtrange,6.3637501,mzMLb,12.704764199908823,E:/mzsql/MTBLS10066/20220923_LEAP-POS_QC04/20220923_LEAP-POS_QC04
rtrange,6.3637501,mzDB,2.024768900126219,E:/mzsql/MTBLS10066/20220923_LEAP-POS_QC04/20220923_LEAP-POS_QC04
rtrange,6.3637501,MZA,0.6822073000948876,E:/mzsql/MTBLS10066/20220923_LEAP-POS_QC04/20220923_LEAP-POS_QC04
rtrange,6.3637501,mz5,2.460677099879831,E:/mzsql/MTBLS10066/20220923_LEAP-POS_QC04/20220923_LEAP-POS_QC04
rtrange,6.3637501,MZTree,0.4663241000380367,E:/mzsql/MTBLS10066/20220923_LEAP-POS_QC04/20220923_LEAP-POS_QC04
rtrange,6.3637501,mzMD,0.7627556999213994,E:/mzsql/MTBLS10066/20220923_LEAP-POS_QC04/20220923_LEAP-POS_QC04
rtrange,6.3637501,SQLite,0.6779930999036878,E:/mzsql/MTBLS10066/20220923_LEAP-POS_QC04/20220923_LEAP-POS_QC04
rtrange,6.3637501,DuckDB,0.03356659994460642,E:/mzsql/MTBLS10066/20220923_LEAP-POS_QC04/20220923_LEAP-POS_QC04
rtrange,6.3637501,Parquet,0.09225340001285076,E:/mzsql/MTBLS10066/20220923_LEAP-POS_QC04/20220923_LEAP-POS_QC04
rtrange,7.405009,pyteomics,14.373263099929318,E:/mzsql/MTBLS10066/20220923_LEAP-POS_QC04/20220923_LEAP-POS_QC04
rtrange,7.405009,pyopenms,3.7738360001239926,E:/mzsql/MTBLS10066/20220923_LEAP-POS_QC04/20220923_LEAP-POS_QC04
rtrange,7.405009,pyopenms_2DPeak,3.702802099986002,E:/mzsql/MTBLS10066/20220923_LEAP-POS_QC04/20220923_LEAP-POS_QC04
rtrange,7.405009,pymzml,5.470543300034478,E:/mzsql/MTBLS10066/20220923_LEAP-POS_QC04/20220923_LEAP-POS_QC04
rtrange,7.405009,mzMLb,12.98276299983263,E:/mzsql/MTBLS10066/20220923_LEAP-POS_QC04/20220923_LEAP-POS_QC04
rtrange,7.405009,mzDB,2.879651799798012,E:/mzsql/MTBLS10066/20220923_LEAP-POS_QC04/20220923_LEAP-POS_QC04
rtrange,7.405009,MZA,0.37498870003037155,E:/mzsql/MTBLS10066/20220923_LEAP-POS_QC04/20220923_LEAP-POS_QC04
rtrange,7.405009,mz5,2.2776144999079406,E:/mzsql/MTBLS10066/20220923_LEAP-POS_QC04/20220923_LEAP-POS_QC04
rtrange,7.405009,MZTree,0.13962420006282628,E:/mzsql/MTBLS10066/20220923_LEAP-POS_QC04/20220923_LEAP-POS_QC04
rtrange,7.405009,mzMD,0.6954252000432462,E:/mzsql/MTBLS10066/20220923_LEAP-POS_QC04/20220923_LEAP-POS_QC04
rtrange,7.405009,SQLite,0.622415600111708,E:/mzsql/MTBLS10066/20220923_LEAP-POS_QC04/20220923_LEAP-POS_QC04
rtrange,7.405009,DuckDB,0.027642900124192238,E:/mzsql/MTBLS10066/20220923_LEAP-POS_QC04/20220923_LEAP-POS_QC04
rtrange,7.405009,Parquet,0.09156459989026189,E:/mzsql/MTBLS10066/20220923_LEAP-POS_QC04/20220923_LEAP-POS_QC04
rtrange,3.5547862,pyteomics,14.264318000059575,E:/mzsql/MTBLS10066/20220923_LEAP-POS_QC04/20220923_LEAP-POS_QC04
rtrange,3.5547862,pyopenms,3.8005870999768376,E:/mzsql/MTBLS10066/20220923_LEAP-POS_QC04/20220923_LEAP-POS_QC04
rtrange,3.5547862,pyopenms_2DPeak,3.7168121999129653,E:/mzsql/MTBLS10066/20220923_LEAP-POS_QC04/20220923_LEAP-POS_QC04
rtrange,3.5547862,pymzml,5.434470100095496,E:/mzsql/MTBLS10066/20220923_LEAP-POS_QC04/20220923_LEAP-POS_QC04
rtrange,3.5547862,mzMLb,12.699217200046405,E:/mzsql/MTBLS10066/20220923_LEAP-POS_QC04/20220923_LEAP-POS_QC04
rtrange,3.5547862,mzDB,2.4205787999089807,E:/mzsql/MTBLS10066/20220923_LEAP-POS_QC04/20220923_LEAP-POS_QC04
rtrange,3.5547862,MZA,0.9231787000317127,E:/mzsql/MTBLS10066/20220923_LEAP-POS_QC04/20220923_LEAP-POS_QC04
rtrange,3.5547862,mz5,2.4643612999934703,E:/mzsql/MTBLS10066/20220923_LEAP-POS_QC04/20220923_LEAP-POS_QC04
rtrange,3.5547862,MZTree,0.819706300040707,E:/mzsql/MTBLS10066/20220923_LEAP-POS_QC04/20220923_LEAP-POS_QC04
rtrange,3.5547862,mzMD,0.8452333000022918,E:/mzsql/MTBLS10066/20220923_LEAP-POS_QC04/20220923_LEAP-POS_QC04
rtrange,3.5547862,SQLite,0.7197994999587536,E:/mzsql/MTBLS10066/20220923_LEAP-POS_QC04/20220923_LEAP-POS_QC04
rtrange,3.5547862,DuckDB,0.03672449989244342,E:/mzsql/MTBLS10066/20220923_LEAP-POS_QC04/20220923_LEAP-POS_QC04
rtrange,3.5547862,Parquet,0.09349930007010698,E:/mzsql/MTBLS10066/20220923_LEAP-POS_QC04/20220923_LEAP-POS_QC04
rtrange,11.081534,pyteomics,14.33629190013744,E:/mzsql/MTBLS10066/20220923_LEAP-POS_QC04/20220923_LEAP-POS_QC04
rtrange,11.081534,pyopenms,3.7755183998961,E:/mzsql/MTBLS10066/20220923_LEAP-POS_QC04/20220923_LEAP-POS_QC04
rtrange,11.081534,pyopenms_2DPeak,3.7205425000283867,E:/mzsql/MTBLS10066/20220923_LEAP-POS_QC04/20220923_LEAP-POS_QC04
rtrange,11.081534,pymzml,5.426453000167385,E:/mzsql/MTBLS10066/20220923_LEAP-POS_QC04/20220923_LEAP-POS_QC04
rtrange,11.081534,mzMLb,12.708981400122866,E:/mzsql/MTBLS10066/20220923_LEAP-POS_QC04/20220923_LEAP-POS_QC04
rtrange,11.081534,mzDB,5.817202600184828,E:/mzsql/MTBLS10066/20220923_LEAP-POS_QC04/20220923_LEAP-POS_QC04
rtrange,11.081534,MZA,1.1611583998892456,E:/mzsql/MTBLS10066/20220923_LEAP-POS_QC04/20220923_LEAP-POS_QC04
rtrange,11.081534,mz5,2.5851641001645476,E:/mzsql/MTBLS10066/20220923_LEAP-POS_QC04/20220923_LEAP-POS_QC04
rtrange,11.081534,MZTree,0.37545259995386004,E:/mzsql/MTBLS10066/20220923_LEAP-POS_QC04/20220923_LEAP-POS_QC04
rtrange,11.081534,mzMD,0.8678439001087099,E:/mzsql/MTBLS10066/20220923_LEAP-POS_QC04/20220923_LEAP-POS_QC04
rtrange,11.081534,SQLite,0.702759699895978,E:/mzsql/MTBLS10066/20220923_LEAP-POS_QC04/20220923_LEAP-POS_QC04
rtrange,11.081534,DuckDB,0.03742279997095466,E:/mzsql/MTBLS10066/20220923_LEAP-POS_QC04/20220923_LEAP-POS_QC04
rtrange,11.081534,Parquet,0.09339679987169802,E:/mzsql/MTBLS10066/20220923_LEAP-POS_QC04/20220923_LEAP-POS_QC04
rtrange,8.9294429,pyteomics,14.30210700002499,E:/mzsql/MTBLS10066/20220923_LEAP-POS_QC04/20220923_LEAP-POS_QC04
rtrange,8.9294429,pyopenms,3.820514699909836,E:/mzsql/MTBLS10066/20220923_LEAP-POS_QC04/20220923_LEAP-POS_QC04
rtrange,8.9294429,pyopenms_2DPeak,3.6433168000075966,E:/mzsql/MTBLS10066/20220923_LEAP-POS_QC04/20220923_LEAP-POS_QC04
rtrange,8.9294429,pymzml,5.357632099883631,E:/mzsql/MTBLS10066/20220923_LEAP-POS_QC04/20220923_LEAP-POS_QC04
rtrange,8.9294429,mzMLb,12.705417199991643,E:/mzsql/MTBLS10066/20220923_LEAP-POS_QC04/20220923_LEAP-POS_QC04
rtrange,8.9294429,mzDB,8.057111700065434,E:/mzsql/MTBLS10066/20220923_LEAP-POS_QC04/20220923_LEAP-POS_QC04
rtrange,8.9294429,MZA,1.0321504001040012,E:/mzsql/MTBLS10066/20220923_LEAP-POS_QC04/20220923_LEAP-POS_QC04
rtrange,8.9294429,mz5,2.5372512000612915,E:/mzsql/MTBLS10066/20220923_LEAP-POS_QC04/20220923_LEAP-POS_QC04
rtrange,8.9294429,MZTree,0.6034635999239981,E:/mzsql/MTBLS10066/20220923_LEAP-POS_QC04/20220923_LEAP-POS_QC04
rtrange,8.9294429,mzMD,0.8538455998059362,E:/mzsql/MTBLS10066/20220923_LEAP-POS_QC04/20220923_LEAP-POS_QC04
rtrange,8.9294429,SQLite,0.7063375997822732,E:/mzsql/MTBLS10066/20220923_LEAP-POS_QC04/20220923_LEAP-POS_QC04
rtrange,8.9294429,DuckDB,0.0436258998233825,E:/mzsql/MTBLS10066/20220923_LEAP-POS_QC04/20220923_LEAP-POS_QC04
rtrange,8.9294429,Parquet,0.09339429996907711,E:/mzsql/MTBLS10066/20220923_LEAP-POS_QC04/20220923_LEAP-POS_QC04
rtrange,2.528971,pyteomics,14.444521700032055,E:/mzsql/MTBLS10066/20220923_LEAP-POS_QC04/20220923_LEAP-POS_QC04
rtrange,2.528971,pyopenms,3.764697999926284,E:/mzsql/MTBLS10066/20220923_LEAP-POS_QC04/20220923_LEAP-POS_QC04
rtrange,2.528971,pyopenms_2DPeak,3.5969992000609636,E:/mzsql/MTBLS10066/20220923_LEAP-POS_QC04/20220923_LEAP-POS_QC04
rtrange,2.528971,pymzml,5.487107100198045,E:/mzsql/MTBLS10066/20220923_LEAP-POS_QC04/20220923_LEAP-POS_QC04
rtrange,2.528971,mzMLb,12.833098900038749,E:/mzsql/MTBLS10066/20220923_LEAP-POS_QC04/20220923_LEAP-POS_QC04
rtrange,2.528971,mzDB,4.758158900076523,E:/mzsql/MTBLS10066/20220923_LEAP-POS_QC04/20220923_LEAP-POS_QC04
rtrange,2.528971,MZA,1.801873299991712,E:/mzsql/MTBLS10066/20220923_LEAP-POS_QC04/20220923_LEAP-POS_QC04
rtrange,2.528971,mz5,2.440676199970767,E:/mzsql/MTBLS10066/20220923_LEAP-POS_QC04/20220923_LEAP-POS_QC04
rtrange,2.528971,MZTree,1.3234287998639047,E:/mzsql/MTBLS10066/20220923_LEAP-POS_QC04/20220923_LEAP-POS_QC04
rtrange,2.528971,mzMD,1.1358435000292957,E:/mzsql/MTBLS10066/20220923_LEAP-POS_QC04/20220923_LEAP-POS_QC04
rtrange,2.528971,SQLite,0.9015661000739783,E:/mzsql/MTBLS10066/20220923_LEAP-POS_QC04/20220923_LEAP-POS_QC04
rtrange,2.528971,DuckDB,0.05176190007477999,E:/mzsql/MTBLS10066/20220923_LEAP-POS_QC04/20220923_LEAP-POS_QC04
rtrange,2.528971,Parquet,0.09562370018102229,E:/mzsql/MTBLS10066/20220923_LEAP-POS_QC04/20220923_LEAP-POS_QC04
rtrange,1.2896954,pyteomics,14.208178999833763,E:/mzsql/MTBLS10066/20220923_LEAP-POS_QC04/20220923_LEAP-POS_QC04
rtrange,1.2896954,pyopenms,3.885451100068167,E:/mzsql/MTBLS10066/20220923_LEAP-POS_QC04/20220923_LEAP-POS_QC04
rtrange,1.2896954,pyopenms_2DPeak,3.7862933999858797,E:/mzsql/MTBLS10066/20220923_LEAP-POS_QC04/20220923_LEAP-POS_QC04
rtrange,1.2896954,pymzml,5.687290200032294,E:/mzsql/MTBLS10066/20220923_LEAP-POS_QC04/20220923_LEAP-POS_QC04
rtrange,1.2896954,mzMLb,12.69249050016515,E:/mzsql/MTBLS10066/20220923_LEAP-POS_QC04/20220923_LEAP-POS_QC04
rtrange,1.2896954,mzDB,4.983664799947292,E:/mzsql/MTBLS10066/20220923_LEAP-POS_QC04/20220923_LEAP-POS_QC04
rtrange,1.2896954,MZA,1.7103054001927376,E:/mzsql/MTBLS10066/20220923_LEAP-POS_QC04/20220923_LEAP-POS_QC04
rtrange,1.2896954,mz5,2.3972983001731336,E:/mzsql/MTBLS10066/20220923_LEAP-POS_QC04/20220923_LEAP-POS_QC04
rtrange,1.2896954,MZTree,1.2013633998576552,E:/mzsql/MTBLS10066/20220923_LEAP-POS_QC04/20220923_LEAP-POS_QC04
rtrange,1.2896954,mzMD,1.2145549999549985,E:/mzsql/MTBLS10066/20220923_LEAP-POS_QC04/20220923_LEAP-POS_QC04
rtrange,1.2896954,SQLite,0.9584123999811709,E:/mzsql/MTBLS10066/20220923_LEAP-POS_QC04/20220923_LEAP-POS_QC04
rtrange,1.2896954,DuckDB,0.05516429990530014,E:/mzsql/MTBLS10066/20220923_LEAP-POS_QC04/20220923_LEAP-POS_QC04
rtrange,1.2896954,Parquet,0.09801959991455078,E:/mzsql/MTBLS10066/20220923_LEAP-POS_QC04/20220923_LEAP-POS_QC04
rtrange,9.9295288,pyteomics,14.335698399925604,E:/mzsql/MTBLS10066/20220923_LEAP-POS_QC04/20220923_LEAP-POS_QC04
rtrange,9.9295288,pyopenms,3.7831016001291573,E:/mzsql/MTBLS10066/20220923_LEAP-POS_QC04/20220923_LEAP-POS_QC04
rtrange,9.9295288,pyopenms_2DPeak,3.65162150003016,E:/mzsql/MTBLS10066/20220923_LEAP-POS_QC04/20220923_LEAP-POS_QC04
rtrange,9.9295288,pymzml,5.4171464999672025,E:/mzsql/MTBLS10066/20220923_LEAP-POS_QC04/20220923_LEAP-POS_QC04
rtrange,9.9295288,mzMLb,12.75125960004516,E:/mzsql/MTBLS10066/20220923_LEAP-POS_QC04/20220923_LEAP-POS_QC04
rtrange,9.9295288,mzDB,9.164050200022757,E:/mzsql/MTBLS10066/20220923_LEAP-POS_QC04/20220923_LEAP-POS_QC04
rtrange,9.9295288,MZA,1.6907355000730604,E:/mzsql/MTBLS10066/20220923_LEAP-POS_QC04/20220923_LEAP-POS_QC04
rtrange,9.9295288,mz5,2.522514400072396,E:/mzsql/MTBLS10066/20220923_LEAP-POS_QC04/20220923_LEAP-POS_QC04
rtrange,9.9295288,MZTree,1.071807499974966,E:/mzsql/MTBLS10066/20220923_LEAP-POS_QC04/20220923_LEAP-POS_QC04
rtrange,9.9295288,mzMD,1.0461468999274075,E:/mzsql/MTBLS10066/20220923_LEAP-POS_QC04/20220923_LEAP-POS_QC04
rtrange,9.9295288,SQLite,0.8172188000753522,E:/mzsql/MTBLS10066/20220923_LEAP-POS_QC04/20220923_LEAP-POS_QC04
rtrange,9.9295288,DuckDB,0.047294999938458204,E:/mzsql/MTBLS10066/20220923_LEAP-POS_QC04/20220923_LEAP-POS_QC04
rtrange,9.9295288,Parquet,0.09612430003471673,E:/mzsql/MTBLS10066/20220923_LEAP-POS_QC04/20220923_LEAP-POS_QC04
ms2_spec,2213,pyteomics,3.665052500087768,E:/mzsql/MTBLS10066/20220923_LEAP-POS_QC04/20220923_LEAP-POS_QC04
ms2_spec,2213,pyopenms,3.714814000064507,E:/mzsql/MTBLS10066/20220923_LEAP-POS_QC04/20220923_LEAP-POS_QC04
ms2_spec,2213,pymzml,0.0915161999873817,E:/mzsql/MTBLS10066/20220923_LEAP-POS_QC04/20220923_LEAP-POS_QC04
ms2_spec,2213,mzMLb,3.3478496000170708,E:/mzsql/MTBLS10066/20220923_LEAP-POS_QC04/20220923_LEAP-POS_QC04
ms2_spec,2213,mzDB,1.0288025001063943,E:/mzsql/MTBLS10066/20220923_LEAP-POS_QC04/20220923_LEAP-POS_QC04
ms2_spec,2213,MZA,0.00224879989400506,E:/mzsql/MTBLS10066/20220923_LEAP-POS_QC04/20220923_LEAP-POS_QC04
ms2_spec,2213,mz5,0.08786490000784397,E:/mzsql/MTBLS10066/20220923_LEAP-POS_QC04/20220923_LEAP-POS_QC04
ms2_spec,2213,SQLite,0.40913370018824935,E:/mzsql/MTBLS10066/20220923_LEAP-POS_QC04/20220923_LEAP-POS_QC04
ms2_spec,2213,DuckDB,0.026869499823078513,E:/mzsql/MTBLS10066/20220923_LEAP-POS_QC04/20220923_LEAP-POS_QC04
ms2_spec,2213,Parquet,0.12899910006672144,E:/mzsql/MTBLS10066/20220923_LEAP-POS_QC04/20220923_LEAP-POS_QC04
ms2_spec,5525,pyteomics,7.931819599820301,E:/mzsql/MTBLS10066/20220923_LEAP-POS_QC04/20220923_LEAP-POS_QC04
ms2_spec,5525,pyopenms,3.7594165999908,E:/mzsql/MTBLS10066/20220923_LEAP-POS_QC04/20220923_LEAP-POS_QC04
ms2_spec,5525,pymzml,0.08821920002810657,E:/mzsql/MTBLS10066/20220923_LEAP-POS_QC04/20220923_LEAP-POS_QC04
ms2_spec,5525,mzMLb,8.63759099994786,E:/mzsql/MTBLS10066/20220923_LEAP-POS_QC04/20220923_LEAP-POS_QC04
ms2_spec,5525,mzDB,3.051062700105831,E:/mzsql/MTBLS10066/20220923_LEAP-POS_QC04/20220923_LEAP-POS_QC04
ms2_spec,5525,MZA,0.0020119999535381794,E:/mzsql/MTBLS10066/20220923_LEAP-POS_QC04/20220923_LEAP-POS_QC04
ms2_spec,5525,mz5,0.08549939980730414,E:/mzsql/MTBLS10066/20220923_LEAP-POS_QC04/20220923_LEAP-POS_QC04
ms2_spec,5525,SQLite,0.40300099994055927,E:/mzsql/MTBLS10066/20220923_LEAP-POS_QC04/20220923_LEAP-POS_QC04
ms2_spec,5525,DuckDB,0.0197628999594599,E:/mzsql/MTBLS10066/20220923_LEAP-POS_QC04/20220923_LEAP-POS_QC04
ms2_spec,5525,Parquet,0.09670570003800094,E:/mzsql/MTBLS10066/20220923_LEAP-POS_QC04/20220923_LEAP-POS_QC04
ms2_spec,9191,pyteomics,12.203168099978939,E:/mzsql/MTBLS10066/20220923_LEAP-POS_QC04/20220923_LEAP-POS_QC04
ms2_spec,9191,pyopenms,3.720265100011602,E:/mzsql/MTBLS10066/20220923_LEAP-POS_QC04/20220923_LEAP-POS_QC04
ms2_spec,9191,pymzml,0.08043229999020696,E:/mzsql/MTBLS10066/20220923_LEAP-POS_QC04/20220923_LEAP-POS_QC04
ms2_spec,9191,mzMLb,14.24645769991912,E:/mzsql/MTBLS10066/20220923_LEAP-POS_QC04/20220923_LEAP-POS_QC04
ms2_spec,9191,mzDB,1.9460817999206483,E:/mzsql/MTBLS10066/20220923_LEAP-POS_QC04/20220923_LEAP-POS_QC04
ms2_spec,9191,MZA,0.002484999829903245,E:/mzsql/MTBLS10066/20220923_LEAP-POS_QC04/20220923_LEAP-POS_QC04
ms2_spec,9191,mz5,0.09023929992690682,E:/mzsql/MTBLS10066/20220923_LEAP-POS_QC04/20220923_LEAP-POS_QC04
ms2_spec,9191,SQLite,0.41127919987775385,E:/mzsql/MTBLS10066/20220923_LEAP-POS_QC04/20220923_LEAP-POS_QC04
ms2_spec,9191,DuckDB,0.026019899873062968,E:/mzsql/MTBLS10066/20220923_LEAP-POS_QC04/20220923_LEAP-POS_QC04
ms2_spec,9191,Parquet,0.08101719990372658,E:/mzsql/MTBLS10066/20220923_LEAP-POS_QC04/20220923_LEAP-POS_QC04
ms2_spec,5469,pyteomics,7.976244400022551,E:/mzsql/MTBLS10066/20220923_LEAP-POS_QC04/20220923_LEAP-POS_QC04
ms2_spec,5469,pyopenms,3.664275399874896,E:/mzsql/MTBLS10066/20220923_LEAP-POS_QC04/20220923_LEAP-POS_QC04
ms2_spec,5469,pymzml,0.08066400000825524,E:/mzsql/MTBLS10066/20220923_LEAP-POS_QC04/20220923_LEAP-POS_QC04
ms2_spec,5469,mzMLb,8.279006000142545,E:/mzsql/MTBLS10066/20220923_LEAP-POS_QC04/20220923_LEAP-POS_QC04
ms2_spec,5469,mzDB,2.8671724998857826,E:/mzsql/MTBLS10066/20220923_LEAP-POS_QC04/20220923_LEAP-POS_QC04
ms2_spec,5469,MZA,0.0020103000570088625,E:/mzsql/MTBLS10066/20220923_LEAP-POS_QC04/20220923_LEAP-POS_QC04
ms2_spec,5469,mz5,0.08984280005097389,E:/mzsql/MTBLS10066/20220923_LEAP-POS_QC04/20220923_LEAP-POS_QC04
ms2_spec,5469,SQLite,0.4019681999925524,E:/mzsql/MTBLS10066/20220923_LEAP-POS_QC04/20220923_LEAP-POS_QC04
ms2_spec,5469,DuckDB,0.02065479988232255,E:/mzsql/MTBLS10066/20220923_LEAP-POS_QC04/20220923_LEAP-POS_QC04
ms2_spec,5469,Parquet,0.10648740013130009,E:/mzsql/MTBLS10066/20220923_LEAP-POS_QC04/20220923_LEAP-POS_QC04
ms2_spec,4017,pyteomics,6.083949499996379,E:/mzsql/MTBLS10066/20220923_LEAP-POS_QC04/20220923_LEAP-POS_QC04
ms2_spec,4017,pyopenms,3.7133394998963922,E:/mzsql/MTBLS10066/20220923_LEAP-POS_QC04/20220923_LEAP-POS_QC04
ms2_spec,4017,pymzml,0.0907443999312818,E:/mzsql/MTBLS10066/20220923_LEAP-POS_QC04/20220923_LEAP-POS_QC04
ms2_spec,4017,mzMLb,6.354307600064203,E:/mzsql/MTBLS10066/20220923_LEAP-POS_QC04/20220923_LEAP-POS_QC04
ms2_spec,4017,mzDB,0.8735815000254661,E:/mzsql/MTBLS10066/20220923_LEAP-POS_QC04/20220923_LEAP-POS_QC04
ms2_spec,4017,MZA,0.0022420999594032764,E:/mzsql/MTBLS10066/20220923_LEAP-POS_QC04/20220923_LEAP-POS_QC04
ms2_spec,4017,mz5,0.08666209992952645,E:/mzsql/MTBLS10066/20220923_LEAP-POS_QC04/20220923_LEAP-POS_QC04
ms2_spec,4017,SQLite,0.4149687001481652,E:/mzsql/MTBLS10066/20220923_LEAP-POS_QC04/20220923_LEAP-POS_QC04
ms2_spec,4017,DuckDB,0.0254700998775661,E:/mzsql/MTBLS10066/20220923_LEAP-POS_QC04/20220923_LEAP-POS_QC04
ms2_spec,4017,Parquet,0.11652450007386506,E:/mzsql/MTBLS10066/20220923_LEAP-POS_QC04/20220923_LEAP-POS_QC04
ms2_spec,2684,pyteomics,4.2006147999782115,E:/mzsql/MTBLS10066/20220923_LEAP-POS_QC04/20220923_LEAP-POS_QC04
ms2_spec,2684,pyopenms,3.6556869000196457,E:/mzsql/MTBLS10066/20220923_LEAP-POS_QC04/20220923_LEAP-POS_QC04
ms2_spec,2684,pymzml,0.0831587000284344,E:/mzsql/MTBLS10066/20220923_LEAP-POS_QC04/20220923_LEAP-POS_QC04
ms2_spec,2684,mzMLb,4.102518699830398,E:/mzsql/MTBLS10066/20220923_LEAP-POS_QC04/20220923_LEAP-POS_QC04
ms2_spec,2684,mzDB,0.06100380001589656,E:/mzsql/MTBLS10066/20220923_LEAP-POS_QC04/20220923_LEAP-POS_QC04
ms2_spec,2684,MZA,0.0023117000237107277,E:/mzsql/MTBLS10066/20220923_LEAP-POS_QC04/20220923_LEAP-POS_QC04
ms2_spec,2684,mz5,0.09783630003221333,E:/mzsql/MTBLS10066/20220923_LEAP-POS_QC04/20220923_LEAP-POS_QC04
ms2_spec,2684,SQLite,0.4458268000744283,E:/mzsql/MTBLS10066/20220923_LEAP-POS_QC04/20220923_LEAP-POS_QC04
ms2_spec,2684,DuckDB,0.02221240010112524,E:/mzsql/MTBLS10066/20220923_LEAP-POS_QC04/20220923_LEAP-POS_QC04
ms2_spec,2684,Parquet,0.10757749993354082,E:/mzsql/MTBLS10066/20220923_LEAP-POS_QC04/20220923_LEAP-POS_QC04
ms2_spec,28,pyteomics,0.8149105999618769,E:/mzsql/MTBLS10066/20220923_LEAP-POS_QC04/20220923_LEAP-POS_QC04
ms2_spec,28,pyopenms,3.682047500042245,E:/mzsql/MTBLS10066/20220923_LEAP-POS_QC04/20220923_LEAP-POS_QC04
ms2_spec,28,pymzml,0.08644310012459755,E:/mzsql/MTBLS10066/20220923_LEAP-POS_QC04/20220923_LEAP-POS_QC04
ms2_spec,28,mzMLb,0.15631269989535213,E:/mzsql/MTBLS10066/20220923_LEAP-POS_QC04/20220923_LEAP-POS_QC04
ms2_spec,28,mzDB,2.536599699873477,E:/mzsql/MTBLS10066/20220923_LEAP-POS_QC04/20220923_LEAP-POS_QC04
ms2_spec,28,MZA,0.0019111000001430511,E:/mzsql/MTBLS10066/20220923_LEAP-POS_QC04/20220923_LEAP-POS_QC04
ms2_spec,28,mz5,0.08541159983724356,E:/mzsql/MTBLS10066/20220923_LEAP-POS_QC04/20220923_LEAP-POS_QC04
ms2_spec,28,SQLite,0.3929769000969827,E:/mzsql/MTBLS10066/20220923_LEAP-POS_QC04/20220923_LEAP-POS_QC04
ms2_spec,28,DuckDB,0.018877000082284212,E:/mzsql/MTBLS10066/20220923_LEAP-POS_QC04/20220923_LEAP-POS_QC04
ms2_spec,28,Parquet,0.08480289997532964,E:/mzsql/MTBLS10066/20220923_LEAP-POS_QC04/20220923_LEAP-POS_QC04
ms2_spec,7148,pyteomics,9.805310999974608,E:/mzsql/MTBLS10066/20220923_LEAP-POS_QC04/20220923_LEAP-POS_QC04
ms2_spec,7148,pyopenms,3.686608500080183,E:/mzsql/MTBLS10066/20220923_LEAP-POS_QC04/20220923_LEAP-POS_QC04
ms2_spec,7148,pymzml,0.08134180004708469,E:/mzsql/MTBLS10066/20220923_LEAP-POS_QC04/20220923_LEAP-POS_QC04
ms2_spec,7148,mzMLb,10.8182060001418,E:/mzsql/MTBLS10066/20220923_LEAP-POS_QC04/20220923_LEAP-POS_QC04
ms2_spec,7148,mzDB,0.05634570005349815,E:/mzsql/MTBLS10066/20220923_LEAP-POS_QC04/20220923_LEAP-POS_QC04
ms2_spec,7148,MZA,0.002002200111746788,E:/mzsql/MTBLS10066/20220923_LEAP-POS_QC04/20220923_LEAP-POS_QC04
ms2_spec,7148,mz5,0.08600919996388257,E:/mzsql/MTBLS10066/20220923_LEAP-POS_QC04/20220923_LEAP-POS_QC04
ms2_spec,7148,SQLite,0.39634790015406907,E:/mzsql/MTBLS10066/20220923_LEAP-POS_QC04/20220923_LEAP-POS_QC04
ms2_spec,7148,DuckDB,0.01930970000103116,E:/mzsql/MTBLS10066/20220923_LEAP-POS_QC04/20220923_LEAP-POS_QC04
ms2_spec,7148,Parquet,0.0967389999423176,E:/mzsql/MTBLS10066/20220923_LEAP-POS_QC04/20220923_LEAP-POS_QC04
ms2_spec,1436,pyteomics,2.359269800130278,E:/mzsql/MTBLS10066/20220923_LEAP-POS_QC04/20220923_LEAP-POS_QC04
ms2_spec,1436,pyopenms,3.6192193999886513,E:/mzsql/MTBLS10066/20220923_LEAP-POS_QC04/20220923_LEAP-POS_QC04
ms2_spec,1436,pymzml,0.08233379991725087,E:/mzsql/MTBLS10066/20220923_LEAP-POS_QC04/20220923_LEAP-POS_QC04
ms2_spec,1436,mzMLb,2.046260799979791,E:/mzsql/MTBLS10066/20220923_LEAP-POS_QC04/20220923_LEAP-POS_QC04
ms2_spec,1436,mzDB,2.1428096001036465,E:/mzsql/MTBLS10066/20220923_LEAP-POS_QC04/20220923_LEAP-POS_QC04
ms2_spec,1436,MZA,0.0019459000322967768,E:/mzsql/MTBLS10066/20220923_LEAP-POS_QC04/20220923_LEAP-POS_QC04
ms2_spec,1436,mz5,0.08630319987423718,E:/mzsql/MTBLS10066/20220923_LEAP-POS_QC04/20220923_LEAP-POS_QC04
ms2_spec,1436,SQLite,0.4017092001158744,E:/mzsql/MTBLS10066/20220923_LEAP-POS_QC04/20220923_LEAP-POS_QC04
ms2_spec,1436,DuckDB,0.0202651999425143,E:/mzsql/MTBLS10066/20220923_LEAP-POS_QC04/20220923_LEAP-POS_QC04
ms2_spec,1436,Parquet,0.09865579986944795,E:/mzsql/MTBLS10066/20220923_LEAP-POS_QC04/20220923_LEAP-POS_QC04
ms2_spec,9792,pyteomics,12.83051580004394,E:/mzsql/MTBLS10066/20220923_LEAP-POS_QC04/20220923_LEAP-POS_QC04
ms2_spec,9792,pyopenms,3.745192800182849,E:/mzsql/MTBLS10066/20220923_LEAP-POS_QC04/20220923_LEAP-POS_QC04
ms2_spec,9792,pymzml,0.08193250000476837,E:/mzsql/MTBLS10066/20220923_LEAP-POS_QC04/20220923_LEAP-POS_QC04
ms2_spec,9792,mzMLb,14.67163349990733,E:/mzsql/MTBLS10066/20220923_LEAP-POS_QC04/20220923_LEAP-POS_QC04
ms2_spec,9792,mzDB,2.1268845999147743,E:/mzsql/MTBLS10066/20220923_LEAP-POS_QC04/20220923_LEAP-POS_QC04
ms2_spec,9792,MZA,0.002060399856418371,E:/mzsql/MTBLS10066/20220923_LEAP-POS_QC04/20220923_LEAP-POS_QC04
ms2_spec,9792,mz5,0.08579579996876419,E:/mzsql/MTBLS10066/20220923_LEAP-POS_QC04/20220923_LEAP-POS_QC04
ms2_spec,9792,SQLite,0.400205799844116,E:/mzsql/MTBLS10066/20220923_LEAP-POS_QC04/20220923_LEAP-POS_QC04
ms2_spec,9792,DuckDB,0.019497500034049153,E:/mzsql/MTBLS10066/20220923_LEAP-POS_QC04/20220923_LEAP-POS_QC04
ms2_spec,9792,Parquet,0.07087810011580586,E:/mzsql/MTBLS10066/20220923_LEAP-POS_QC04/20220923_LEAP-POS_QC04
premz,391.283612072468,pyteomics,14.019403500016779,E:/mzsql/MTBLS10066/20220923_LEAP-POS_QC04/20220923_LEAP-POS_QC04
premz,391.283612072468,pyopenms,3.7909015000332147,E:/mzsql/MTBLS10066/20220923_LEAP-POS_QC04/20220923_LEAP-POS_QC04
premz,391.283612072468,pymzml,5.4333738998975605,E:/mzsql/MTBLS10066/20220923_LEAP-POS_QC04/20220923_LEAP-POS_QC04
premz,391.283612072468,mzMLb,12.598218000028282,E:/mzsql/MTBLS10066/20220923_LEAP-POS_QC04/20220923_LEAP-POS_QC04
premz,391.283612072468,mzDB,0.05537649989128113,E:/mzsql/MTBLS10066/20220923_LEAP-POS_QC04/20220923_LEAP-POS_QC04
premz,391.283612072468,MZA,4.742167300079018,E:/mzsql/MTBLS10066/20220923_LEAP-POS_QC04/20220923_LEAP-POS_QC04
premz,391.283612072468,SQLite,0.03056250000372529,E:/mzsql/MTBLS10066/20220923_LEAP-POS_QC04/20220923_LEAP-POS_QC04
premz,391.283612072468,DuckDB,0.021724400110542774,E:/mzsql/MTBLS10066/20220923_LEAP-POS_QC04/20220923_LEAP-POS_QC04
premz,391.283612072468,Parquet,0.01929359999485314,E:/mzsql/MTBLS10066/20220923_LEAP-POS_QC04/20220923_LEAP-POS_QC04
premz,666.617626965046,pyteomics,14.220799299888313,E:/mzsql/MTBLS10066/20220923_LEAP-POS_QC04/20220923_LEAP-POS_QC04
premz,666.617626965046,pyopenms,3.750700500095263,E:/mzsql/MTBLS10066/20220923_LEAP-POS_QC04/20220923_LEAP-POS_QC04
premz,666.617626965046,pymzml,5.416163299931213,E:/mzsql/MTBLS10066/20220923_LEAP-POS_QC04/20220923_LEAP-POS_QC04
premz,666.617626965046,mzMLb,12.568832600023597,E:/mzsql/MTBLS10066/20220923_LEAP-POS_QC04/20220923_LEAP-POS_QC04
premz,666.617626965046,mzDB,0.048476799856871367,E:/mzsql/MTBLS10066/20220923_LEAP-POS_QC04/20220923_LEAP-POS_QC04
premz,666.617626965046,MZA,4.689928699983284,E:/mzsql/MTBLS10066/20220923_LEAP-POS_QC04/20220923_LEAP-POS_QC04
premz,666.617626965046,SQLite,0.029421000042930245,E:/mzsql/MTBLS10066/20220923_LEAP-POS_QC04/20220923_LEAP-POS_QC04
premz,666.617626965046,DuckDB,0.019755300134420395,E:/mzsql/MTBLS10066/20220923_LEAP-POS_QC04/20220923_LEAP-POS_QC04
premz,666.617626965046,Parquet,0.017929400084540248,E:/mzsql/MTBLS10066/20220923_LEAP-POS_QC04/20220923_LEAP-POS_QC04
premz,758.568798840046,pyteomics,14.017141199903563,E:/mzsql/MTBLS10066/20220923_LEAP-POS_QC04/20220923_LEAP-POS_QC04
premz,758.568798840046,pyopenms,3.689808400114998,E:/mzsql/MTBLS10066/20220923_LEAP-POS_QC04/20220923_LEAP-POS_QC04
premz,758.568798840046,pymzml,5.432516600005329,E:/mzsql/MTBLS10066/20220923_LEAP-POS_QC04/20220923_LEAP-POS_QC04
premz,758.568798840046,mzMLb,12.60226079984568,E:/mzsql/MTBLS10066/20220923_LEAP-POS_QC04/20220923_LEAP-POS_QC04
premz,758.568798840046,mzDB,0.053464199882000685,E:/mzsql/MTBLS10066/20220923_LEAP-POS_QC04/20220923_LEAP-POS_QC04
premz,758.568798840046,MZA,4.697415399830788,E:/mzsql/MTBLS10066/20220923_LEAP-POS_QC04/20220923_LEAP-POS_QC04
premz,758.568798840046,SQLite,0.029630000004544854,E:/mzsql/MTBLS10066/20220923_LEAP-POS_QC04/20220923_LEAP-POS_QC04
premz,758.568798840046,DuckDB,0.020338699920102954,E:/mzsql/MTBLS10066/20220923_LEAP-POS_QC04/20220923_LEAP-POS_QC04
premz,758.568798840046,Parquet,0.01725739985704422,E:/mzsql/MTBLS10066/20220923_LEAP-POS_QC04/20220923_LEAP-POS_QC04
premz,782.56873780489,pyteomics,13.95328120002523,E:/mzsql/MTBLS10066/20220923_LEAP-POS_QC04/20220923_LEAP-POS_QC04
premz,782.56873780489,pyopenms,3.666751600103453,E:/mzsql/MTBLS10066/20220923_LEAP-POS_QC04/20220923_LEAP-POS_QC04
premz,782.56873780489,pymzml,5.412441100226715,E:/mzsql/MTBLS10066/20220923_LEAP-POS_QC04/20220923_LEAP-POS_QC04
premz,782.56873780489,mzMLb,12.539412399986759,E:/mzsql/MTBLS10066/20220923_LEAP-POS_QC04/20220923_LEAP-POS_QC04
premz,782.56873780489,mzDB,0.05468149995431304,E:/mzsql/MTBLS10066/20220923_LEAP-POS_QC04/20220923_LEAP-POS_QC04
premz,782.56873780489,MZA,4.627667000051588,E:/mzsql/MTBLS10066/20220923_LEAP-POS_QC04/20220923_LEAP-POS_QC04
premz,782.56873780489,SQLite,0.02979489997960627,E:/mzsql/MTBLS10066/20220923_LEAP-POS_QC04/20220923_LEAP-POS_QC04
premz,782.56873780489,DuckDB,0.020909899845719337,E:/mzsql/MTBLS10066/20220923_LEAP-POS_QC04/20220923_LEAP-POS_QC04
premz,782.56873780489,Parquet,0.018069199984893203,E:/mzsql/MTBLS10066/20220923_LEAP-POS_QC04/20220923_LEAP-POS_QC04
premz,876.800000011921,pyteomics,14.006128800101578,E:/mzsql/MTBLS10066/20220923_LEAP-POS_QC04/20220923_LEAP-POS_QC04
premz,876.800000011921,pyopenms,3.7123601001221687,E:/mzsql/MTBLS10066/20220923_LEAP-POS_QC04/20220923_LEAP-POS_QC04
premz,876.800000011921,pymzml,5.724920299835503,E:/mzsql/MTBLS10066/20220923_LEAP-POS_QC04/20220923_LEAP-POS_QC04
premz,876.800000011921,mzMLb,12.592311799991876,E:/mzsql/MTBLS10066/20220923_LEAP-POS_QC04/20220923_LEAP-POS_QC04
premz,876.800000011921,mzDB,0.04515090002678335,E:/mzsql/MTBLS10066/20220923_LEAP-POS_QC04/20220923_LEAP-POS_QC04
premz,876.800000011921,MZA,4.671281700022519,E:/mzsql/MTBLS10066/20220923_LEAP-POS_QC04/20220923_LEAP-POS_QC04
premz,876.800000011921,SQLite,0.02832829998806119,E:/mzsql/MTBLS10066/20220923_LEAP-POS_QC04/20220923_LEAP-POS_QC04
premz,876.800000011921,DuckDB,0.01849070005118847,E:/mzsql/MTBLS10066/20220923_LEAP-POS_QC04/20220923_LEAP-POS_QC04
premz,876.800000011921,Parquet,0.017475999891757965,E:/mzsql/MTBLS10066/20220923_LEAP-POS_QC04/20220923_LEAP-POS_QC04
premz,781.555004894733,pyteomics,14.015894399955869,E:/mzsql/MTBLS10066/20220923_LEAP-POS_QC04/20220923_LEAP-POS_QC04
premz,781.555004894733,pyopenms,3.714932099916041,E:/mzsql/MTBLS10066/20220923_LEAP-POS_QC04/20220923_LEAP-POS_QC04
premz,781.555004894733,pymzml,5.416972000151873,E:/mzsql/MTBLS10066/20220923_LEAP-POS_QC04/20220923_LEAP-POS_QC04
premz,781.555004894733,mzMLb,12.557901500025764,E:/mzsql/MTBLS10066/20220923_LEAP-POS_QC04/20220923_LEAP-POS_QC04
premz,781.555004894733,mzDB,0.04504820005968213,E:/mzsql/MTBLS10066/20220923_LEAP-POS_QC04/20220923_LEAP-POS_QC04
premz,781.555004894733,MZA,4.676500499946997,E:/mzsql/MTBLS10066/20220923_LEAP-POS_QC04/20220923_LEAP-POS_QC04
premz,781.555004894733,SQLite,0.027876599924638867,E:/mzsql/MTBLS10066/20220923_LEAP-POS_QC04/20220923_LEAP-POS_QC04
premz,781.555004894733,DuckDB,0.02078789984807372,E:/mzsql/MTBLS10066/20220923_LEAP-POS_QC04/20220923_LEAP-POS_QC04
premz,781.555004894733,Parquet,0.01929189986549318,E:/mzsql/MTBLS10066/20220923_LEAP-POS_QC04/20220923_LEAP-POS_QC04
premz,759.632275402546,pyteomics,14.216817500069737,E:/mzsql/MTBLS10066/20220923_LEAP-POS_QC04/20220923_LEAP-POS_QC04
premz,759.632275402546,pyopenms,3.755749400006607,E:/mzsql/MTBLS10066/20220923_LEAP-POS_QC04/20220923_LEAP-POS_QC04
premz,759.632275402546,pymzml,5.410107100149617,E:/mzsql/MTBLS10066/20220923_LEAP-POS_QC04/20220923_LEAP-POS_QC04
premz,759.632275402546,mzMLb,12.586221000179648,E:/mzsql/MTBLS10066/20220923_LEAP-POS_QC04/20220923_LEAP-POS_QC04
premz,759.632275402546,mzDB,0.043056000024080276,E:/mzsql/MTBLS10066/20220923_LEAP-POS_QC04/20220923_LEAP-POS_QC04
premz,759.632275402546,MZA,4.679734000004828,E:/mzsql/MTBLS10066/20220923_LEAP-POS_QC04/20220923_LEAP-POS_QC04
premz,759.632275402546,SQLite,0.027424499858170748,E:/mzsql/MTBLS10066/20220923_LEAP-POS_QC04/20220923_LEAP-POS_QC04
premz,759.632275402546,DuckDB,0.019203900126740336,E:/mzsql/MTBLS10066/20220923_LEAP-POS_QC04/20220923_LEAP-POS_QC04
premz,759.632275402546,Parquet,0.017363499850034714,E:/mzsql/MTBLS10066/20220923_LEAP-POS_QC04/20220923_LEAP-POS_QC04
premz,780.549755871296,pyteomics,14.009382300078869,E:/mzsql/MTBLS10066/20220923_LEAP-POS_QC04/20220923_LEAP-POS_QC04
premz,780.549755871296,pyopenms,3.813536399975419,E:/mzsql/MTBLS10066/20220923_LEAP-POS_QC04/20220923_LEAP-POS_QC04
premz,780.549755871296,pymzml,5.454672400141135,E:/mzsql/MTBLS10066/20220923_LEAP-POS_QC04/20220923_LEAP-POS_QC04
premz,780.549755871296,mzMLb,12.598448000149801,E:/mzsql/MTBLS10066/20220923_LEAP-POS_QC04/20220923_LEAP-POS_QC04
premz,780.549755871296,mzDB,0.0521567000541836,E:/mzsql/MTBLS10066/20220923_LEAP-POS_QC04/20220923_LEAP-POS_QC04
premz,780.549755871296,MZA,4.678243600064889,E:/mzsql/MTBLS10066/20220923_LEAP-POS_QC04/20220923_LEAP-POS_QC04
premz,780.549755871296,SQLite,0.02935219998471439,E:/mzsql/MTBLS10066/20220923_LEAP-POS_QC04/20220923_LEAP-POS_QC04
premz,780.549755871296,DuckDB,0.020679200068116188,E:/mzsql/MTBLS10066/20220923_LEAP-POS_QC04/20220923_LEAP-POS_QC04
premz,780.549755871296,Parquet,0.01785619999282062,E:/mzsql/MTBLS10066/20220923_LEAP-POS_QC04/20220923_LEAP-POS_QC04
premz,690.617199718952,pyteomics,14.002615900011733,E:/mzsql/MTBLS10066/20220923_LEAP-POS_QC04/20220923_LEAP-POS_QC04
premz,690.617199718952,pyopenms,3.7511142001021653,E:/mzsql/MTBLS10066/20220923_LEAP-POS_QC04/20220923_LEAP-POS_QC04
premz,690.617199718952,pymzml,5.43058509984985,E:/mzsql/MTBLS10066/20220923_LEAP-POS_QC04/20220923_LEAP-POS_QC04
premz,690.617199718952,mzMLb,12.599193300120533,E:/mzsql/MTBLS10066/20220923_LEAP-POS_QC04/20220923_LEAP-POS_QC04
premz,690.617199718952,mzDB,0.044316699961200356,E:/mzsql/MTBLS10066/20220923_LEAP-POS_QC04/20220923_LEAP-POS_QC04
premz,690.617199718952,MZA,4.686613199999556,E:/mzsql/MTBLS10066/20220923_LEAP-POS_QC04/20220923_LEAP-POS_QC04
premz,690.617199718952,SQLite,0.028685800032690167,E:/mzsql/MTBLS10066/20220923_LEAP-POS_QC04/20220923_LEAP-POS_QC04
premz,690.617199718952,DuckDB,0.019042900064960122,E:/mzsql/MTBLS10066/20220923_LEAP-POS_QC04/20220923_LEAP-POS_QC04
premz,690.617199718952,Parquet,0.01779130008071661,E:/mzsql/MTBLS10066/20220923_LEAP-POS_QC04/20220923_LEAP-POS_QC04
premz,786.599255383015,pyteomics,14.020640000002459,E:/mzsql/MTBLS10066/20220923_LEAP-POS_QC04/20220923_LEAP-POS_QC04
premz,786.599255383015,pyopenms,3.7258703000843525,E:/mzsql/MTBLS10066/20220923_LEAP-POS_QC04/20220923_LEAP-POS_QC04
premz,786.599255383015,pymzml,5.680527699878439,E:/mzsql/MTBLS10066/20220923_LEAP-POS_QC04/20220923_LEAP-POS_QC04
premz,786.599255383015,mzMLb,12.957260800059885,E:/mzsql/MTBLS10066/20220923_LEAP-POS_QC04/20220923_LEAP-POS_QC04
premz,786.599255383015,mzDB,0.050910199992358685,E:/mzsql/MTBLS10066/20220923_LEAP-POS_QC04/20220923_LEAP-POS_QC04
premz,786.599255383015,MZA,4.765505800023675,E:/mzsql/MTBLS10066/20220923_LEAP-POS_QC04/20220923_LEAP-POS_QC04
premz,786.599255383015,SQLite,0.030024600215256214,E:/mzsql/MTBLS10066/20220923_LEAP-POS_QC04/20220923_LEAP-POS_QC04
premz,786.599255383015,DuckDB,0.019541600020602345,E:/mzsql/MTBLS10066/20220923_LEAP-POS_QC04/20220923_LEAP-POS_QC04
premz,786.599255383015,Parquet,0.017633500043302774,E:/mzsql/MTBLS10066/20220923_LEAP-POS_QC04/20220923_LEAP-POS_QC04
fragmz,149.02310180664062,pyteomics,15.309043300105259,E:/mzsql/MTBLS10066/20220923_LEAP-POS_QC04/20220923_LEAP-POS_QC04
fragmz,149.02310180664062,pyopenms,3.907098500058055,E:/mzsql/MTBLS10066/20220923_LEAP-POS_QC04/20220923_LEAP-POS_QC04
fragmz,149.02310180664062,pymzml,6.285519500030205,E:/mzsql/MTBLS10066/20220923_LEAP-POS_QC04/20220923_LEAP-POS_QC04
fragmz,149.02310180664062,mzMLb,13.823648999910802,E:/mzsql/MTBLS10066/20220923_LEAP-POS_QC04/20220923_LEAP-POS_QC04
fragmz,149.02310180664062,mzDB,5.029487899970263,E:/mzsql/MTBLS10066/20220923_LEAP-POS_QC04/20220923_LEAP-POS_QC04
fragmz,149.02310180664062,MZA,24.657959299860522,E:/mzsql/MTBLS10066/20220923_LEAP-POS_QC04/20220923_LEAP-POS_QC04
fragmz,149.02310180664062,SQLite,0.030025199986994267,E:/mzsql/MTBLS10066/20220923_LEAP-POS_QC04/20220923_LEAP-POS_QC04
fragmz,149.02310180664062,DuckDB,0.02405720017850399,E:/mzsql/MTBLS10066/20220923_LEAP-POS_QC04/20220923_LEAP-POS_QC04
fragmz,149.02310180664062,Parquet,0.017957299947738647,E:/mzsql/MTBLS10066/20220923_LEAP-POS_QC04/20220923_LEAP-POS_QC04
fragmz,369.3511657714844,pyteomics,15.256074600154534,E:/mzsql/MTBLS10066/20220923_LEAP-POS_QC04/20220923_LEAP-POS_QC04
fragmz,369.3511657714844,pyopenms,3.930496099870652,E:/mzsql/MTBLS10066/20220923_LEAP-POS_QC04/20220923_LEAP-POS_QC04
fragmz,369.3511657714844,pymzml,6.296128900023177,E:/mzsql/MTBLS10066/20220923_LEAP-POS_QC04/20220923_LEAP-POS_QC04
fragmz,369.3511657714844,mzMLb,13.784426999976858,E:/mzsql/MTBLS10066/20220923_LEAP-POS_QC04/20220923_LEAP-POS_QC04
fragmz,369.3511657714844,mzDB,5.038111499976367,E:/mzsql/MTBLS10066/20220923_LEAP-POS_QC04/20220923_LEAP-POS_QC04
fragmz,369.3511657714844,MZA,24.199451700085774,E:/mzsql/MTBLS10066/20220923_LEAP-POS_QC04/20220923_LEAP-POS_QC04
fragmz,369.3511657714844,SQLite,0.02775939996354282,E:/mzsql/MTBLS10066/20220923_LEAP-POS_QC04/20220923_LEAP-POS_QC04
fragmz,369.3511657714844,DuckDB,0.02078140014782548,E:/mzsql/MTBLS10066/20220923_LEAP-POS_QC04/20220923_LEAP-POS_QC04
fragmz,369.3511657714844,Parquet,0.018856699811294675,E:/mzsql/MTBLS10066/20220923_LEAP-POS_QC04/20220923_LEAP-POS_QC04
fragmz,184.07313537597656,pyteomics,15.25294280005619,E:/mzsql/MTBLS10066/20220923_LEAP-POS_QC04/20220923_LEAP-POS_QC04
fragmz,184.07313537597656,pyopenms,4.231647700071335,E:/mzsql/MTBLS10066/20220923_LEAP-POS_QC04/20220923_LEAP-POS_QC04
fragmz,184.07313537597656,pymzml,6.869599299971014,E:/mzsql/MTBLS10066/20220923_LEAP-POS_QC04/20220923_LEAP-POS_QC04
fragmz,184.07313537597656,mzMLb,14.024804100161418,E:/mzsql/MTBLS10066/20220923_LEAP-POS_QC04/20220923_LEAP-POS_QC04
fragmz,184.07313537597656,mzDB,5.054259500000626,E:/mzsql/MTBLS10066/20220923_LEAP-POS_QC04/20220923_LEAP-POS_QC04
fragmz,184.07313537597656,MZA,24.262786000035703,E:/mzsql/MTBLS10066/20220923_LEAP-POS_QC04/20220923_LEAP-POS_QC04
fragmz,184.07313537597656,SQLite,0.030909200198948383,E:/mzsql/MTBLS10066/20220923_LEAP-POS_QC04/20220923_LEAP-POS_QC04
fragmz,184.07313537597656,DuckDB,0.02434280002489686,E:/mzsql/MTBLS10066/20220923_LEAP-POS_QC04/20220923_LEAP-POS_QC04
fragmz,184.07313537597656,Parquet,0.019738199887797236,E:/mzsql/MTBLS10066/20220923_LEAP-POS_QC04/20220923_LEAP-POS_QC04
fragmz,577.517822265625,pyteomics,15.460428700083867,E:/mzsql/MTBLS10066/20220923_LEAP-POS_QC04/20220923_LEAP-POS_QC04
fragmz,577.517822265625,pyopenms,3.9995560001116246,E:/mzsql/MTBLS10066/20220923_LEAP-POS_QC04/20220923_LEAP-POS_QC04
fragmz,577.517822265625,pymzml,6.436760399956256,E:/mzsql/MTBLS10066/20220923_LEAP-POS_QC04/20220923_LEAP-POS_QC04
fragmz,577.517822265625,mzMLb,14.17413410008885,E:/mzsql/MTBLS10066/20220923_LEAP-POS_QC04/20220923_LEAP-POS_QC04
fragmz,577.517822265625,mzDB,5.038345400011167,E:/mzsql/MTBLS10066/20220923_LEAP-POS_QC04/20220923_LEAP-POS_QC04
fragmz,577.517822265625,MZA,24.29913750011474,E:/mzsql/MTBLS10066/20220923_LEAP-POS_QC04/20220923_LEAP-POS_QC04
fragmz,577.517822265625,SQLite,0.027958800084888935,E:/mzsql/MTBLS10066/20220923_LEAP-POS_QC04/20220923_LEAP-POS_QC04
fragmz,577.517822265625,DuckDB,0.02186259999871254,E:/mzsql/MTBLS10066/20220923_LEAP-POS_QC04/20220923_LEAP-POS_QC04
fragmz,577.517822265625,Parquet,0.017844100017100573,E:/mzsql/MTBLS10066/20220923_LEAP-POS_QC04/20220923_LEAP-POS_QC04
fragmz,71.08544158935547,pyteomics,15.244762499816716,E:/mzsql/MTBLS10066/20220923_LEAP-POS_QC04/20220923_LEAP-POS_QC04
fragmz,71.08544158935547,pyopenms,4.479954500216991,E:/mzsql/MTBLS10066/20220923_LEAP-POS_QC04/20220923_LEAP-POS_QC04
fragmz,71.08544158935547,pymzml,6.8512142999097705,E:/mzsql/MTBLS10066/20220923_LEAP-POS_QC04/20220923_LEAP-POS_QC04
fragmz,71.08544158935547,mzMLb,13.87173610017635,E:/mzsql/MTBLS10066/20220923_LEAP-POS_QC04/20220923_LEAP-POS_QC04
fragmz,71.08544158935547,mzDB,5.058373300125822,E:/mzsql/MTBLS10066/20220923_LEAP-POS_QC04/20220923_LEAP-POS_QC04
fragmz,71.08544158935547,MZA,24.27006240002811,E:/mzsql/MTBLS10066/20220923_LEAP-POS_QC04/20220923_LEAP-POS_QC04
fragmz,71.08544158935547,SQLite,0.03745350008830428,E:/mzsql/MTBLS10066/20220923_LEAP-POS_QC04/20220923_LEAP-POS_QC04
fragmz,71.08544158935547,DuckDB,0.025077699916437268,E:/mzsql/MTBLS10066/20220923_LEAP-POS_QC04/20220923_LEAP-POS_QC04
fragmz,71.08544158935547,Parquet,0.021165499929338694,E:/mzsql/MTBLS10066/20220923_LEAP-POS_QC04/20220923_LEAP-POS_QC04
fragmz,355.0691833496094,pyteomics,15.239014900056645,E:/mzsql/MTBLS10066/20220923_LEAP-POS_QC04/20220923_LEAP-POS_QC04
fragmz,355.0691833496094,pyopenms,3.9355597000103444,E:/mzsql/MTBLS10066/20220923_LEAP-POS_QC04/20220923_LEAP-POS_QC04
fragmz,355.0691833496094,pymzml,6.275075600016862,E:/mzsql/MTBLS10066/20220923_LEAP-POS_QC04/20220923_LEAP-POS_QC04
fragmz,355.0691833496094,mzMLb,13.781846099998802,E:/mzsql/MTBLS10066/20220923_LEAP-POS_QC04/20220923_LEAP-POS_QC04
fragmz,355.0691833496094,mzDB,4.932664799969643,E:/mzsql/MTBLS10066/20220923_LEAP-POS_QC04/20220923_LEAP-POS_QC04
fragmz,355.0691833496094,MZA,23.881132000125945,E:/mzsql/MTBLS10066/20220923_LEAP-POS_QC04/20220923_LEAP-POS_QC04
fragmz,355.0691833496094,SQLite,0.027915799990296364,E:/mzsql/MTBLS10066/20220923_LEAP-POS_QC04/20220923_LEAP-POS_QC04
fragmz,355.0691833496094,DuckDB,0.023800999857485294,E:/mzsql/MTBLS10066/20220923_LEAP-POS_QC04/20220923_LEAP-POS_QC04
fragmz,355.0691833496094,Parquet,0.020606999984011054,E:/mzsql/MTBLS10066/20220923_LEAP-POS_QC04/20220923_LEAP-POS_QC04
fragmz,370.3542175292969,pyteomics,15.534759200178087,E:/mzsql/MTBLS10066/20220923_LEAP-POS_QC04/20220923_LEAP-POS_QC04
fragmz,370.3542175292969,pyopenms,3.958707000128925,E:/mzsql/MTBLS10066/20220923_LEAP-POS_QC04/20220923_LEAP-POS_QC04
fragmz,370.3542175292969,pymzml,6.274561500176787,E:/mzsql/MTBLS10066/20220923_LEAP-POS_QC04/20220923_LEAP-POS_QC04
fragmz,370.3542175292969,mzMLb,13.84004159993492,E:/mzsql/MTBLS10066/20220923_LEAP-POS_QC04/20220923_LEAP-POS_QC04
fragmz,370.3542175292969,mzDB,5.038437099894509,E:/mzsql/MTBLS10066/20220923_LEAP-POS_QC04/20220923_LEAP-POS_QC04
fragmz,370.3542175292969,MZA,24.305473200045526,E:/mzsql/MTBLS10066/20220923_LEAP-POS_QC04/20220923_LEAP-POS_QC04
fragmz,370.3542175292969,SQLite,0.027870899997651577,E:/mzsql/MTBLS10066/20220923_LEAP-POS_QC04/20220923_LEAP-POS_QC04
fragmz,370.3542175292969,DuckDB,0.020171899814158678,E:/mzsql/MTBLS10066/20220923_LEAP-POS_QC04/20220923_LEAP-POS_QC04
fragmz,370.3542175292969,Parquet,0.017453599954023957,E:/mzsql/MTBLS10066/20220923_LEAP-POS_QC04/20220923_LEAP-POS_QC04
fragmz,143.01585388183594,pyteomics,15.245046499883756,E:/mzsql/MTBLS10066/20220923_LEAP-POS_QC04/20220923_LEAP-POS_QC04
fragmz,143.01585388183594,pyopenms,3.9262298999819905,E:/mzsql/MTBLS10066/20220923_LEAP-POS_QC04/20220923_LEAP-POS_QC04
fragmz,143.01585388183594,pymzml,6.586655900115147,E:/mzsql/MTBLS10066/20220923_LEAP-POS_QC04/20220923_LEAP-POS_QC04
fragmz,143.01585388183594,mzMLb,13.996008900227025,E:/mzsql/MTBLS10066/20220923_LEAP-POS_QC04/20220923_LEAP-POS_QC04
fragmz,143.01585388183594,mzDB,5.089854700025171,E:/mzsql/MTBLS10066/20220923_LEAP-POS_QC04/20220923_LEAP-POS_QC04
fragmz,143.01585388183594,MZA,24.64406369999051,E:/mzsql/MTBLS10066/20220923_LEAP-POS_QC04/20220923_LEAP-POS_QC04
fragmz,143.01585388183594,SQLite,0.028827999951317906,E:/mzsql/MTBLS10066/20220923_LEAP-POS_QC04/20220923_LEAP-POS_QC04
fragmz,143.01585388183594,DuckDB,0.022909600054845214,E:/mzsql/MTBLS10066/20220923_LEAP-POS_QC04/20220923_LEAP-POS_QC04
fragmz,143.01585388183594,Parquet,0.01780889998190105,E:/mzsql/MTBLS10066/20220923_LEAP-POS_QC04/20220923_LEAP-POS_QC04
fragmz,167.03355407714844,pyteomics,15.240465100156143,E:/mzsql/MTBLS10066/20220923_LEAP-POS_QC04/20220923_LEAP-POS_QC04
fragmz,167.03355407714844,pyopenms,3.8764392999000847,E:/mzsql/MTBLS10066/20220923_LEAP-POS_QC04/20220923_LEAP-POS_QC04
fragmz,167.03355407714844,pymzml,6.23578010010533,E:/mzsql/MTBLS10066/20220923_LEAP-POS_QC04/20220923_LEAP-POS_QC04
fragmz,167.03355407714844,mzMLb,13.789183899993077,E:/mzsql/MTBLS10066/20220923_LEAP-POS_QC04/20220923_LEAP-POS_QC04
fragmz,167.03355407714844,mzDB,4.965739800129086,E:/mzsql/MTBLS10066/20220923_LEAP-POS_QC04/20220923_LEAP-POS_QC04
fragmz,167.03355407714844,MZA,23.9565248999279,E:/mzsql/MTBLS10066/20220923_LEAP-POS_QC04/20220923_LEAP-POS_QC04
fragmz,167.03355407714844,SQLite,0.028302300022915006,E:/mzsql/MTBLS10066/20220923_LEAP-POS_QC04/20220923_LEAP-POS_QC04
fragmz,167.03355407714844,DuckDB,0.023353500058874488,E:/mzsql/MTBLS10066/20220923_LEAP-POS_QC04/20220923_LEAP-POS_QC04
fragmz,167.03355407714844,Parquet,0.01872429996728897,E:/mzsql/MTBLS10066/20220923_LEAP-POS_QC04/20220923_LEAP-POS_QC04
fragmz,359.0275573730469,pyteomics,15.299480899935588,E:/mzsql/MTBLS10066/20220923_LEAP-POS_QC04/20220923_LEAP-POS_QC04
fragmz,359.0275573730469,pyopenms,4.021549999946728,E:/mzsql/MTBLS10066/20220923_LEAP-POS_QC04/20220923_LEAP-POS_QC04
fragmz,359.0275573730469,pymzml,6.332091200165451,E:/mzsql/MTBLS10066/20220923_LEAP-POS_QC04/20220923_LEAP-POS_QC04
fragmz,359.0275573730469,mzMLb,13.809707900043577,E:/mzsql/MTBLS10066/20220923_LEAP-POS_QC04/20220923_LEAP-POS_QC04
fragmz,359.0275573730469,mzDB,5.06454940000549,E:/mzsql/MTBLS10066/20220923_LEAP-POS_QC04/20220923_LEAP-POS_QC04
fragmz,359.0275573730469,MZA,24.326328200055286,E:/mzsql/MTBLS10066/20220923_LEAP-POS_QC04/20220923_LEAP-POS_QC04
fragmz,359.0275573730469,SQLite,0.02848100010305643,E:/mzsql/MTBLS10066/20220923_LEAP-POS_QC04/20220923_LEAP-POS_QC04
fragmz,359.0275573730469,DuckDB,0.023421299876645207,E:/mzsql/MTBLS10066/20220923_LEAP-POS_QC04/20220923_LEAP-POS_QC04
fragmz,359.0275573730469,Parquet,0.020987699972465634,E:/mzsql/MTBLS10066/20220923_LEAP-POS_QC04/20220923_LEAP-POS_QC04
ms1_spec,6187,pyteomics,8.74472719989717,E:/mzsql/MTBLS10066/20220929_LEAP-POS_BL14B/20220929_LEAP-POS_BL14B
ms1_spec,6187,pyopenms,3.9563583999406546,E:/mzsql/MTBLS10066/20220929_LEAP-POS_BL14B/20220929_LEAP-POS_BL14B
ms1_spec,6187,pymzml,0.09397289995104074,E:/mzsql/MTBLS10066/20220929_LEAP-POS_BL14B/20220929_LEAP-POS_BL14B
ms1_spec,6187,mzMLb,9.637047600001097,E:/mzsql/MTBLS10066/20220929_LEAP-POS_BL14B/20220929_LEAP-POS_BL14B
ms1_spec,6187,mzDB,2.9062306999694556,E:/mzsql/MTBLS10066/20220929_LEAP-POS_BL14B/20220929_LEAP-POS_BL14B
ms1_spec,6187,MZA,0.0025551998987793922,E:/mzsql/MTBLS10066/20220929_LEAP-POS_BL14B/20220929_LEAP-POS_BL14B
ms1_spec,6187,mz5,0.0921034999191761,E:/mzsql/MTBLS10066/20220929_LEAP-POS_BL14B/20220929_LEAP-POS_BL14B
ms1_spec,6187,SQLite,0.6034050001762807,E:/mzsql/MTBLS10066/20220929_LEAP-POS_BL14B/20220929_LEAP-POS_BL14B
ms1_spec,6187,DuckDB,0.02437700005248189,E:/mzsql/MTBLS10066/20220929_LEAP-POS_BL14B/20220929_LEAP-POS_BL14B
ms1_spec,6187,Parquet,0.11939130001701415,E:/mzsql/MTBLS10066/20220929_LEAP-POS_BL14B/20220929_LEAP-POS_BL14B
ms1_spec,1145,pyteomics,2.2849182998761535,E:/mzsql/MTBLS10066/20220929_LEAP-POS_BL14B/20220929_LEAP-POS_BL14B
ms1_spec,1145,pyopenms,3.754806899931282,E:/mzsql/MTBLS10066/20220929_LEAP-POS_BL14B/20220929_LEAP-POS_BL14B
ms1_spec,1145,pymzml,0.08605509996414185,E:/mzsql/MTBLS10066/20220929_LEAP-POS_BL14B/20220929_LEAP-POS_BL14B
ms1_spec,1145,mzMLb,1.7114335000514984,E:/mzsql/MTBLS10066/20220929_LEAP-POS_BL14B/20220929_LEAP-POS_BL14B
ms1_spec,1145,mzDB,0.05672839982435107,E:/mzsql/MTBLS10066/20220929_LEAP-POS_BL14B/20220929_LEAP-POS_BL14B
ms1_spec,1145,MZA,0.0019014000426977873,E:/mzsql/MTBLS10066/20220929_LEAP-POS_BL14B/20220929_LEAP-POS_BL14B
ms1_spec,1145,mz5,0.08999100001528859,E:/mzsql/MTBLS10066/20220929_LEAP-POS_BL14B/20220929_LEAP-POS_BL14B
ms1_spec,1145,SQLite,0.592897100141272,E:/mzsql/MTBLS10066/20220929_LEAP-POS_BL14B/20220929_LEAP-POS_BL14B
ms1_spec,1145,DuckDB,0.01943290000781417,E:/mzsql/MTBLS10066/20220929_LEAP-POS_BL14B/20220929_LEAP-POS_BL14B
ms1_spec,1145,Parquet,0.10434610000811517,E:/mzsql/MTBLS10066/20220929_LEAP-POS_BL14B/20220929_LEAP-POS_BL14B
ms1_spec,109,pyteomics,0.8464585000183433,E:/mzsql/MTBLS10066/20220929_LEAP-POS_BL14B/20220929_LEAP-POS_BL14B
ms1_spec,109,pyopenms,3.7986775999888778,E:/mzsql/MTBLS10066/20220929_LEAP-POS_BL14B/20220929_LEAP-POS_BL14B
ms1_spec,109,pymzml,0.08876209985464811,E:/mzsql/MTBLS10066/20220929_LEAP-POS_BL14B/20220929_LEAP-POS_BL14B
ms1_spec,109,mzMLb,0.2594905998557806,E:/mzsql/MTBLS10066/20220929_LEAP-POS_BL14B/20220929_LEAP-POS_BL14B
ms1_spec,109,mzDB,2.6800437001511455,E:/mzsql/MTBLS10066/20220929_LEAP-POS_BL14B/20220929_LEAP-POS_BL14B
ms1_spec,109,MZA,0.0022996000479906797,E:/mzsql/MTBLS10066/20220929_LEAP-POS_BL14B/20220929_LEAP-POS_BL14B
ms1_spec,109,mz5,0.09062739997170866,E:/mzsql/MTBLS10066/20220929_LEAP-POS_BL14B/20220929_LEAP-POS_BL14B
ms1_spec,109,SQLite,0.6089063999243081,E:/mzsql/MTBLS10066/20220929_LEAP-POS_BL14B/20220929_LEAP-POS_BL14B
ms1_spec,109,DuckDB,0.02411579992622137,E:/mzsql/MTBLS10066/20220929_LEAP-POS_BL14B/20220929_LEAP-POS_BL14B
ms1_spec,109,Parquet,0.10383489984087646,E:/mzsql/MTBLS10066/20220929_LEAP-POS_BL14B/20220929_LEAP-POS_BL14B
ms1_spec,5169,pyteomics,7.665891699958593,E:/mzsql/MTBLS10066/20220929_LEAP-POS_BL14B/20220929_LEAP-POS_BL14B
ms1_spec,5169,pyopenms,3.83132870006375,E:/mzsql/MTBLS10066/20220929_LEAP-POS_BL14B/20220929_LEAP-POS_BL14B
ms1_spec,5169,pymzml,0.08347579999826849,E:/mzsql/MTBLS10066/20220929_LEAP-POS_BL14B/20220929_LEAP-POS_BL14B
ms1_spec,5169,mzMLb,7.870068299816921,E:/mzsql/MTBLS10066/20220929_LEAP-POS_BL14B/20220929_LEAP-POS_BL14B
ms1_spec,5169,mzDB,2.9401810001581907,E:/mzsql/MTBLS10066/20220929_LEAP-POS_BL14B/20220929_LEAP-POS_BL14B
ms1_spec,5169,MZA,0.002080699894577265,E:/mzsql/MTBLS10066/20220929_LEAP-POS_BL14B/20220929_LEAP-POS_BL14B
ms1_spec,5169,mz5,0.08878679992631078,E:/mzsql/MTBLS10066/20220929_LEAP-POS_BL14B/20220929_LEAP-POS_BL14B
ms1_spec,5169,SQLite,0.5880559000652283,E:/mzsql/MTBLS10066/20220929_LEAP-POS_BL14B/20220929_LEAP-POS_BL14B
ms1_spec,5169,DuckDB,0.021365099819377065,E:/mzsql/MTBLS10066/20220929_LEAP-POS_BL14B/20220929_LEAP-POS_BL14B
ms1_spec,5169,Parquet,0.11259909998625517,E:/mzsql/MTBLS10066/20220929_LEAP-POS_BL14B/20220929_LEAP-POS_BL14B
ms1_spec,7346,pyteomics,10.208939099917188,E:/mzsql/MTBLS10066/20220929_LEAP-POS_BL14B/20220929_LEAP-POS_BL14B
ms1_spec,7346,pyopenms,3.914424199843779,E:/mzsql/MTBLS10066/20220929_LEAP-POS_BL14B/20220929_LEAP-POS_BL14B
ms1_spec,7346,pymzml,0.09217939991503954,E:/mzsql/MTBLS10066/20220929_LEAP-POS_BL14B/20220929_LEAP-POS_BL14B
ms1_spec,7346,mzMLb,11.208237499929965,E:/mzsql/MTBLS10066/20220929_LEAP-POS_BL14B/20220929_LEAP-POS_BL14B
ms1_spec,7346,mzDB,2.8993498999625444,E:/mzsql/MTBLS10066/20220929_LEAP-POS_BL14B/20220929_LEAP-POS_BL14B
ms1_spec,7346,MZA,0.0021208999678492546,E:/mzsql/MTBLS10066/20220929_LEAP-POS_BL14B/20220929_LEAP-POS_BL14B
ms1_spec,7346,mz5,0.08879730012267828,E:/mzsql/MTBLS10066/20220929_LEAP-POS_BL14B/20220929_LEAP-POS_BL14B
ms1_spec,7346,SQLite,0.5872163001913577,E:/mzsql/MTBLS10066/20220929_LEAP-POS_BL14B/20220929_LEAP-POS_BL14B
ms1_spec,7346,DuckDB,0.020387300057336688,E:/mzsql/MTBLS10066/20220929_LEAP-POS_BL14B/20220929_LEAP-POS_BL14B
ms1_spec,7346,Parquet,0.10651770001277328,E:/mzsql/MTBLS10066/20220929_LEAP-POS_BL14B/20220929_LEAP-POS_BL14B
ms1_spec,1672,pyteomics,2.7786237001419067,E:/mzsql/MTBLS10066/20220929_LEAP-POS_BL14B/20220929_LEAP-POS_BL14B
ms1_spec,1672,pyopenms,3.8776508001610637,E:/mzsql/MTBLS10066/20220929_LEAP-POS_BL14B/20220929_LEAP-POS_BL14B
ms1_spec,1672,pymzml,0.09326709993183613,E:/mzsql/MTBLS10066/20220929_LEAP-POS_BL14B/20220929_LEAP-POS_BL14B
ms1_spec,1672,mzMLb,2.580030099954456,E:/mzsql/MTBLS10066/20220929_LEAP-POS_BL14B/20220929_LEAP-POS_BL14B
ms1_spec,1672,mzDB,0.8581739000510424,E:/mzsql/MTBLS10066/20220929_LEAP-POS_BL14B/20220929_LEAP-POS_BL14B
ms1_spec,1672,MZA,0.0019982000812888145,E:/mzsql/MTBLS10066/20220929_LEAP-POS_BL14B/20220929_LEAP-POS_BL14B
ms1_spec,1672,mz5,0.08751800004392862,E:/mzsql/MTBLS10066/20220929_LEAP-POS_BL14B/20220929_LEAP-POS_BL14B
ms1_spec,1672,SQLite,0.5815911998506635,E:/mzsql/MTBLS10066/20220929_LEAP-POS_BL14B/20220929_LEAP-POS_BL14B
ms1_spec,1672,DuckDB,0.020128800068050623,E:/mzsql/MTBLS10066/20220929_LEAP-POS_BL14B/20220929_LEAP-POS_BL14B
ms1_spec,1672,Parquet,0.10387610015459359,E:/mzsql/MTBLS10066/20220929_LEAP-POS_BL14B/20220929_LEAP-POS_BL14B
ms1_spec,720,pyteomics,1.5302825001999736,E:/mzsql/MTBLS10066/20220929_LEAP-POS_BL14B/20220929_LEAP-POS_BL14B
ms1_spec,720,pyopenms,3.934278199914843,E:/mzsql/MTBLS10066/20220929_LEAP-POS_BL14B/20220929_LEAP-POS_BL14B
ms1_spec,720,pymzml,0.08515659999102354,E:/mzsql/MTBLS10066/20220929_LEAP-POS_BL14B/20220929_LEAP-POS_BL14B
ms1_spec,720,mzMLb,1.0614481999073178,E:/mzsql/MTBLS10066/20220929_LEAP-POS_BL14B/20220929_LEAP-POS_BL14B
ms1_spec,720,mzDB,1.6757652999367565,E:/mzsql/MTBLS10066/20220929_LEAP-POS_BL14B/20220929_LEAP-POS_BL14B
ms1_spec,720,MZA,0.0022824998013675213,E:/mzsql/MTBLS10066/20220929_LEAP-POS_BL14B/20220929_LEAP-POS_BL14B
ms1_spec,720,mz5,0.08824199996888638,E:/mzsql/MTBLS10066/20220929_LEAP-POS_BL14B/20220929_LEAP-POS_BL14B
ms1_spec,720,SQLite,0.5998388000298291,E:/mzsql/MTBLS10066/20220929_LEAP-POS_BL14B/20220929_LEAP-POS_BL14B
ms1_spec,720,DuckDB,0.027795600006356835,E:/mzsql/MTBLS10066/20220929_LEAP-POS_BL14B/20220929_LEAP-POS_BL14B
ms1_spec,720,Parquet,0.1164559000171721,E:/mzsql/MTBLS10066/20220929_LEAP-POS_BL14B/20220929_LEAP-POS_BL14B
ms1_spec,1520,pyteomics,2.7902799998410046,E:/mzsql/MTBLS10066/20220929_LEAP-POS_BL14B/20220929_LEAP-POS_BL14B
ms1_spec,1520,pyopenms,3.818395199952647,E:/mzsql/MTBLS10066/20220929_LEAP-POS_BL14B/20220929_LEAP-POS_BL14B
ms1_spec,1520,pymzml,0.0853071000892669,E:/mzsql/MTBLS10066/20220929_LEAP-POS_BL14B/20220929_LEAP-POS_BL14B
ms1_spec,1520,mzMLb,2.2956413000356406,E:/mzsql/MTBLS10066/20220929_LEAP-POS_BL14B/20220929_LEAP-POS_BL14B
ms1_spec,1520,mzDB,0.06227530003525317,E:/mzsql/MTBLS10066/20220929_LEAP-POS_BL14B/20220929_LEAP-POS_BL14B
ms1_spec,1520,MZA,0.0022553999442607164,E:/mzsql/MTBLS10066/20220929_LEAP-POS_BL14B/20220929_LEAP-POS_BL14B
ms1_spec,1520,mz5,0.09001459996215999,E:/mzsql/MTBLS10066/20220929_LEAP-POS_BL14B/20220929_LEAP-POS_BL14B
ms1_spec,1520,SQLite,0.6037473999895155,E:/mzsql/MTBLS10066/20220929_LEAP-POS_BL14B/20220929_LEAP-POS_BL14B
ms1_spec,1520,DuckDB,0.0264850000385195,E:/mzsql/MTBLS10066/20220929_LEAP-POS_BL14B/20220929_LEAP-POS_BL14B
ms1_spec,1520,Parquet,0.12434730003587902,E:/mzsql/MTBLS10066/20220929_LEAP-POS_BL14B/20220929_LEAP-POS_BL14B
ms1_spec,10931,pyteomics,14.52038439991884,E:/mzsql/MTBLS10066/20220929_LEAP-POS_BL14B/20220929_LEAP-POS_BL14B
ms1_spec,10931,pyopenms,3.9837112999521196,E:/mzsql/MTBLS10066/20220929_LEAP-POS_BL14B/20220929_LEAP-POS_BL14B
ms1_spec,10931,pymzml,0.08465980016626418,E:/mzsql/MTBLS10066/20220929_LEAP-POS_BL14B/20220929_LEAP-POS_BL14B
ms1_spec,10931,mzMLb,16.25757690006867,E:/mzsql/MTBLS10066/20220929_LEAP-POS_BL14B/20220929_LEAP-POS_BL14B
ms1_spec,10931,mzDB,3.30861259996891,E:/mzsql/MTBLS10066/20220929_LEAP-POS_BL14B/20220929_LEAP-POS_BL14B
ms1_spec,10931,MZA,0.0020753000862896442,E:/mzsql/MTBLS10066/20220929_LEAP-POS_BL14B/20220929_LEAP-POS_BL14B
ms1_spec,10931,mz5,0.0889577001798898,E:/mzsql/MTBLS10066/20220929_LEAP-POS_BL14B/20220929_LEAP-POS_BL14B
ms1_spec,10931,SQLite,0.5814316000323743,E:/mzsql/MTBLS10066/20220929_LEAP-POS_BL14B/20220929_LEAP-POS_BL14B
ms1_spec,10931,DuckDB,0.021106800064444542,E:/mzsql/MTBLS10066/20220929_LEAP-POS_BL14B/20220929_LEAP-POS_BL14B
ms1_spec,10931,Parquet,0.09692819998599589,E:/mzsql/MTBLS10066/20220929_LEAP-POS_BL14B/20220929_LEAP-POS_BL14B
ms1_spec,2330,pyteomics,3.683103600051254,E:/mzsql/MTBLS10066/20220929_LEAP-POS_BL14B/20220929_LEAP-POS_BL14B
ms1_spec,2330,pyopenms,3.9014995000325143,E:/mzsql/MTBLS10066/20220929_LEAP-POS_BL14B/20220929_LEAP-POS_BL14B
ms1_spec,2330,pymzml,0.08417679998092353,E:/mzsql/MTBLS10066/20220929_LEAP-POS_BL14B/20220929_LEAP-POS_BL14B
ms1_spec,2330,mzMLb,3.5332024001982063,E:/mzsql/MTBLS10066/20220929_LEAP-POS_BL14B/20220929_LEAP-POS_BL14B
ms1_spec,2330,mzDB,0.057566000148653984,E:/mzsql/MTBLS10066/20220929_LEAP-POS_BL14B/20220929_LEAP-POS_BL14B
ms1_spec,2330,MZA,0.00193060003221035,E:/mzsql/MTBLS10066/20220929_LEAP-POS_BL14B/20220929_LEAP-POS_BL14B
ms1_spec,2330,mz5,0.09106809995137155,E:/mzsql/MTBLS10066/20220929_LEAP-POS_BL14B/20220929_LEAP-POS_BL14B
ms1_spec,2330,SQLite,0.5783464999403805,E:/mzsql/MTBLS10066/20220929_LEAP-POS_BL14B/20220929_LEAP-POS_BL14B
ms1_spec,2330,DuckDB,0.01953479996882379,E:/mzsql/MTBLS10066/20220929_LEAP-POS_BL14B/20220929_LEAP-POS_BL14B
ms1_spec,2330,Parquet,0.10297919996082783,E:/mzsql/MTBLS10066/20220929_LEAP-POS_BL14B/20220929_LEAP-POS_BL14B
chrom,829.7941284179688,pyteomics,16.224395600147545,E:/mzsql/MTBLS10066/20220929_LEAP-POS_BL14B/20220929_LEAP-POS_BL14B
chrom,829.7941284179688,pyopenms,5.145260999910533,E:/mzsql/MTBLS10066/20220929_LEAP-POS_BL14B/20220929_LEAP-POS_BL14B
chrom,829.7941284179688,pyopenms_2DPeak,3.8669320000335574,E:/mzsql/MTBLS10066/20220929_LEAP-POS_BL14B/20220929_LEAP-POS_BL14B
chrom,829.7941284179688,pymzml,8.97057280014269,E:/mzsql/MTBLS10066/20220929_LEAP-POS_BL14B/20220929_LEAP-POS_BL14B
chrom,829.7941284179688,mzMLb,14.419917999999598,E:/mzsql/MTBLS10066/20220929_LEAP-POS_BL14B/20220929_LEAP-POS_BL14B
chrom,829.7941284179688,mzDB,1.4475420999806374,E:/mzsql/MTBLS10066/20220929_LEAP-POS_BL14B/20220929_LEAP-POS_BL14B
chrom,829.7941284179688,MZA,10.310366600053385,E:/mzsql/MTBLS10066/20220929_LEAP-POS_BL14B/20220929_LEAP-POS_BL14B
chrom,829.7941284179688,mz5,21.4513059000019,E:/mzsql/MTBLS10066/20220929_LEAP-POS_BL14B/20220929_LEAP-POS_BL14B
chrom,829.7941284179688,MZTree,1.7297826998401433,E:/mzsql/MTBLS10066/20220929_LEAP-POS_BL14B/20220929_LEAP-POS_BL14B
chrom,829.7941284179688,mzMD,0.5109876000788063,E:/mzsql/MTBLS10066/20220929_LEAP-POS_BL14B/20220929_LEAP-POS_BL14B
chrom,829.7941284179688,SQLite,0.6983103000093251,E:/mzsql/MTBLS10066/20220929_LEAP-POS_BL14B/20220929_LEAP-POS_BL14B
chrom,829.7941284179688,DuckDB,0.04947989992797375,E:/mzsql/MTBLS10066/20220929_LEAP-POS_BL14B/20220929_LEAP-POS_BL14B
chrom,829.7941284179688,Parquet,0.20254610013216734,E:/mzsql/MTBLS10066/20220929_LEAP-POS_BL14B/20220929_LEAP-POS_BL14B
chrom,753.6093139648438,pyteomics,18.61318129999563,E:/mzsql/MTBLS10066/20220929_LEAP-POS_BL14B/20220929_LEAP-POS_BL14B
chrom,753.6093139648438,pyopenms,7.179129200056195,E:/mzsql/MTBLS10066/20220929_LEAP-POS_BL14B/20220929_LEAP-POS_BL14B
chrom,753.6093139648438,pyopenms_2DPeak,3.9791206000372767,E:/mzsql/MTBLS10066/20220929_LEAP-POS_BL14B/20220929_LEAP-POS_BL14B
chrom,753.6093139648438,pymzml,10.716360799968243,E:/mzsql/MTBLS10066/20220929_LEAP-POS_BL14B/20220929_LEAP-POS_BL14B
chrom,753.6093139648438,mzMLb,16.34133840003051,E:/mzsql/MTBLS10066/20220929_LEAP-POS_BL14B/20220929_LEAP-POS_BL14B
chrom,753.6093139648438,mzDB,1.4835780002176762,E:/mzsql/MTBLS10066/20220929_LEAP-POS_BL14B/20220929_LEAP-POS_BL14B
chrom,753.6093139648438,MZA,11.48831669986248,E:/mzsql/MTBLS10066/20220929_LEAP-POS_BL14B/20220929_LEAP-POS_BL14B
chrom,753.6093139648438,mz5,21.489386700093746,E:/mzsql/MTBLS10066/20220929_LEAP-POS_BL14B/20220929_LEAP-POS_BL14B
chrom,753.6093139648438,MZTree,0.9089374002069235,E:/mzsql/MTBLS10066/20220929_LEAP-POS_BL14B/20220929_LEAP-POS_BL14B
chrom,753.6093139648438,mzMD,0.5643716999329627,E:/mzsql/MTBLS10066/20220929_LEAP-POS_BL14B/20220929_LEAP-POS_BL14B
chrom,753.6093139648438,SQLite,0.7233064998872578,E:/mzsql/MTBLS10066/20220929_LEAP-POS_BL14B/20220929_LEAP-POS_BL14B
chrom,753.6093139648438,DuckDB,0.09477239986881614,E:/mzsql/MTBLS10066/20220929_LEAP-POS_BL14B/20220929_LEAP-POS_BL14B
chrom,753.6093139648438,Parquet,0.19016310013830662,E:/mzsql/MTBLS10066/20220929_LEAP-POS_BL14B/20220929_LEAP-POS_BL14B
chrom,391.2818908691406,pyteomics,16.854356500087306,E:/mzsql/MTBLS10066/20220929_LEAP-POS_BL14B/20220929_LEAP-POS_BL14B
chrom,391.2818908691406,pyopenms,5.6634005000814795,E:/mzsql/MTBLS10066/20220929_LEAP-POS_BL14B/20220929_LEAP-POS_BL14B
chrom,391.2818908691406,pyopenms_2DPeak,3.889013000065461,E:/mzsql/MTBLS10066/20220929_LEAP-POS_BL14B/20220929_LEAP-POS_BL14B
chrom,391.2818908691406,pymzml,9.014488099841401,E:/mzsql/MTBLS10066/20220929_LEAP-POS_BL14B/20220929_LEAP-POS_BL14B
chrom,391.2818908691406,mzMLb,14.641807399922982,E:/mzsql/MTBLS10066/20220929_LEAP-POS_BL14B/20220929_LEAP-POS_BL14B
chrom,391.2818908691406,mzDB,0.4958409999962896,E:/mzsql/MTBLS10066/20220929_LEAP-POS_BL14B/20220929_LEAP-POS_BL14B
chrom,391.2818908691406,MZA,10.471958799986169,E:/mzsql/MTBLS10066/20220929_LEAP-POS_BL14B/20220929_LEAP-POS_BL14B
chrom,391.2818908691406,mz5,21.303014799952507,E:/mzsql/MTBLS10066/20220929_LEAP-POS_BL14B/20220929_LEAP-POS_BL14B
chrom,391.2818908691406,MZTree,0.5363698999863118,E:/mzsql/MTBLS10066/20220929_LEAP-POS_BL14B/20220929_LEAP-POS_BL14B
chrom,391.2818908691406,mzMD,0.6398026999086142,E:/mzsql/MTBLS10066/20220929_LEAP-POS_BL14B/20220929_LEAP-POS_BL14B
chrom,391.2818908691406,SQLite,0.7371066000778228,E:/mzsql/MTBLS10066/20220929_LEAP-POS_BL14B/20220929_LEAP-POS_BL14B
chrom,391.2818908691406,DuckDB,0.04211889998987317,E:/mzsql/MTBLS10066/20220929_LEAP-POS_BL14B/20220929_LEAP-POS_BL14B
chrom,391.2818908691406,Parquet,0.09085639985278249,E:/mzsql/MTBLS10066/20220929_LEAP-POS_BL14B/20220929_LEAP-POS_BL14B
chrom,529.3960571289062,pyteomics,16.336745399981737,E:/mzsql/MTBLS10066/20220929_LEAP-POS_BL14B/20220929_LEAP-POS_BL14B
chrom,529.3960571289062,pyopenms,5.101964600151405,E:/mzsql/MTBLS10066/20220929_LEAP-POS_BL14B/20220929_LEAP-POS_BL14B
chrom,529.3960571289062,pyopenms_2DPeak,3.934742599958554,E:/mzsql/MTBLS10066/20220929_LEAP-POS_BL14B/20220929_LEAP-POS_BL14B
chrom,529.3960571289062,pymzml,8.586535400012508,E:/mzsql/MTBLS10066/20220929_LEAP-POS_BL14B/20220929_LEAP-POS_BL14B
chrom,529.3960571289062,mzMLb,14.236465800087899,E:/mzsql/MTBLS10066/20220929_LEAP-POS_BL14B/20220929_LEAP-POS_BL14B
chrom,529.3960571289062,mzDB,1.5105264999438077,E:/mzsql/MTBLS10066/20220929_LEAP-POS_BL14B/20220929_LEAP-POS_BL14B
chrom,529.3960571289062,MZA,11.291774600045756,E:/mzsql/MTBLS10066/20220929_LEAP-POS_BL14B/20220929_LEAP-POS_BL14B
chrom,529.3960571289062,mz5,21.372438999824226,E:/mzsql/MTBLS10066/20220929_LEAP-POS_BL14B/20220929_LEAP-POS_BL14B
chrom,529.3960571289062,MZTree,1.3852301000151783,E:/mzsql/MTBLS10066/20220929_LEAP-POS_BL14B/20220929_LEAP-POS_BL14B
chrom,529.3960571289062,mzMD,0.6161454000975937,E:/mzsql/MTBLS10066/20220929_LEAP-POS_BL14B/20220929_LEAP-POS_BL14B
chrom,529.3960571289062,SQLite,0.729879500111565,E:/mzsql/MTBLS10066/20220929_LEAP-POS_BL14B/20220929_LEAP-POS_BL14B
chrom,529.3960571289062,DuckDB,0.04998390004038811,E:/mzsql/MTBLS10066/20220929_LEAP-POS_BL14B/20220929_LEAP-POS_BL14B
chrom,529.3960571289062,Parquet,0.1882337999995798,E:/mzsql/MTBLS10066/20220929_LEAP-POS_BL14B/20220929_LEAP-POS_BL14B
chrom,1130.3087158203125,pyteomics,16.448955700034276,E:/mzsql/MTBLS10066/20220929_LEAP-POS_BL14B/20220929_LEAP-POS_BL14B
chrom,1130.3087158203125,pyopenms,5.3877460998483,E:/mzsql/MTBLS10066/20220929_LEAP-POS_BL14B/20220929_LEAP-POS_BL14B
chrom,1130.3087158203125,pyopenms_2DPeak,4.088840399868786,E:/mzsql/MTBLS10066/20220929_LEAP-POS_BL14B/20220929_LEAP-POS_BL14B
chrom,1130.3087158203125,pymzml,8.670731700025499,E:/mzsql/MTBLS10066/20220929_LEAP-POS_BL14B/20220929_LEAP-POS_BL14B
chrom,1130.3087158203125,mzMLb,14.307346899993718,E:/mzsql/MTBLS10066/20220929_LEAP-POS_BL14B/20220929_LEAP-POS_BL14B
chrom,1130.3087158203125,mzDB,1.0634648001287133,E:/mzsql/MTBLS10066/20220929_LEAP-POS_BL14B/20220929_LEAP-POS_BL14B
chrom,1130.3087158203125,MZA,10.104505099821836,E:/mzsql/MTBLS10066/20220929_LEAP-POS_BL14B/20220929_LEAP-POS_BL14B
chrom,1130.3087158203125,mz5,21.391728000016883,E:/mzsql/MTBLS10066/20220929_LEAP-POS_BL14B/20220929_LEAP-POS_BL14B
chrom,1130.3087158203125,MZTree,0.8209655000828207,E:/mzsql/MTBLS10066/20220929_LEAP-POS_BL14B/20220929_LEAP-POS_BL14B
chrom,1130.3087158203125,mzMD,0.4910231998655945,E:/mzsql/MTBLS10066/20220929_LEAP-POS_BL14B/20220929_LEAP-POS_BL14B
chrom,1130.3087158203125,SQLite,0.7040126998908818,E:/mzsql/MTBLS10066/20220929_LEAP-POS_BL14B/20220929_LEAP-POS_BL14B
chrom,1130.3087158203125,DuckDB,0.04453399986959994,E:/mzsql/MTBLS10066/20220929_LEAP-POS_BL14B/20220929_LEAP-POS_BL14B
chrom,1130.3087158203125,Parquet,0.18884740001522005,E:/mzsql/MTBLS10066/20220929_LEAP-POS_BL14B/20220929_LEAP-POS_BL14B
chrom,738.642578125,pyteomics,17.223280400037766,E:/mzsql/MTBLS10066/20220929_LEAP-POS_BL14B/20220929_LEAP-POS_BL14B
chrom,738.642578125,pyopenms,6.047917400021106,E:/mzsql/MTBLS10066/20220929_LEAP-POS_BL14B/20220929_LEAP-POS_BL14B
chrom,738.642578125,pyopenms_2DPeak,3.974705700064078,E:/mzsql/MTBLS10066/20220929_LEAP-POS_BL14B/20220929_LEAP-POS_BL14B
chrom,738.642578125,pymzml,9.96353659988381,E:/mzsql/MTBLS10066/20220929_LEAP-POS_BL14B/20220929_LEAP-POS_BL14B
chrom,738.642578125,mzMLb,15.12991899996996,E:/mzsql/MTBLS10066/20220929_LEAP-POS_BL14B/20220929_LEAP-POS_BL14B
chrom,738.642578125,mzDB,1.4572973002213985,E:/mzsql/MTBLS10066/20220929_LEAP-POS_BL14B/20220929_LEAP-POS_BL14B
chrom,738.642578125,MZA,10.455375399906188,E:/mzsql/MTBLS10066/20220929_LEAP-POS_BL14B/20220929_LEAP-POS_BL14B
chrom,738.642578125,mz5,21.323414999991655,E:/mzsql/MTBLS10066/20220929_LEAP-POS_BL14B/20220929_LEAP-POS_BL14B
chrom,738.642578125,MZTree,0.3202756999526173,E:/mzsql/MTBLS10066/20220929_LEAP-POS_BL14B/20220929_LEAP-POS_BL14B
chrom,738.642578125,mzMD,0.5431689000688493,E:/mzsql/MTBLS10066/20220929_LEAP-POS_BL14B/20220929_LEAP-POS_BL14B
chrom,738.642578125,SQLite,0.7097217999398708,E:/mzsql/MTBLS10066/20220929_LEAP-POS_BL14B/20220929_LEAP-POS_BL14B
chrom,738.642578125,DuckDB,0.08539319992996752,E:/mzsql/MTBLS10066/20220929_LEAP-POS_BL14B/20220929_LEAP-POS_BL14B
chrom,738.642578125,Parquet,0.19590980000793934,E:/mzsql/MTBLS10066/20220929_LEAP-POS_BL14B/20220929_LEAP-POS_BL14B
chrom,284.2931213378906,pyteomics,16.7989472001791,E:/mzsql/MTBLS10066/20220929_LEAP-POS_BL14B/20220929_LEAP-POS_BL14B
chrom,284.2931213378906,pyopenms,5.4871618000324816,E:/mzsql/MTBLS10066/20220929_LEAP-POS_BL14B/20220929_LEAP-POS_BL14B
chrom,284.2931213378906,pyopenms_2DPeak,3.9321156998630613,E:/mzsql/MTBLS10066/20220929_LEAP-POS_BL14B/20220929_LEAP-POS_BL14B
chrom,284.2931213378906,pymzml,9.196651799837127,E:/mzsql/MTBLS10066/20220929_LEAP-POS_BL14B/20220929_LEAP-POS_BL14B
chrom,284.2931213378906,mzMLb,14.699835399864241,E:/mzsql/MTBLS10066/20220929_LEAP-POS_BL14B/20220929_LEAP-POS_BL14B
chrom,284.2931213378906,mzDB,0.5123815999832004,E:/mzsql/MTBLS10066/20220929_LEAP-POS_BL14B/20220929_LEAP-POS_BL14B
chrom,284.2931213378906,MZA,10.930553099839017,E:/mzsql/MTBLS10066/20220929_LEAP-POS_BL14B/20220929_LEAP-POS_BL14B
chrom,284.2931213378906,mz5,21.373348699882627,E:/mzsql/MTBLS10066/20220929_LEAP-POS_BL14B/20220929_LEAP-POS_BL14B
chrom,284.2931213378906,MZTree,0.3428299999795854,E:/mzsql/MTBLS10066/20220929_LEAP-POS_BL14B/20220929_LEAP-POS_BL14B
chrom,284.2931213378906,mzMD,0.6547483999747783,E:/mzsql/MTBLS10066/20220929_LEAP-POS_BL14B/20220929_LEAP-POS_BL14B
chrom,284.2931213378906,SQLite,0.7487960001453757,E:/mzsql/MTBLS10066/20220929_LEAP-POS_BL14B/20220929_LEAP-POS_BL14B
chrom,284.2931213378906,DuckDB,0.04197410005144775,E:/mzsql/MTBLS10066/20220929_LEAP-POS_BL14B/20220929_LEAP-POS_BL14B
chrom,284.2931213378906,Parquet,0.09911760012619197,E:/mzsql/MTBLS10066/20220929_LEAP-POS_BL14B/20220929_LEAP-POS_BL14B
chrom,256.2618103027344,pyteomics,16.79274699999951,E:/mzsql/MTBLS10066/20220929_LEAP-POS_BL14B/20220929_LEAP-POS_BL14B
chrom,256.2618103027344,pyopenms,5.752579799853265,E:/mzsql/MTBLS10066/20220929_LEAP-POS_BL14B/20220929_LEAP-POS_BL14B
chrom,256.2618103027344,pyopenms_2DPeak,4.096381800016388,E:/mzsql/MTBLS10066/20220929_LEAP-POS_BL14B/20220929_LEAP-POS_BL14B
chrom,256.2618103027344,pymzml,9.15122630004771,E:/mzsql/MTBLS10066/20220929_LEAP-POS_BL14B/20220929_LEAP-POS_BL14B
chrom,256.2618103027344,mzMLb,15.039509600028396,E:/mzsql/MTBLS10066/20220929_LEAP-POS_BL14B/20220929_LEAP-POS_BL14B
chrom,256.2618103027344,mzDB,0.5638915000017732,E:/mzsql/MTBLS10066/20220929_LEAP-POS_BL14B/20220929_LEAP-POS_BL14B
chrom,256.2618103027344,MZA,9.738674600142986,E:/mzsql/MTBLS10066/20220929_LEAP-POS_BL14B/20220929_LEAP-POS_BL14B
chrom,256.2618103027344,mz5,21.56004250003025,E:/mzsql/MTBLS10066/20220929_LEAP-POS_BL14B/20220929_LEAP-POS_BL14B
chrom,256.2618103027344,MZTree,0.4132910999469459,E:/mzsql/MTBLS10066/20220929_LEAP-POS_BL14B/20220929_LEAP-POS_BL14B
chrom,256.2618103027344,mzMD,0.6530662998557091,E:/mzsql/MTBLS10066/20220929_LEAP-POS_BL14B/20220929_LEAP-POS_BL14B
chrom,256.2618103027344,SQLite,0.7468294000718743,E:/mzsql/MTBLS10066/20220929_LEAP-POS_BL14B/20220929_LEAP-POS_BL14B
chrom,256.2618103027344,DuckDB,0.04313379991799593,E:/mzsql/MTBLS10066/20220929_LEAP-POS_BL14B/20220929_LEAP-POS_BL14B
chrom,256.2618103027344,Parquet,0.09106310014612973,E:/mzsql/MTBLS10066/20220929_LEAP-POS_BL14B/20220929_LEAP-POS_BL14B
chrom,663.4514770507812,pyteomics,20.228124500019476,E:/mzsql/MTBLS10066/20220929_LEAP-POS_BL14B/20220929_LEAP-POS_BL14B
chrom,663.4514770507812,pyopenms,8.965894600143656,E:/mzsql/MTBLS10066/20220929_LEAP-POS_BL14B/20220929_LEAP-POS_BL14B
chrom,663.4514770507812,pyopenms_2DPeak,4.076982900034636,E:/mzsql/MTBLS10066/20220929_LEAP-POS_BL14B/20220929_LEAP-POS_BL14B
chrom,663.4514770507812,pymzml,12.788623100146651,E:/mzsql/MTBLS10066/20220929_LEAP-POS_BL14B/20220929_LEAP-POS_BL14B
chrom,663.4514770507812,mzMLb,18.206634000176564,E:/mzsql/MTBLS10066/20220929_LEAP-POS_BL14B/20220929_LEAP-POS_BL14B
chrom,663.4514770507812,mzDB,1.5103032998740673,E:/mzsql/MTBLS10066/20220929_LEAP-POS_BL14B/20220929_LEAP-POS_BL14B
chrom,663.4514770507812,MZA,11.739025299903005,E:/mzsql/MTBLS10066/20220929_LEAP-POS_BL14B/20220929_LEAP-POS_BL14B
chrom,663.4514770507812,mz5,21.545131100108847,E:/mzsql/MTBLS10066/20220929_LEAP-POS_BL14B/20220929_LEAP-POS_BL14B
chrom,663.4514770507812,MZTree,0.9503049000632018,E:/mzsql/MTBLS10066/20220929_LEAP-POS_BL14B/20220929_LEAP-POS_BL14B
chrom,663.4514770507812,mzMD,0.591630500042811,E:/mzsql/MTBLS10066/20220929_LEAP-POS_BL14B/20220929_LEAP-POS_BL14B
chrom,663.4514770507812,SQLite,0.7465111000929028,E:/mzsql/MTBLS10066/20220929_LEAP-POS_BL14B/20220929_LEAP-POS_BL14B
chrom,663.4514770507812,DuckDB,0.18956029997207224,E:/mzsql/MTBLS10066/20220929_LEAP-POS_BL14B/20220929_LEAP-POS_BL14B
chrom,663.4514770507812,Parquet,0.1990678000729531,E:/mzsql/MTBLS10066/20220929_LEAP-POS_BL14B/20220929_LEAP-POS_BL14B
chrom,778.5524291992188,pyteomics,17.407446600031108,E:/mzsql/MTBLS10066/20220929_LEAP-POS_BL14B/20220929_LEAP-POS_BL14B
chrom,778.5524291992188,pyopenms,6.234597200062126,E:/mzsql/MTBLS10066/20220929_LEAP-POS_BL14B/20220929_LEAP-POS_BL14B
chrom,778.5524291992188,pyopenms_2DPeak,4.031826700083911,E:/mzsql/MTBLS10066/20220929_LEAP-POS_BL14B/20220929_LEAP-POS_BL14B
chrom,778.5524291992188,pymzml,9.494671100052074,E:/mzsql/MTBLS10066/20220929_LEAP-POS_BL14B/20220929_LEAP-POS_BL14B
chrom,778.5524291992188,mzMLb,15.100794499972835,E:/mzsql/MTBLS10066/20220929_LEAP-POS_BL14B/20220929_LEAP-POS_BL14B
chrom,778.5524291992188,mzDB,1.4932866001036018,E:/mzsql/MTBLS10066/20220929_LEAP-POS_BL14B/20220929_LEAP-POS_BL14B
chrom,778.5524291992188,MZA,10.29925510007888,E:/mzsql/MTBLS10066/20220929_LEAP-POS_BL14B/20220929_LEAP-POS_BL14B
chrom,778.5524291992188,mz5,21.331842199899256,E:/mzsql/MTBLS10066/20220929_LEAP-POS_BL14B/20220929_LEAP-POS_BL14B
chrom,778.5524291992188,MZTree,0.5839065001346171,E:/mzsql/MTBLS10066/20220929_LEAP-POS_BL14B/20220929_LEAP-POS_BL14B
chrom,778.5524291992188,mzMD,0.5470894000027329,E:/mzsql/MTBLS10066/20220929_LEAP-POS_BL14B/20220929_LEAP-POS_BL14B
chrom,778.5524291992188,SQLite,0.723103400086984,E:/mzsql/MTBLS10066/20220929_LEAP-POS_BL14B/20220929_LEAP-POS_BL14B
chrom,778.5524291992188,DuckDB,0.07077850005589426,E:/mzsql/MTBLS10066/20220929_LEAP-POS_BL14B/20220929_LEAP-POS_BL14B
chrom,778.5524291992188,Parquet,0.19160979986190796,E:/mzsql/MTBLS10066/20220929_LEAP-POS_BL14B/20220929_LEAP-POS_BL14B
rtrange,11.626701,pyteomics,15.337789500132203,E:/mzsql/MTBLS10066/20220929_LEAP-POS_BL14B/20220929_LEAP-POS_BL14B
rtrange,11.626701,pyopenms,4.187255900120363,E:/mzsql/MTBLS10066/20220929_LEAP-POS_BL14B/20220929_LEAP-POS_BL14B
rtrange,11.626701,pyopenms_2DPeak,4.1478768000379205,E:/mzsql/MTBLS10066/20220929_LEAP-POS_BL14B/20220929_LEAP-POS_BL14B
rtrange,11.626701,pymzml,5.855049800127745,E:/mzsql/MTBLS10066/20220929_LEAP-POS_BL14B/20220929_LEAP-POS_BL14B
rtrange,11.626701,mzMLb,13.38429700001143,E:/mzsql/MTBLS10066/20220929_LEAP-POS_BL14B/20220929_LEAP-POS_BL14B
rtrange,11.626701,mzDB,5.558190199779347,E:/mzsql/MTBLS10066/20220929_LEAP-POS_BL14B/20220929_LEAP-POS_BL14B
rtrange,11.626701,MZA,1.3218345998320729,E:/mzsql/MTBLS10066/20220929_LEAP-POS_BL14B/20220929_LEAP-POS_BL14B
rtrange,11.626701,mz5,2.614442100049928,E:/mzsql/MTBLS10066/20220929_LEAP-POS_BL14B/20220929_LEAP-POS_BL14B
rtrange,11.626701,MZTree,0.9075343001168221,E:/mzsql/MTBLS10066/20220929_LEAP-POS_BL14B/20220929_LEAP-POS_BL14B
rtrange,11.626701,mzMD,1.1729213001672179,E:/mzsql/MTBLS10066/20220929_LEAP-POS_BL14B/20220929_LEAP-POS_BL14B
rtrange,11.626701,SQLite,1.0365612001623958,E:/mzsql/MTBLS10066/20220929_LEAP-POS_BL14B/20220929_LEAP-POS_BL14B
rtrange,11.626701,DuckDB,0.044562599854543805,E:/mzsql/MTBLS10066/20220929_LEAP-POS_BL14B/20220929_LEAP-POS_BL14B
rtrange,11.626701,Parquet,0.10009700013324618,E:/mzsql/MTBLS10066/20220929_LEAP-POS_BL14B/20220929_LEAP-POS_BL14B
rtrange,8.3434389,pyteomics,15.073767199879512,E:/mzsql/MTBLS10066/20220929_LEAP-POS_BL14B/20220929_LEAP-POS_BL14B
rtrange,8.3434389,pyopenms,4.191147399833426,E:/mzsql/MTBLS10066/20220929_LEAP-POS_BL14B/20220929_LEAP-POS_BL14B
rtrange,8.3434389,pyopenms_2DPeak,4.003630999941379,E:/mzsql/MTBLS10066/20220929_LEAP-POS_BL14B/20220929_LEAP-POS_BL14B
rtrange,8.3434389,pymzml,5.6878806001041085,E:/mzsql/MTBLS10066/20220929_LEAP-POS_BL14B/20220929_LEAP-POS_BL14B
rtrange,8.3434389,mzMLb,13.206978800008073,E:/mzsql/MTBLS10066/20220929_LEAP-POS_BL14B/20220929_LEAP-POS_BL14B
rtrange,8.3434389,mzDB,6.869860799983144,E:/mzsql/MTBLS10066/20220929_LEAP-POS_BL14B/20220929_LEAP-POS_BL14B
rtrange,8.3434389,MZA,1.0775021000299603,E:/mzsql/MTBLS10066/20220929_LEAP-POS_BL14B/20220929_LEAP-POS_BL14B
rtrange,8.3434389,mz5,2.707149399910122,E:/mzsql/MTBLS10066/20220929_LEAP-POS_BL14B/20220929_LEAP-POS_BL14B
rtrange,8.3434389,MZTree,0.7449282000306994,E:/mzsql/MTBLS10066/20220929_LEAP-POS_BL14B/20220929_LEAP-POS_BL14B
rtrange,8.3434389,mzMD,1.1337953000329435,E:/mzsql/MTBLS10066/20220929_LEAP-POS_BL14B/20220929_LEAP-POS_BL14B
rtrange,8.3434389,SQLite,1.0254186000674963,E:/mzsql/MTBLS10066/20220929_LEAP-POS_BL14B/20220929_LEAP-POS_BL14B
rtrange,8.3434389,DuckDB,0.033960399916395545,E:/mzsql/MTBLS10066/20220929_LEAP-POS_BL14B/20220929_LEAP-POS_BL14B
rtrange,8.3434389,Parquet,0.09751560003496706,E:/mzsql/MTBLS10066/20220929_LEAP-POS_BL14B/20220929_LEAP-POS_BL14B
rtrange,5.1720102,pyteomics,14.865456599975005,E:/mzsql/MTBLS10066/20220929_LEAP-POS_BL14B/20220929_LEAP-POS_BL14B
rtrange,5.1720102,pyopenms,4.09500929992646,E:/mzsql/MTBLS10066/20220929_LEAP-POS_BL14B/20220929_LEAP-POS_BL14B
rtrange,5.1720102,pyopenms_2DPeak,4.0477421998512,E:/mzsql/MTBLS10066/20220929_LEAP-POS_BL14B/20220929_LEAP-POS_BL14B
rtrange,5.1720102,pymzml,5.916517499834299,E:/mzsql/MTBLS10066/20220929_LEAP-POS_BL14B/20220929_LEAP-POS_BL14B
rtrange,5.1720102,mzMLb,13.266554099973291,E:/mzsql/MTBLS10066/20220929_LEAP-POS_BL14B/20220929_LEAP-POS_BL14B
rtrange,5.1720102,mzDB,2.7347248001024127,E:/mzsql/MTBLS10066/20220929_LEAP-POS_BL14B/20220929_LEAP-POS_BL14B
rtrange,5.1720102,MZA,0.7233112999238074,E:/mzsql/MTBLS10066/20220929_LEAP-POS_BL14B/20220929_LEAP-POS_BL14B
rtrange,5.1720102,mz5,2.5174565000925213,E:/mzsql/MTBLS10066/20220929_LEAP-POS_BL14B/20220929_LEAP-POS_BL14B
rtrange,5.1720102,MZTree,0.9873497998341918,E:/mzsql/MTBLS10066/20220929_LEAP-POS_BL14B/20220929_LEAP-POS_BL14B
rtrange,5.1720102,mzMD,1.057804600102827,E:/mzsql/MTBLS10066/20220929_LEAP-POS_BL14B/20220929_LEAP-POS_BL14B
rtrange,5.1720102,SQLite,0.9788410000037402,E:/mzsql/MTBLS10066/20220929_LEAP-POS_BL14B/20220929_LEAP-POS_BL14B
rtrange,5.1720102,DuckDB,0.03267099987715483,E:/mzsql/MTBLS10066/20220929_LEAP-POS_BL14B/20220929_LEAP-POS_BL14B
rtrange,5.1720102,Parquet,0.09259189991280437,E:/mzsql/MTBLS10066/20220929_LEAP-POS_BL14B/20220929_LEAP-POS_BL14B
rtrange,3.9904722,pyteomics,14.919445700012147,E:/mzsql/MTBLS10066/20220929_LEAP-POS_BL14B/20220929_LEAP-POS_BL14B
rtrange,3.9904722,pyopenms,4.107533800182864,E:/mzsql/MTBLS10066/20220929_LEAP-POS_BL14B/20220929_LEAP-POS_BL14B
rtrange,3.9904722,pyopenms_2DPeak,4.08024249994196,E:/mzsql/MTBLS10066/20220929_LEAP-POS_BL14B/20220929_LEAP-POS_BL14B
rtrange,3.9904722,pymzml,5.558433900121599,E:/mzsql/MTBLS10066/20220929_LEAP-POS_BL14B/20220929_LEAP-POS_BL14B
rtrange,3.9904722,mzMLb,13.110456200083718,E:/mzsql/MTBLS10066/20220929_LEAP-POS_BL14B/20220929_LEAP-POS_BL14B
rtrange,3.9904722,mzDB,1.896658199839294,E:/mzsql/MTBLS10066/20220929_LEAP-POS_BL14B/20220929_LEAP-POS_BL14B
rtrange,3.9904722,MZA,0.6988061000593007,E:/mzsql/MTBLS10066/20220929_LEAP-POS_BL14B/20220929_LEAP-POS_BL14B
rtrange,3.9904722,mz5,2.5020697999279946,E:/mzsql/MTBLS10066/20220929_LEAP-POS_BL14B/20220929_LEAP-POS_BL14B
rtrange,3.9904722,MZTree,0.35084979981184006,E:/mzsql/MTBLS10066/20220929_LEAP-POS_BL14B/20220929_LEAP-POS_BL14B
rtrange,3.9904722,mzMD,1.072932800045237,E:/mzsql/MTBLS10066/20220929_LEAP-POS_BL14B/20220929_LEAP-POS_BL14B
rtrange,3.9904722,SQLite,1.0043341999407858,E:/mzsql/MTBLS10066/20220929_LEAP-POS_BL14B/20220929_LEAP-POS_BL14B
rtrange,3.9904722,DuckDB,0.03809019993059337,E:/mzsql/MTBLS10066/20220929_LEAP-POS_BL14B/20220929_LEAP-POS_BL14B
rtrange,3.9904722,Parquet,0.09395599993877113,E:/mzsql/MTBLS10066/20220929_LEAP-POS_BL14B/20220929_LEAP-POS_BL14B
rtrange,10.444852,pyteomics,15.032081599812955,E:/mzsql/MTBLS10066/20220929_LEAP-POS_BL14B/20220929_LEAP-POS_BL14B
rtrange,10.444852,pyopenms,4.2428527001757175,E:/mzsql/MTBLS10066/20220929_LEAP-POS_BL14B/20220929_LEAP-POS_BL14B
rtrange,10.444852,pyopenms_2DPeak,4.022935000015423,E:/mzsql/MTBLS10066/20220929_LEAP-POS_BL14B/20220929_LEAP-POS_BL14B
rtrange,10.444852,pymzml,5.700752600096166,E:/mzsql/MTBLS10066/20220929_LEAP-POS_BL14B/20220929_LEAP-POS_BL14B
rtrange,10.444852,mzMLb,13.25780829996802,E:/mzsql/MTBLS10066/20220929_LEAP-POS_BL14B/20220929_LEAP-POS_BL14B
rtrange,10.444852,mzDB,9.858898099977523,E:/mzsql/MTBLS10066/20220929_LEAP-POS_BL14B/20220929_LEAP-POS_BL14B
rtrange,10.444852,MZA,1.5985183001030236,E:/mzsql/MTBLS10066/20220929_LEAP-POS_BL14B/20220929_LEAP-POS_BL14B
rtrange,10.444852,mz5,2.6301824001129717,E:/mzsql/MTBLS10066/20220929_LEAP-POS_BL14B/20220929_LEAP-POS_BL14B
rtrange,10.444852,MZTree,1.0115289001259953,E:/mzsql/MTBLS10066/20220929_LEAP-POS_BL14B/20220929_LEAP-POS_BL14B
rtrange,10.444852,mzMD,1.2899133001919836,E:/mzsql/MTBLS10066/20220929_LEAP-POS_BL14B/20220929_LEAP-POS_BL14B
rtrange,10.444852,SQLite,1.1189721000846475,E:/mzsql/MTBLS10066/20220929_LEAP-POS_BL14B/20220929_LEAP-POS_BL14B
rtrange,10.444852,DuckDB,0.05044229980558157,E:/mzsql/MTBLS10066/20220929_LEAP-POS_BL14B/20220929_LEAP-POS_BL14B
rtrange,10.444852,Parquet,0.09532979992218316,E:/mzsql/MTBLS10066/20220929_LEAP-POS_BL14B/20220929_LEAP-POS_BL14B
rtrange,6.6907443,pyteomics,14.967278700089082,E:/mzsql/MTBLS10066/20220929_LEAP-POS_BL14B/20220929_LEAP-POS_BL14B
rtrange,6.6907443,pyopenms,4.124940099893138,E:/mzsql/MTBLS10066/20220929_LEAP-POS_BL14B/20220929_LEAP-POS_BL14B
rtrange,6.6907443,pyopenms_2DPeak,4.046640400076285,E:/mzsql/MTBLS10066/20220929_LEAP-POS_BL14B/20220929_LEAP-POS_BL14B
rtrange,6.6907443,pymzml,5.935677800094709,E:/mzsql/MTBLS10066/20220929_LEAP-POS_BL14B/20220929_LEAP-POS_BL14B
rtrange,6.6907443,mzMLb,13.277885699877515,E:/mzsql/MTBLS10066/20220929_LEAP-POS_BL14B/20220929_LEAP-POS_BL14B
rtrange,6.6907443,mzDB,2.740963799878955,E:/mzsql/MTBLS10066/20220929_LEAP-POS_BL14B/20220929_LEAP-POS_BL14B
rtrange,6.6907443,MZA,0.6771420000586659,E:/mzsql/MTBLS10066/20220929_LEAP-POS_BL14B/20220929_LEAP-POS_BL14B
rtrange,6.6907443,mz5,2.5104506998322904,E:/mzsql/MTBLS10066/20220929_LEAP-POS_BL14B/20220929_LEAP-POS_BL14B
rtrange,6.6907443,MZTree,0.30252310005016625,E:/mzsql/MTBLS10066/20220929_LEAP-POS_BL14B/20220929_LEAP-POS_BL14B
rtrange,6.6907443,mzMD,1.0306555000133812,E:/mzsql/MTBLS10066/20220929_LEAP-POS_BL14B/20220929_LEAP-POS_BL14B
rtrange,6.6907443,SQLite,0.9765566000714898,E:/mzsql/MTBLS10066/20220929_LEAP-POS_BL14B/20220929_LEAP-POS_BL14B
rtrange,6.6907443,DuckDB,0.041046599857509136,E:/mzsql/MTBLS10066/20220929_LEAP-POS_BL14B/20220929_LEAP-POS_BL14B
rtrange,6.6907443,Parquet,0.09644289989955723,E:/mzsql/MTBLS10066/20220929_LEAP-POS_BL14B/20220929_LEAP-POS_BL14B
rtrange,1.6940773,pyteomics,14.995170400012285,E:/mzsql/MTBLS10066/20220929_LEAP-POS_BL14B/20220929_LEAP-POS_BL14B
rtrange,1.6940773,pyopenms,4.119407400023192,E:/mzsql/MTBLS10066/20220929_LEAP-POS_BL14B/20220929_LEAP-POS_BL14B
rtrange,1.6940773,pyopenms_2DPeak,4.011032199952751,E:/mzsql/MTBLS10066/20220929_LEAP-POS_BL14B/20220929_LEAP-POS_BL14B
rtrange,1.6940773,pymzml,5.636778800049797,E:/mzsql/MTBLS10066/20220929_LEAP-POS_BL14B/20220929_LEAP-POS_BL14B
rtrange,1.6940773,mzMLb,13.255795799894258,E:/mzsql/MTBLS10066/20220929_LEAP-POS_BL14B/20220929_LEAP-POS_BL14B
rtrange,1.6940773,mzDB,5.304534700000659,E:/mzsql/MTBLS10066/20220929_LEAP-POS_BL14B/20220929_LEAP-POS_BL14B
rtrange,1.6940773,MZA,1.338495200034231,E:/mzsql/MTBLS10066/20220929_LEAP-POS_BL14B/20220929_LEAP-POS_BL14B
rtrange,1.6940773,mz5,2.532296799821779,E:/mzsql/MTBLS10066/20220929_LEAP-POS_BL14B/20220929_LEAP-POS_BL14B
rtrange,1.6940773,MZTree,1.2555245999246836,E:/mzsql/MTBLS10066/20220929_LEAP-POS_BL14B/20220929_LEAP-POS_BL14B
rtrange,1.6940773,mzMD,1.2638656999915838,E:/mzsql/MTBLS10066/20220929_LEAP-POS_BL14B/20220929_LEAP-POS_BL14B
rtrange,1.6940773,SQLite,1.1427048998884857,E:/mzsql/MTBLS10066/20220929_LEAP-POS_BL14B/20220929_LEAP-POS_BL14B
rtrange,1.6940773,DuckDB,0.04918560013175011,E:/mzsql/MTBLS10066/20220929_LEAP-POS_BL14B/20220929_LEAP-POS_BL14B
rtrange,1.6940773,Parquet,0.09415699983946979,E:/mzsql/MTBLS10066/20220929_LEAP-POS_BL14B/20220929_LEAP-POS_BL14B
rtrange,2.7960882,pyteomics,14.851540500065312,E:/mzsql/MTBLS10066/20220929_LEAP-POS_BL14B/20220929_LEAP-POS_BL14B
rtrange,2.7960882,pyopenms,4.125214300118387,E:/mzsql/MTBLS10066/20220929_LEAP-POS_BL14B/20220929_LEAP-POS_BL14B
rtrange,2.7960882,pyopenms_2DPeak,3.9960569001268595,E:/mzsql/MTBLS10066/20220929_LEAP-POS_BL14B/20220929_LEAP-POS_BL14B
rtrange,2.7960882,pymzml,5.604110300075263,E:/mzsql/MTBLS10066/20220929_LEAP-POS_BL14B/20220929_LEAP-POS_BL14B
rtrange,2.7960882,mzMLb,13.19634799985215,E:/mzsql/MTBLS10066/20220929_LEAP-POS_BL14B/20220929_LEAP-POS_BL14B
rtrange,2.7960882,mzDB,2.4062408001627773,E:/mzsql/MTBLS10066/20220929_LEAP-POS_BL14B/20220929_LEAP-POS_BL14B
rtrange,2.7960882,MZA,0.893089700024575,E:/mzsql/MTBLS10066/20220929_LEAP-POS_BL14B/20220929_LEAP-POS_BL14B
rtrange,2.7960882,mz5,2.527169599896297,E:/mzsql/MTBLS10066/20220929_LEAP-POS_BL14B/20220929_LEAP-POS_BL14B
rtrange,2.7960882,MZTree,0.5512314999941736,E:/mzsql/MTBLS10066/20220929_LEAP-POS_BL14B/20220929_LEAP-POS_BL14B
rtrange,2.7960882,mzMD,1.1416887000668794,E:/mzsql/MTBLS10066/20220929_LEAP-POS_BL14B/20220929_LEAP-POS_BL14B
rtrange,2.7960882,SQLite,1.04950760002248,E:/mzsql/MTBLS10066/20220929_LEAP-POS_BL14B/20220929_LEAP-POS_BL14B
rtrange,2.7960882,DuckDB,0.03544379980303347,E:/mzsql/MTBLS10066/20220929_LEAP-POS_BL14B/20220929_LEAP-POS_BL14B
rtrange,2.7960882,Parquet,0.09361470001749694,E:/mzsql/MTBLS10066/20220929_LEAP-POS_BL14B/20220929_LEAP-POS_BL14B
rtrange,16.037561,pyteomics,14.920749800046906,E:/mzsql/MTBLS10066/20220929_LEAP-POS_BL14B/20220929_LEAP-POS_BL14B
rtrange,16.037561,pyopenms,4.215640099951997,E:/mzsql/MTBLS10066/20220929_LEAP-POS_BL14B/20220929_LEAP-POS_BL14B
rtrange,16.037561,pyopenms_2DPeak,4.120794499991462,E:/mzsql/MTBLS10066/20220929_LEAP-POS_BL14B/20220929_LEAP-POS_BL14B
rtrange,16.037561,pymzml,5.7106028001289815,E:/mzsql/MTBLS10066/20220929_LEAP-POS_BL14B/20220929_LEAP-POS_BL14B
rtrange,16.037561,mzMLb,13.16917989985086,E:/mzsql/MTBLS10066/20220929_LEAP-POS_BL14B/20220929_LEAP-POS_BL14B
rtrange,16.037561,mzDB,9.702665799995884,E:/mzsql/MTBLS10066/20220929_LEAP-POS_BL14B/20220929_LEAP-POS_BL14B
rtrange,16.037561,MZA,2.3083252999931574,E:/mzsql/MTBLS10066/20220929_LEAP-POS_BL14B/20220929_LEAP-POS_BL14B
rtrange,16.037561,mz5,2.5715739000588655,E:/mzsql/MTBLS10066/20220929_LEAP-POS_BL14B/20220929_LEAP-POS_BL14B
rtrange,16.037561,MZTree,1.5311848998535424,E:/mzsql/MTBLS10066/20220929_LEAP-POS_BL14B/20220929_LEAP-POS_BL14B
rtrange,16.037561,mzMD,1.4612072000745684,E:/mzsql/MTBLS10066/20220929_LEAP-POS_BL14B/20220929_LEAP-POS_BL14B
rtrange,16.037561,SQLite,1.1603333000093699,E:/mzsql/MTBLS10066/20220929_LEAP-POS_BL14B/20220929_LEAP-POS_BL14B
rtrange,16.037561,DuckDB,0.0683811001945287,E:/mzsql/MTBLS10066/20220929_LEAP-POS_BL14B/20220929_LEAP-POS_BL14B
rtrange,16.037561,Parquet,0.10194660001434386,E:/mzsql/MTBLS10066/20220929_LEAP-POS_BL14B/20220929_LEAP-POS_BL14B
rtrange,18.789125,pyteomics,15.082856700057164,E:/mzsql/MTBLS10066/20220929_LEAP-POS_BL14B/20220929_LEAP-POS_BL14B
rtrange,18.789125,pyopenms,4.272276100004092,E:/mzsql/MTBLS10066/20220929_LEAP-POS_BL14B/20220929_LEAP-POS_BL14B
rtrange,18.789125,pyopenms_2DPeak,4.12887670006603,E:/mzsql/MTBLS10066/20220929_LEAP-POS_BL14B/20220929_LEAP-POS_BL14B
rtrange,18.789125,pymzml,5.731493599945679,E:/mzsql/MTBLS10066/20220929_LEAP-POS_BL14B/20220929_LEAP-POS_BL14B
rtrange,18.789125,mzMLb,13.27032360015437,E:/mzsql/MTBLS10066/20220929_LEAP-POS_BL14B/20220929_LEAP-POS_BL14B
rtrange,18.789125,mzDB,10.337490000063553,E:/mzsql/MTBLS10066/20220929_LEAP-POS_BL14B/20220929_LEAP-POS_BL14B
rtrange,18.789125,MZA,2.405498099979013,E:/mzsql/MTBLS10066/20220929_LEAP-POS_BL14B/20220929_LEAP-POS_BL14B
rtrange,18.789125,mz5,2.577754800207913,E:/mzsql/MTBLS10066/20220929_LEAP-POS_BL14B/20220929_LEAP-POS_BL14B
rtrange,18.789125,MZTree,1.544590099947527,E:/mzsql/MTBLS10066/20220929_LEAP-POS_BL14B/20220929_LEAP-POS_BL14B
rtrange,18.789125,mzMD,1.508188100066036,E:/mzsql/MTBLS10066/20220929_LEAP-POS_BL14B/20220929_LEAP-POS_BL14B
rtrange,18.789125,SQLite,1.1881764999125153,E:/mzsql/MTBLS10066/20220929_LEAP-POS_BL14B/20220929_LEAP-POS_BL14B
rtrange,18.789125,DuckDB,0.0694024998228997,E:/mzsql/MTBLS10066/20220929_LEAP-POS_BL14B/20220929_LEAP-POS_BL14B
rtrange,18.789125,Parquet,0.09397169994190335,E:/mzsql/MTBLS10066/20220929_LEAP-POS_BL14B/20220929_LEAP-POS_BL14B
ms2_spec,2069,pyteomics,3.3639702000655234,E:/mzsql/MTBLS10066/20220929_LEAP-POS_BL14B/20220929_LEAP-POS_BL14B
ms2_spec,2069,pyopenms,4.110219999914989,E:/mzsql/MTBLS10066/20220929_LEAP-POS_BL14B/20220929_LEAP-POS_BL14B
ms2_spec,2069,pymzml,0.08528240001760423,E:/mzsql/MTBLS10066/20220929_LEAP-POS_BL14B/20220929_LEAP-POS_BL14B
ms2_spec,2069,mzMLb,3.1984342001378536,E:/mzsql/MTBLS10066/20220929_LEAP-POS_BL14B/20220929_LEAP-POS_BL14B
ms2_spec,2069,mzDB,0.9559180000796914,E:/mzsql/MTBLS10066/20220929_LEAP-POS_BL14B/20220929_LEAP-POS_BL14B
ms2_spec,2069,MZA,0.001944999909028411,E:/mzsql/MTBLS10066/20220929_LEAP-POS_BL14B/20220929_LEAP-POS_BL14B
ms2_spec,2069,mz5,0.0887022998649627,E:/mzsql/MTBLS10066/20220929_LEAP-POS_BL14B/20220929_LEAP-POS_BL14B
ms2_spec,2069,SQLite,0.5874323002062738,E:/mzsql/MTBLS10066/20220929_LEAP-POS_BL14B/20220929_LEAP-POS_BL14B
ms2_spec,2069,DuckDB,0.02011069981381297,E:/mzsql/MTBLS10066/20220929_LEAP-POS_BL14B/20220929_LEAP-POS_BL14B
ms2_spec,2069,Parquet,0.11321760015562177,E:/mzsql/MTBLS10066/20220929_LEAP-POS_BL14B/20220929_LEAP-POS_BL14B
ms2_spec,348,pyteomics,1.2446606999728829,E:/mzsql/MTBLS10066/20220929_LEAP-POS_BL14B/20220929_LEAP-POS_BL14B
ms2_spec,348,pyopenms,4.054611600004137,E:/mzsql/MTBLS10066/20220929_LEAP-POS_BL14B/20220929_LEAP-POS_BL14B
ms2_spec,348,pymzml,0.0966627998277545,E:/mzsql/MTBLS10066/20220929_LEAP-POS_BL14B/20220929_LEAP-POS_BL14B
ms2_spec,348,mzMLb,0.6356536999810487,E:/mzsql/MTBLS10066/20220929_LEAP-POS_BL14B/20220929_LEAP-POS_BL14B
ms2_spec,348,mzDB,2.6314845997840166,E:/mzsql/MTBLS10066/20220929_LEAP-POS_BL14B/20220929_LEAP-POS_BL14B
ms2_spec,348,MZA,0.0023588000331074,E:/mzsql/MTBLS10066/20220929_LEAP-POS_BL14B/20220929_LEAP-POS_BL14B
ms2_spec,348,mz5,0.08875190000981092,E:/mzsql/MTBLS10066/20220929_LEAP-POS_BL14B/20220929_LEAP-POS_BL14B
ms2_spec,348,SQLite,0.6046527998987585,E:/mzsql/MTBLS10066/20220929_LEAP-POS_BL14B/20220929_LEAP-POS_BL14B
ms2_spec,348,DuckDB,0.023989599896594882,E:/mzsql/MTBLS10066/20220929_LEAP-POS_BL14B/20220929_LEAP-POS_BL14B
ms2_spec,348,Parquet,0.10999669996090233,E:/mzsql/MTBLS10066/20220929_LEAP-POS_BL14B/20220929_LEAP-POS_BL14B
ms2_spec,4781,pyteomics,7.174030900001526,E:/mzsql/MTBLS10066/20220929_LEAP-POS_BL14B/20220929_LEAP-POS_BL14B
ms2_spec,4781,pyopenms,4.117841999977827,E:/mzsql/MTBLS10066/20220929_LEAP-POS_BL14B/20220929_LEAP-POS_BL14B
ms2_spec,4781,pymzml,0.09263229998759925,E:/mzsql/MTBLS10066/20220929_LEAP-POS_BL14B/20220929_LEAP-POS_BL14B
ms2_spec,4781,mzMLb,7.8647014000453055,E:/mzsql/MTBLS10066/20220929_LEAP-POS_BL14B/20220929_LEAP-POS_BL14B
ms2_spec,4781,mzDB,3.2828852001111954,E:/mzsql/MTBLS10066/20220929_LEAP-POS_BL14B/20220929_LEAP-POS_BL14B
ms2_spec,4781,MZA,0.0021869998890906572,E:/mzsql/MTBLS10066/20220929_LEAP-POS_BL14B/20220929_LEAP-POS_BL14B
ms2_spec,4781,mz5,0.09045520005747676,E:/mzsql/MTBLS10066/20220929_LEAP-POS_BL14B/20220929_LEAP-POS_BL14B
ms2_spec,4781,SQLite,0.5889675999060273,E:/mzsql/MTBLS10066/20220929_LEAP-POS_BL14B/20220929_LEAP-POS_BL14B
ms2_spec,4781,DuckDB,0.021688900189474225,E:/mzsql/MTBLS10066/20220929_LEAP-POS_BL14B/20220929_LEAP-POS_BL14B
ms2_spec,4781,Parquet,0.11270539998076856,E:/mzsql/MTBLS10066/20220929_LEAP-POS_BL14B/20220929_LEAP-POS_BL14B
ms2_spec,7056,pyteomics,9.89022840000689,E:/mzsql/MTBLS10066/20220929_LEAP-POS_BL14B/20220929_LEAP-POS_BL14B
ms2_spec,7056,pyopenms,4.140899900114164,E:/mzsql/MTBLS10066/20220929_LEAP-POS_BL14B/20220929_LEAP-POS_BL14B
ms2_spec,7056,pymzml,0.09397229994647205,E:/mzsql/MTBLS10066/20220929_LEAP-POS_BL14B/20220929_LEAP-POS_BL14B
ms2_spec,7056,mzMLb,11.294100399827585,E:/mzsql/MTBLS10066/20220929_LEAP-POS_BL14B/20220929_LEAP-POS_BL14B
ms2_spec,7056,mzDB,2.8412212999537587,E:/mzsql/MTBLS10066/20220929_LEAP-POS_BL14B/20220929_LEAP-POS_BL14B
ms2_spec,7056,MZA,0.00244129984639585,E:/mzsql/MTBLS10066/20220929_LEAP-POS_BL14B/20220929_LEAP-POS_BL14B
ms2_spec,7056,mz5,0.09216440003365278,E:/mzsql/MTBLS10066/20220929_LEAP-POS_BL14B/20220929_LEAP-POS_BL14B
ms2_spec,7056,SQLite,0.6064259000122547,E:/mzsql/MTBLS10066/20220929_LEAP-POS_BL14B/20220929_LEAP-POS_BL14B
ms2_spec,7056,DuckDB,0.027431900147348642,E:/mzsql/MTBLS10066/20220929_LEAP-POS_BL14B/20220929_LEAP-POS_BL14B
ms2_spec,7056,Parquet,0.1238094000145793,E:/mzsql/MTBLS10066/20220929_LEAP-POS_BL14B/20220929_LEAP-POS_BL14B
ms2_spec,9395,pyteomics,12.714447400067002,E:/mzsql/MTBLS10066/20220929_LEAP-POS_BL14B/20220929_LEAP-POS_BL14B
ms2_spec,9395,pyopenms,4.159763200208545,E:/mzsql/MTBLS10066/20220929_LEAP-POS_BL14B/20220929_LEAP-POS_BL14B
ms2_spec,9395,pymzml,0.09245530003681779,E:/mzsql/MTBLS10066/20220929_LEAP-POS_BL14B/20220929_LEAP-POS_BL14B
ms2_spec,9395,mzMLb,14.410608900012448,E:/mzsql/MTBLS10066/20220929_LEAP-POS_BL14B/20220929_LEAP-POS_BL14B
ms2_spec,9395,mzDB,3.0793665000237525,E:/mzsql/MTBLS10066/20220929_LEAP-POS_BL14B/20220929_LEAP-POS_BL14B
ms2_spec,9395,MZA,0.002250600140541792,E:/mzsql/MTBLS10066/20220929_LEAP-POS_BL14B/20220929_LEAP-POS_BL14B
ms2_spec,9395,mz5,0.09247279982082546,E:/mzsql/MTBLS10066/20220929_LEAP-POS_BL14B/20220929_LEAP-POS_BL14B
ms2_spec,9395,SQLite,0.6014024000614882,E:/mzsql/MTBLS10066/20220929_LEAP-POS_BL14B/20220929_LEAP-POS_BL14B
ms2_spec,9395,DuckDB,0.022257399978116155,E:/mzsql/MTBLS10066/20220929_LEAP-POS_BL14B/20220929_LEAP-POS_BL14B
ms2_spec,9395,Parquet,0.11308309994637966,E:/mzsql/MTBLS10066/20220929_LEAP-POS_BL14B/20220929_LEAP-POS_BL14B
ms2_spec,7814,pyteomics,10.796066000126302,E:/mzsql/MTBLS10066/20220929_LEAP-POS_BL14B/20220929_LEAP-POS_BL14B
ms2_spec,7814,pyopenms,4.2497910999227315,E:/mzsql/MTBLS10066/20220929_LEAP-POS_BL14B/20220929_LEAP-POS_BL14B
ms2_spec,7814,pymzml,0.09398440015502274,E:/mzsql/MTBLS10066/20220929_LEAP-POS_BL14B/20220929_LEAP-POS_BL14B
ms2_spec,7814,mzMLb,12.485397800104693,E:/mzsql/MTBLS10066/20220929_LEAP-POS_BL14B/20220929_LEAP-POS_BL14B
ms2_spec,7814,mzDB,3.0528871999122202,E:/mzsql/MTBLS10066/20220929_LEAP-POS_BL14B/20220929_LEAP-POS_BL14B
ms2_spec,7814,MZA,0.0021077999845147133,E:/mzsql/MTBLS10066/20220929_LEAP-POS_BL14B/20220929_LEAP-POS_BL14B
ms2_spec,7814,mz5,0.08818179997615516,E:/mzsql/MTBLS10066/20220929_LEAP-POS_BL14B/20220929_LEAP-POS_BL14B
ms2_spec,7814,SQLite,0.5826888000592589,E:/mzsql/MTBLS10066/20220929_LEAP-POS_BL14B/20220929_LEAP-POS_BL14B
ms2_spec,7814,DuckDB,0.020894699962809682,E:/mzsql/MTBLS10066/20220929_LEAP-POS_BL14B/20220929_LEAP-POS_BL14B
ms2_spec,7814,Parquet,0.10376060009002686,E:/mzsql/MTBLS10066/20220929_LEAP-POS_BL14B/20220929_LEAP-POS_BL14B
ms2_spec,4348,pyteomics,6.48266310011968,E:/mzsql/MTBLS10066/20220929_LEAP-POS_BL14B/20220929_LEAP-POS_BL14B
ms2_spec,4348,pyopenms,4.213976599974558,E:/mzsql/MTBLS10066/20220929_LEAP-POS_BL14B/20220929_LEAP-POS_BL14B
ms2_spec,4348,pymzml,0.09234500001184642,E:/mzsql/MTBLS10066/20220929_LEAP-POS_BL14B/20220929_LEAP-POS_BL14B
ms2_spec,4348,mzMLb,7.0755177000537515,E:/mzsql/MTBLS10066/20220929_LEAP-POS_BL14B/20220929_LEAP-POS_BL14B
ms2_spec,4348,mzDB,0.05737910000607371,E:/mzsql/MTBLS10066/20220929_LEAP-POS_BL14B/20220929_LEAP-POS_BL14B
ms2_spec,4348,MZA,0.002234899904578924,E:/mzsql/MTBLS10066/20220929_LEAP-POS_BL14B/20220929_LEAP-POS_BL14B
ms2_spec,4348,mz5,0.08878610003739595,E:/mzsql/MTBLS10066/20220929_LEAP-POS_BL14B/20220929_LEAP-POS_BL14B
ms2_spec,4348,SQLite,0.588523699901998,E:/mzsql/MTBLS10066/20220929_LEAP-POS_BL14B/20220929_LEAP-POS_BL14B
ms2_spec,4348,DuckDB,0.022158300038427114,E:/mzsql/MTBLS10066/20220929_LEAP-POS_BL14B/20220929_LEAP-POS_BL14B
ms2_spec,4348,Parquet,0.11289879982359707,E:/mzsql/MTBLS10066/20220929_LEAP-POS_BL14B/20220929_LEAP-POS_BL14B
ms2_spec,7689,pyteomics,10.809586699819192,E:/mzsql/MTBLS10066/20220929_LEAP-POS_BL14B/20220929_LEAP-POS_BL14B
ms2_spec,7689,pyopenms,4.327141799964011,E:/mzsql/MTBLS10066/20220929_LEAP-POS_BL14B/20220929_LEAP-POS_BL14B
ms2_spec,7689,pymzml,0.09271090012043715,E:/mzsql/MTBLS10066/20220929_LEAP-POS_BL14B/20220929_LEAP-POS_BL14B
ms2_spec,7689,mzMLb,12.06567810010165,E:/mzsql/MTBLS10066/20220929_LEAP-POS_BL14B/20220929_LEAP-POS_BL14B
ms2_spec,7689,mzDB,2.878438000101596,E:/mzsql/MTBLS10066/20220929_LEAP-POS_BL14B/20220929_LEAP-POS_BL14B
ms2_spec,7689,MZA,0.002073399955406785,E:/mzsql/MTBLS10066/20220929_LEAP-POS_BL14B/20220929_LEAP-POS_BL14B
ms2_spec,7689,mz5,0.08975889999419451,E:/mzsql/MTBLS10066/20220929_LEAP-POS_BL14B/20220929_LEAP-POS_BL14B
ms2_spec,7689,SQLite,0.5834968001581728,E:/mzsql/MTBLS10066/20220929_LEAP-POS_BL14B/20220929_LEAP-POS_BL14B
ms2_spec,7689,DuckDB,0.020803800085559487,E:/mzsql/MTBLS10066/20220929_LEAP-POS_BL14B/20220929_LEAP-POS_BL14B
ms2_spec,7689,Parquet,0.11336380010470748,E:/mzsql/MTBLS10066/20220929_LEAP-POS_BL14B/20220929_LEAP-POS_BL14B
ms2_spec,603,pyteomics,1.5660120998509228,E:/mzsql/MTBLS10066/20220929_LEAP-POS_BL14B/20220929_LEAP-POS_BL14B
ms2_spec,603,pyopenms,4.294300599955022,E:/mzsql/MTBLS10066/20220929_LEAP-POS_BL14B/20220929_LEAP-POS_BL14B
ms2_spec,603,pymzml,0.09615159989334643,E:/mzsql/MTBLS10066/20220929_LEAP-POS_BL14B/20220929_LEAP-POS_BL14B
ms2_spec,603,mzMLb,1.0407594998832792,E:/mzsql/MTBLS10066/20220929_LEAP-POS_BL14B/20220929_LEAP-POS_BL14B
ms2_spec,603,mzDB,1.748568199807778,E:/mzsql/MTBLS10066/20220929_LEAP-POS_BL14B/20220929_LEAP-POS_BL14B
ms2_spec,603,MZA,0.0020049000158905983,E:/mzsql/MTBLS10066/20220929_LEAP-POS_BL14B/20220929_LEAP-POS_BL14B
ms2_spec,603,mz5,0.09023569989949465,E:/mzsql/MTBLS10066/20220929_LEAP-POS_BL14B/20220929_LEAP-POS_BL14B
ms2_spec,603,SQLite,0.5889446001965553,E:/mzsql/MTBLS10066/20220929_LEAP-POS_BL14B/20220929_LEAP-POS_BL14B
ms2_spec,603,DuckDB,0.020337299909442663,E:/mzsql/MTBLS10066/20220929_LEAP-POS_BL14B/20220929_LEAP-POS_BL14B
ms2_spec,603,Parquet,0.10279119992628694,E:/mzsql/MTBLS10066/20220929_LEAP-POS_BL14B/20220929_LEAP-POS_BL14B
ms2_spec,4999,pyteomics,7.36588089982979,E:/mzsql/MTBLS10066/20220929_LEAP-POS_BL14B/20220929_LEAP-POS_BL14B
ms2_spec,4999,pyopenms,4.362831100123003,E:/mzsql/MTBLS10066/20220929_LEAP-POS_BL14B/20220929_LEAP-POS_BL14B
ms2_spec,4999,pymzml,0.09315000008791685,E:/mzsql/MTBLS10066/20220929_LEAP-POS_BL14B/20220929_LEAP-POS_BL14B
ms2_spec,4999,mzMLb,8.279212000081316,E:/mzsql/MTBLS10066/20220929_LEAP-POS_BL14B/20220929_LEAP-POS_BL14B
ms2_spec,4999,mzDB,3.7125061999540776,E:/mzsql/MTBLS10066/20220929_LEAP-POS_BL14B/20220929_LEAP-POS_BL14B
ms2_spec,4999,MZA,0.002008100040256977,E:/mzsql/MTBLS10066/20220929_LEAP-POS_BL14B/20220929_LEAP-POS_BL14B
ms2_spec,4999,mz5,0.08731690002605319,E:/mzsql/MTBLS10066/20220929_LEAP-POS_BL14B/20220929_LEAP-POS_BL14B
ms2_spec,4999,SQLite,0.5864780000410974,E:/mzsql/MTBLS10066/20220929_LEAP-POS_BL14B/20220929_LEAP-POS_BL14B
ms2_spec,4999,DuckDB,0.019851200049743056,E:/mzsql/MTBLS10066/20220929_LEAP-POS_BL14B/20220929_LEAP-POS_BL14B
ms2_spec,4999,Parquet,0.10292769991792738,E:/mzsql/MTBLS10066/20220929_LEAP-POS_BL14B/20220929_LEAP-POS_BL14B
premz,752.604077160358,pyteomics,14.917973699979484,E:/mzsql/MTBLS10066/20220929_LEAP-POS_BL14B/20220929_LEAP-POS_BL14B
premz,752.604077160358,pyopenms,4.4467255000490695,E:/mzsql/MTBLS10066/20220929_LEAP-POS_BL14B/20220929_LEAP-POS_BL14B
premz,752.604077160358,pymzml,6.0852393000386655,E:/mzsql/MTBLS10066/20220929_LEAP-POS_BL14B/20220929_LEAP-POS_BL14B
premz,752.604077160358,mzMLb,13.304791099857539,E:/mzsql/MTBLS10066/20220929_LEAP-POS_BL14B/20220929_LEAP-POS_BL14B
premz,752.604077160358,mzDB,0.05290700006298721,E:/mzsql/MTBLS10066/20220929_LEAP-POS_BL14B/20220929_LEAP-POS_BL14B
premz,752.604077160358,MZA,4.826147699961439,E:/mzsql/MTBLS10066/20220929_LEAP-POS_BL14B/20220929_LEAP-POS_BL14B
premz,752.604077160358,SQLite,0.04349369998089969,E:/mzsql/MTBLS10066/20220929_LEAP-POS_BL14B/20220929_LEAP-POS_BL14B
premz,752.604077160358,DuckDB,0.0275172998663038,E:/mzsql/MTBLS10066/20220929_LEAP-POS_BL14B/20220929_LEAP-POS_BL14B
premz,752.604077160358,Parquet,0.04346289997920394,E:/mzsql/MTBLS10066/20220929_LEAP-POS_BL14B/20220929_LEAP-POS_BL14B
premz,753.609631359577,pyteomics,15.269231899874285,E:/mzsql/MTBLS10066/20220929_LEAP-POS_BL14B/20220929_LEAP-POS_BL14B
premz,753.609631359577,pyopenms,4.486202399944887,E:/mzsql/MTBLS10066/20220929_LEAP-POS_BL14B/20220929_LEAP-POS_BL14B
premz,753.609631359577,pymzml,5.937028500018641,E:/mzsql/MTBLS10066/20220929_LEAP-POS_BL14B/20220929_LEAP-POS_BL14B
premz,753.609631359577,mzMLb,13.16238039988093,E:/mzsql/MTBLS10066/20220929_LEAP-POS_BL14B/20220929_LEAP-POS_BL14B
premz,753.609631359577,mzDB,0.058452599914744496,E:/mzsql/MTBLS10066/20220929_LEAP-POS_BL14B/20220929_LEAP-POS_BL14B
premz,753.609631359577,MZA,4.803855699952692,E:/mzsql/MTBLS10066/20220929_LEAP-POS_BL14B/20220929_LEAP-POS_BL14B
premz,753.609631359577,SQLite,0.0432973001152277,E:/mzsql/MTBLS10066/20220929_LEAP-POS_BL14B/20220929_LEAP-POS_BL14B
premz,753.609631359577,DuckDB,0.020052900072187185,E:/mzsql/MTBLS10066/20220929_LEAP-POS_BL14B/20220929_LEAP-POS_BL14B
premz,753.609631359577,Parquet,0.024586700135841966,E:/mzsql/MTBLS10066/20220929_LEAP-POS_BL14B/20220929_LEAP-POS_BL14B
premz,828.791210949421,pyteomics,14.994873400079086,E:/mzsql/MTBLS10066/20220929_LEAP-POS_BL14B/20220929_LEAP-POS_BL14B
premz,828.791210949421,pyopenms,4.6345689001027495,E:/mzsql/MTBLS10066/20220929_LEAP-POS_BL14B/20220929_LEAP-POS_BL14B
premz,828.791210949421,pymzml,6.09017420001328,E:/mzsql/MTBLS10066/20220929_LEAP-POS_BL14B/20220929_LEAP-POS_BL14B
premz,828.791210949421,mzMLb,13.707397200167179,E:/mzsql/MTBLS10066/20220929_LEAP-POS_BL14B/20220929_LEAP-POS_BL14B
premz,828.791210949421,mzDB,0.04468420008197427,E:/mzsql/MTBLS10066/20220929_LEAP-POS_BL14B/20220929_LEAP-POS_BL14B
premz,828.791210949421,MZA,4.7733454999979585,E:/mzsql/MTBLS10066/20220929_LEAP-POS_BL14B/20220929_LEAP-POS_BL14B
premz,828.791210949421,SQLite,0.04046080005355179,E:/mzsql/MTBLS10066/20220929_LEAP-POS_BL14B/20220929_LEAP-POS_BL14B
premz,828.791210949421,DuckDB,0.02038260013796389,E:/mzsql/MTBLS10066/20220929_LEAP-POS_BL14B/20220929_LEAP-POS_BL14B
premz,828.791210949421,Parquet,0.023538300069049,E:/mzsql/MTBLS10066/20220929_LEAP-POS_BL14B/20220929_LEAP-POS_BL14B
premz,829.793774425983,pyteomics,15.023899300023913,E:/mzsql/MTBLS10066/20220929_LEAP-POS_BL14B/20220929_LEAP-POS_BL14B
premz,829.793774425983,pyopenms,4.616956999991089,E:/mzsql/MTBLS10066/20220929_LEAP-POS_BL14B/20220929_LEAP-POS_BL14B
premz,829.793774425983,pymzml,5.897092200117186,E:/mzsql/MTBLS10066/20220929_LEAP-POS_BL14B/20220929_LEAP-POS_BL14B
premz,829.793774425983,mzMLb,13.175915600033477,E:/mzsql/MTBLS10066/20220929_LEAP-POS_BL14B/20220929_LEAP-POS_BL14B
premz,829.793774425983,mzDB,0.04511830001138151,E:/mzsql/MTBLS10066/20220929_LEAP-POS_BL14B/20220929_LEAP-POS_BL14B
premz,829.793774425983,MZA,4.787353300023824,E:/mzsql/MTBLS10066/20220929_LEAP-POS_BL14B/20220929_LEAP-POS_BL14B
premz,829.793774425983,SQLite,0.0408379000145942,E:/mzsql/MTBLS10066/20220929_LEAP-POS_BL14B/20220929_LEAP-POS_BL14B
premz,829.793774425983,DuckDB,0.019582899985834956,E:/mzsql/MTBLS10066/20220929_LEAP-POS_BL14B/20220929_LEAP-POS_BL14B
premz,829.793774425983,Parquet,0.02606750000268221,E:/mzsql/MTBLS10066/20220929_LEAP-POS_BL14B/20220929_LEAP-POS_BL14B
premz,754.612011730671,pyteomics,15.124149699928239,E:/mzsql/MTBLS10066/20220929_LEAP-POS_BL14B/20220929_LEAP-POS_BL14B
premz,754.612011730671,pyopenms,4.472457800060511,E:/mzsql/MTBLS10066/20220929_LEAP-POS_BL14B/20220929_LEAP-POS_BL14B
premz,754.612011730671,pymzml,5.905389399966225,E:/mzsql/MTBLS10066/20220929_LEAP-POS_BL14B/20220929_LEAP-POS_BL14B
premz,754.612011730671,mzMLb,13.200746400048956,E:/mzsql/MTBLS10066/20220929_LEAP-POS_BL14B/20220929_LEAP-POS_BL14B
premz,754.612011730671,mzDB,0.04308560001663864,E:/mzsql/MTBLS10066/20220929_LEAP-POS_BL14B/20220929_LEAP-POS_BL14B
premz,754.612011730671,MZA,4.793102899799123,E:/mzsql/MTBLS10066/20220929_LEAP-POS_BL14B/20220929_LEAP-POS_BL14B
premz,754.612011730671,SQLite,0.04001370002515614,E:/mzsql/MTBLS10066/20220929_LEAP-POS_BL14B/20220929_LEAP-POS_BL14B
premz,754.612011730671,DuckDB,0.019295900128781796,E:/mzsql/MTBLS10066/20220929_LEAP-POS_BL14B/20220929_LEAP-POS_BL14B
premz,754.612011730671,Parquet,0.023654599906876683,E:/mzsql/MTBLS10066/20220929_LEAP-POS_BL14B/20220929_LEAP-POS_BL14B
premz,391.281842052937,pyteomics,15.044860600028187,E:/mzsql/MTBLS10066/20220929_LEAP-POS_BL14B/20220929_LEAP-POS_BL14B
premz,391.281842052937,pyopenms,4.638030300149694,E:/mzsql/MTBLS10066/20220929_LEAP-POS_BL14B/20220929_LEAP-POS_BL14B
premz,391.281842052937,pymzml,5.940757800126448,E:/mzsql/MTBLS10066/20220929_LEAP-POS_BL14B/20220929_LEAP-POS_BL14B
premz,391.281842052937,mzMLb,13.248773699859157,E:/mzsql/MTBLS10066/20220929_LEAP-POS_BL14B/20220929_LEAP-POS_BL14B
premz,391.281842052937,mzDB,0.09419639990665019,E:/mzsql/MTBLS10066/20220929_LEAP-POS_BL14B/20220929_LEAP-POS_BL14B
premz,391.281842052937,MZA,4.89034379995428,E:/mzsql/MTBLS10066/20220929_LEAP-POS_BL14B/20220929_LEAP-POS_BL14B
premz,391.281842052937,SQLite,0.05267090001143515,E:/mzsql/MTBLS10066/20220929_LEAP-POS_BL14B/20220929_LEAP-POS_BL14B
premz,391.281842052937,DuckDB,0.026923099998384714,E:/mzsql/MTBLS10066/20220929_LEAP-POS_BL14B/20220929_LEAP-POS_BL14B
premz,391.281842052937,Parquet,0.023613099940121174,E:/mzsql/MTBLS10066/20220929_LEAP-POS_BL14B/20220929_LEAP-POS_BL14B
premz,737.629528820515,pyteomics,14.965137099847198,E:/mzsql/MTBLS10066/20220929_LEAP-POS_BL14B/20220929_LEAP-POS_BL14B
premz,737.629528820515,pyopenms,4.575103099923581,E:/mzsql/MTBLS10066/20220929_LEAP-POS_BL14B/20220929_LEAP-POS_BL14B
premz,737.629528820515,pymzml,5.823453900171444,E:/mzsql/MTBLS10066/20220929_LEAP-POS_BL14B/20220929_LEAP-POS_BL14B
premz,737.629528820515,mzMLb,13.178348300047219,E:/mzsql/MTBLS10066/20220929_LEAP-POS_BL14B/20220929_LEAP-POS_BL14B
premz,737.629528820515,mzDB,0.04337420011870563,E:/mzsql/MTBLS10066/20220929_LEAP-POS_BL14B/20220929_LEAP-POS_BL14B
premz,737.629528820515,MZA,4.758883300004527,E:/mzsql/MTBLS10066/20220929_LEAP-POS_BL14B/20220929_LEAP-POS_BL14B
premz,737.629528820515,SQLite,0.04016929981298745,E:/mzsql/MTBLS10066/20220929_LEAP-POS_BL14B/20220929_LEAP-POS_BL14B
premz,737.629528820515,DuckDB,0.019647000124678016,E:/mzsql/MTBLS10066/20220929_LEAP-POS_BL14B/20220929_LEAP-POS_BL14B
premz,737.629528820515,Parquet,0.02368729980662465,E:/mzsql/MTBLS10066/20220929_LEAP-POS_BL14B/20220929_LEAP-POS_BL14B
premz,736.589184582233,pyteomics,15.0018217000179,E:/mzsql/MTBLS10066/20220929_LEAP-POS_BL14B/20220929_LEAP-POS_BL14B
premz,736.589184582233,pyopenms,4.552822800120339,E:/mzsql/MTBLS10066/20220929_LEAP-POS_BL14B/20220929_LEAP-POS_BL14B
premz,736.589184582233,pymzml,5.760340600041673,E:/mzsql/MTBLS10066/20220929_LEAP-POS_BL14B/20220929_LEAP-POS_BL14B
premz,736.589184582233,mzMLb,13.176742800045758,E:/mzsql/MTBLS10066/20220929_LEAP-POS_BL14B/20220929_LEAP-POS_BL14B
premz,736.589184582233,mzDB,0.04425409995019436,E:/mzsql/MTBLS10066/20220929_LEAP-POS_BL14B/20220929_LEAP-POS_BL14B
premz,736.589184582233,MZA,4.778488300042227,E:/mzsql/MTBLS10066/20220929_LEAP-POS_BL14B/20220929_LEAP-POS_BL14B
premz,736.589184582233,SQLite,0.040658799931406975,E:/mzsql/MTBLS10066/20220929_LEAP-POS_BL14B/20220929_LEAP-POS_BL14B
premz,736.589184582233,DuckDB,0.019056300166994333,E:/mzsql/MTBLS10066/20220929_LEAP-POS_BL14B/20220929_LEAP-POS_BL14B
premz,736.589184582233,Parquet,0.023222000105306506,E:/mzsql/MTBLS10066/20220929_LEAP-POS_BL14B/20220929_LEAP-POS_BL14B
premz,737.61170655489,pyteomics,14.893277900060639,E:/mzsql/MTBLS10066/20220929_LEAP-POS_BL14B/20220929_LEAP-POS_BL14B
premz,737.61170655489,pyopenms,4.558494499884546,E:/mzsql/MTBLS10066/20220929_LEAP-POS_BL14B/20220929_LEAP-POS_BL14B
premz,737.61170655489,pymzml,5.916812199866399,E:/mzsql/MTBLS10066/20220929_LEAP-POS_BL14B/20220929_LEAP-POS_BL14B
premz,737.61170655489,mzMLb,13.157675399910659,E:/mzsql/MTBLS10066/20220929_LEAP-POS_BL14B/20220929_LEAP-POS_BL14B
premz,737.61170655489,mzDB,0.04373890021815896,E:/mzsql/MTBLS10066/20220929_LEAP-POS_BL14B/20220929_LEAP-POS_BL14B
premz,737.61170655489,MZA,4.753698699874803,E:/mzsql/MTBLS10066/20220929_LEAP-POS_BL14B/20220929_LEAP-POS_BL14B
premz,737.61170655489,SQLite,0.039766900008544326,E:/mzsql/MTBLS10066/20220929_LEAP-POS_BL14B/20220929_LEAP-POS_BL14B
premz,737.61170655489,DuckDB,0.01885630004107952,E:/mzsql/MTBLS10066/20220929_LEAP-POS_BL14B/20220929_LEAP-POS_BL14B
premz,737.61170655489,Parquet,0.024493600009009242,E:/mzsql/MTBLS10066/20220929_LEAP-POS_BL14B/20220929_LEAP-POS_BL14B
premz,738.642834484577,pyteomics,14.93989669997245,E:/mzsql/MTBLS10066/20220929_LEAP-POS_BL14B/20220929_LEAP-POS_BL14B
premz,738.642834484577,pyopenms,4.533756999997422,E:/mzsql/MTBLS10066/20220929_LEAP-POS_BL14B/20220929_LEAP-POS_BL14B
premz,738.642834484577,pymzml,5.8510360000655055,E:/mzsql/MTBLS10066/20220929_LEAP-POS_BL14B/20220929_LEAP-POS_BL14B
premz,738.642834484577,mzMLb,13.065043300157413,E:/mzsql/MTBLS10066/20220929_LEAP-POS_BL14B/20220929_LEAP-POS_BL14B
premz,738.642834484577,mzDB,0.049194500083103776,E:/mzsql/MTBLS10066/20220929_LEAP-POS_BL14B/20220929_LEAP-POS_BL14B
premz,738.642834484577,MZA,4.708466500043869,E:/mzsql/MTBLS10066/20220929_LEAP-POS_BL14B/20220929_LEAP-POS_BL14B
premz,738.642834484577,SQLite,0.04049769998528063,E:/mzsql/MTBLS10066/20220929_LEAP-POS_BL14B/20220929_LEAP-POS_BL14B
premz,738.642834484577,DuckDB,0.02025619987398386,E:/mzsql/MTBLS10066/20220929_LEAP-POS_BL14B/20220929_LEAP-POS_BL14B
premz,738.642834484577,Parquet,0.023551699938252568,E:/mzsql/MTBLS10066/20220929_LEAP-POS_BL14B/20220929_LEAP-POS_BL14B
fragmz,184.07199096679688,pyteomics,16.23622289998457,E:/mzsql/MTBLS10066/20220929_LEAP-POS_BL14B/20220929_LEAP-POS_BL14B
fragmz,184.07199096679688,pyopenms,4.787531699985266,E:/mzsql/MTBLS10066/20220929_LEAP-POS_BL14B/20220929_LEAP-POS_BL14B
fragmz,184.07199096679688,pymzml,6.828331799944863,E:/mzsql/MTBLS10066/20220929_LEAP-POS_BL14B/20220929_LEAP-POS_BL14B
fragmz,184.07199096679688,mzMLb,14.490636400179937,E:/mzsql/MTBLS10066/20220929_LEAP-POS_BL14B/20220929_LEAP-POS_BL14B
fragmz,184.07199096679688,mzDB,5.2213409000542015,E:/mzsql/MTBLS10066/20220929_LEAP-POS_BL14B/20220929_LEAP-POS_BL14B
fragmz,184.07199096679688,MZA,24.802359799854457,E:/mzsql/MTBLS10066/20220929_LEAP-POS_BL14B/20220929_LEAP-POS_BL14B
fragmz,184.07199096679688,SQLite,0.04265549988485873,E:/mzsql/MTBLS10066/20220929_LEAP-POS_BL14B/20220929_LEAP-POS_BL14B
fragmz,184.07199096679688,DuckDB,0.024709200020879507,E:/mzsql/MTBLS10066/20220929_LEAP-POS_BL14B/20220929_LEAP-POS_BL14B
fragmz,184.07199096679688,Parquet,0.02384769986383617,E:/mzsql/MTBLS10066/20220929_LEAP-POS_BL14B/20220929_LEAP-POS_BL14B
fragmz,570.5432739257812,pyteomics,16.22101050009951,E:/mzsql/MTBLS10066/20220929_LEAP-POS_BL14B/20220929_LEAP-POS_BL14B
fragmz,570.5432739257812,pyopenms,4.7427584999240935,E:/mzsql/MTBLS10066/20220929_LEAP-POS_BL14B/20220929_LEAP-POS_BL14B
fragmz,570.5432739257812,pymzml,6.7628397000953555,E:/mzsql/MTBLS10066/20220929_LEAP-POS_BL14B/20220929_LEAP-POS_BL14B
fragmz,570.5432739257812,mzMLb,14.44240180007182,E:/mzsql/MTBLS10066/20220929_LEAP-POS_BL14B/20220929_LEAP-POS_BL14B
fragmz,570.5432739257812,mzDB,5.2142522998619825,E:/mzsql/MTBLS10066/20220929_LEAP-POS_BL14B/20220929_LEAP-POS_BL14B
fragmz,570.5432739257812,MZA,24.828996299998835,E:/mzsql/MTBLS10066/20220929_LEAP-POS_BL14B/20220929_LEAP-POS_BL14B
fragmz,570.5432739257812,SQLite,0.04078989988192916,E:/mzsql/MTBLS10066/20220929_LEAP-POS_BL14B/20220929_LEAP-POS_BL14B
fragmz,570.5432739257812,DuckDB,0.022422899957746267,E:/mzsql/MTBLS10066/20220929_LEAP-POS_BL14B/20220929_LEAP-POS_BL14B
fragmz,570.5432739257812,Parquet,0.023482399992644787,E:/mzsql/MTBLS10066/20220929_LEAP-POS_BL14B/20220929_LEAP-POS_BL14B
fragmz,149.02230834960938,pyteomics,16.18453099997714,E:/mzsql/MTBLS10066/20220929_LEAP-POS_BL14B/20220929_LEAP-POS_BL14B
fragmz,149.02230834960938,pyopenms,4.832048899959773,E:/mzsql/MTBLS10066/20220929_LEAP-POS_BL14B/20220929_LEAP-POS_BL14B
fragmz,149.02230834960938,pymzml,6.79850360006094,E:/mzsql/MTBLS10066/20220929_LEAP-POS_BL14B/20220929_LEAP-POS_BL14B
fragmz,149.02230834960938,mzMLb,14.464244700036943,E:/mzsql/MTBLS10066/20220929_LEAP-POS_BL14B/20220929_LEAP-POS_BL14B
fragmz,149.02230834960938,mzDB,5.219942500116304,E:/mzsql/MTBLS10066/20220929_LEAP-POS_BL14B/20220929_LEAP-POS_BL14B
fragmz,149.02230834960938,MZA,24.896184200188145,E:/mzsql/MTBLS10066/20220929_LEAP-POS_BL14B/20220929_LEAP-POS_BL14B
fragmz,149.02230834960938,SQLite,0.04453559988178313,E:/mzsql/MTBLS10066/20220929_LEAP-POS_BL14B/20220929_LEAP-POS_BL14B
fragmz,149.02230834960938,DuckDB,0.027088799979537725,E:/mzsql/MTBLS10066/20220929_LEAP-POS_BL14B/20220929_LEAP-POS_BL14B
fragmz,149.02230834960938,Parquet,0.02395469998009503,E:/mzsql/MTBLS10066/20220929_LEAP-POS_BL14B/20220929_LEAP-POS_BL14B
fragmz,523.4684448242188,pyteomics,16.26579219987616,E:/mzsql/MTBLS10066/20220929_LEAP-POS_BL14B/20220929_LEAP-POS_BL14B
fragmz,523.4684448242188,pyopenms,4.743134599877521,E:/mzsql/MTBLS10066/20220929_LEAP-POS_BL14B/20220929_LEAP-POS_BL14B
fragmz,523.4684448242188,pymzml,6.960212200181559,E:/mzsql/MTBLS10066/20220929_LEAP-POS_BL14B/20220929_LEAP-POS_BL14B
fragmz,523.4684448242188,mzMLb,14.823175799800083,E:/mzsql/MTBLS10066/20220929_LEAP-POS_BL14B/20220929_LEAP-POS_BL14B
fragmz,523.4684448242188,mzDB,5.213254999835044,E:/mzsql/MTBLS10066/20220929_LEAP-POS_BL14B/20220929_LEAP-POS_BL14B
fragmz,523.4684448242188,MZA,24.883754699956626,E:/mzsql/MTBLS10066/20220929_LEAP-POS_BL14B/20220929_LEAP-POS_BL14B
fragmz,523.4684448242188,SQLite,0.04130250005982816,E:/mzsql/MTBLS10066/20220929_LEAP-POS_BL14B/20220929_LEAP-POS_BL14B
fragmz,523.4684448242188,DuckDB,0.021585600217804313,E:/mzsql/MTBLS10066/20220929_LEAP-POS_BL14B/20220929_LEAP-POS_BL14B
fragmz,523.4684448242188,Parquet,0.023794699925929308,E:/mzsql/MTBLS10066/20220929_LEAP-POS_BL14B/20220929_LEAP-POS_BL14B
fragmz,571.546875,pyteomics,16.220690300222486,E:/mzsql/MTBLS10066/20220929_LEAP-POS_BL14B/20220929_LEAP-POS_BL14B
fragmz,571.546875,pyopenms,4.74387970007956,E:/mzsql/MTBLS10066/20220929_LEAP-POS_BL14B/20220929_LEAP-POS_BL14B
fragmz,571.546875,pymzml,6.7256783999037,E:/mzsql/MTBLS10066/20220929_LEAP-POS_BL14B/20220929_LEAP-POS_BL14B
fragmz,571.546875,mzMLb,14.406888900091872,E:/mzsql/MTBLS10066/20220929_LEAP-POS_BL14B/20220929_LEAP-POS_BL14B
fragmz,571.546875,mzDB,5.2242743000388145,E:/mzsql/MTBLS10066/20220929_LEAP-POS_BL14B/20220929_LEAP-POS_BL14B
fragmz,571.546875,MZA,24.8386689000763,E:/mzsql/MTBLS10066/20220929_LEAP-POS_BL14B/20220929_LEAP-POS_BL14B
fragmz,571.546875,SQLite,0.04106590012088418,E:/mzsql/MTBLS10066/20220929_LEAP-POS_BL14B/20220929_LEAP-POS_BL14B
fragmz,571.546875,DuckDB,0.022601700155064464,E:/mzsql/MTBLS10066/20220929_LEAP-POS_BL14B/20220929_LEAP-POS_BL14B
fragmz,571.546875,Parquet,0.02367859985679388,E:/mzsql/MTBLS10066/20220929_LEAP-POS_BL14B/20220929_LEAP-POS_BL14B
fragmz,369.3488464355469,pyteomics,16.13823639997281,E:/mzsql/MTBLS10066/20220929_LEAP-POS_BL14B/20220929_LEAP-POS_BL14B
fragmz,369.3488464355469,pyopenms,4.671334599843249,E:/mzsql/MTBLS10066/20220929_LEAP-POS_BL14B/20220929_LEAP-POS_BL14B
fragmz,369.3488464355469,pymzml,6.725923499790952,E:/mzsql/MTBLS10066/20220929_LEAP-POS_BL14B/20220929_LEAP-POS_BL14B
fragmz,369.3488464355469,mzMLb,14.463083400158212,E:/mzsql/MTBLS10066/20220929_LEAP-POS_BL14B/20220929_LEAP-POS_BL14B
fragmz,369.3488464355469,mzDB,5.214980700053275,E:/mzsql/MTBLS10066/20220929_LEAP-POS_BL14B/20220929_LEAP-POS_BL14B
fragmz,369.3488464355469,MZA,24.752170799998567,E:/mzsql/MTBLS10066/20220929_LEAP-POS_BL14B/20220929_LEAP-POS_BL14B
fragmz,369.3488464355469,SQLite,0.04075099993497133,E:/mzsql/MTBLS10066/20220929_LEAP-POS_BL14B/20220929_LEAP-POS_BL14B
fragmz,369.3488464355469,DuckDB,0.021175500005483627,E:/mzsql/MTBLS10066/20220929_LEAP-POS_BL14B/20220929_LEAP-POS_BL14B
fragmz,369.3488464355469,Parquet,0.023564500035718083,E:/mzsql/MTBLS10066/20220929_LEAP-POS_BL14B/20220929_LEAP-POS_BL14B
fragmz,326.3762512207031,pyteomics,16.224020599853247,E:/mzsql/MTBLS10066/20220929_LEAP-POS_BL14B/20220929_LEAP-POS_BL14B
fragmz,326.3762512207031,pyopenms,4.725225999951363,E:/mzsql/MTBLS10066/20220929_LEAP-POS_BL14B/20220929_LEAP-POS_BL14B
fragmz,326.3762512207031,pymzml,6.73384159989655,E:/mzsql/MTBLS10066/20220929_LEAP-POS_BL14B/20220929_LEAP-POS_BL14B
fragmz,326.3762512207031,mzMLb,14.30093830008991,E:/mzsql/MTBLS10066/20220929_LEAP-POS_BL14B/20220929_LEAP-POS_BL14B
fragmz,326.3762512207031,mzDB,5.123483000090346,E:/mzsql/MTBLS10066/20220929_LEAP-POS_BL14B/20220929_LEAP-POS_BL14B
fragmz,326.3762512207031,MZA,24.37724109995179,E:/mzsql/MTBLS10066/20220929_LEAP-POS_BL14B/20220929_LEAP-POS_BL14B
fragmz,326.3762512207031,SQLite,0.04074829979799688,E:/mzsql/MTBLS10066/20220929_LEAP-POS_BL14B/20220929_LEAP-POS_BL14B
fragmz,326.3762512207031,DuckDB,0.023333500139415264,E:/mzsql/MTBLS10066/20220929_LEAP-POS_BL14B/20220929_LEAP-POS_BL14B
fragmz,326.3762512207031,Parquet,0.02373509993776679,E:/mzsql/MTBLS10066/20220929_LEAP-POS_BL14B/20220929_LEAP-POS_BL14B
fragmz,214.25152587890625,pyteomics,16.23758399998769,E:/mzsql/MTBLS10066/20220929_LEAP-POS_BL14B/20220929_LEAP-POS_BL14B
fragmz,214.25152587890625,pyopenms,4.7124777000863105,E:/mzsql/MTBLS10066/20220929_LEAP-POS_BL14B/20220929_LEAP-POS_BL14B
fragmz,214.25152587890625,pymzml,6.696581800002605,E:/mzsql/MTBLS10066/20220929_LEAP-POS_BL14B/20220929_LEAP-POS_BL14B
fragmz,214.25152587890625,mzMLb,14.277827799785882,E:/mzsql/MTBLS10066/20220929_LEAP-POS_BL14B/20220929_LEAP-POS_BL14B
fragmz,214.25152587890625,mzDB,5.10941889998503,E:/mzsql/MTBLS10066/20220929_LEAP-POS_BL14B/20220929_LEAP-POS_BL14B
fragmz,214.25152587890625,MZA,24.43207490001805,E:/mzsql/MTBLS10066/20220929_LEAP-POS_BL14B/20220929_LEAP-POS_BL14B
fragmz,214.25152587890625,SQLite,0.04098249995149672,E:/mzsql/MTBLS10066/20220929_LEAP-POS_BL14B/20220929_LEAP-POS_BL14B
fragmz,214.25152587890625,DuckDB,0.021934699965640903,E:/mzsql/MTBLS10066/20220929_LEAP-POS_BL14B/20220929_LEAP-POS_BL14B
fragmz,214.25152587890625,Parquet,0.023545300122350454,E:/mzsql/MTBLS10066/20220929_LEAP-POS_BL14B/20220929_LEAP-POS_BL14B
fragmz,104.10623931884766,pyteomics,16.42176409997046,E:/mzsql/MTBLS10066/20220929_LEAP-POS_BL14B/20220929_LEAP-POS_BL14B
fragmz,104.10623931884766,pyopenms,4.745612700004131,E:/mzsql/MTBLS10066/20220929_LEAP-POS_BL14B/20220929_LEAP-POS_BL14B
fragmz,104.10623931884766,pymzml,6.825245900079608,E:/mzsql/MTBLS10066/20220929_LEAP-POS_BL14B/20220929_LEAP-POS_BL14B
fragmz,104.10623931884766,mzMLb,14.427727100206539,E:/mzsql/MTBLS10066/20220929_LEAP-POS_BL14B/20220929_LEAP-POS_BL14B
fragmz,104.10623931884766,mzDB,5.214162099873647,E:/mzsql/MTBLS10066/20220929_LEAP-POS_BL14B/20220929_LEAP-POS_BL14B
fragmz,104.10623931884766,MZA,24.83823179989122,E:/mzsql/MTBLS10066/20220929_LEAP-POS_BL14B/20220929_LEAP-POS_BL14B
fragmz,104.10623931884766,SQLite,0.0430097000207752,E:/mzsql/MTBLS10066/20220929_LEAP-POS_BL14B/20220929_LEAP-POS_BL14B
fragmz,104.10623931884766,DuckDB,0.02384319994598627,E:/mzsql/MTBLS10066/20220929_LEAP-POS_BL14B/20220929_LEAP-POS_BL14B
fragmz,104.10623931884766,Parquet,0.023839700035750866,E:/mzsql/MTBLS10066/20220929_LEAP-POS_BL14B/20220929_LEAP-POS_BL14B
fragmz,95.08486938476562,pyteomics,16.192007699981332,E:/mzsql/MTBLS10066/20220929_LEAP-POS_BL14B/20220929_LEAP-POS_BL14B
fragmz,95.08486938476562,pyopenms,5.601783399935812,E:/mzsql/MTBLS10066/20220929_LEAP-POS_BL14B/20220929_LEAP-POS_BL14B
fragmz,95.08486938476562,pymzml,7.35891479998827,E:/mzsql/MTBLS10066/20220929_LEAP-POS_BL14B/20220929_LEAP-POS_BL14B
fragmz,95.08486938476562,mzMLb,14.30199100007303,E:/mzsql/MTBLS10066/20220929_LEAP-POS_BL14B/20220929_LEAP-POS_BL14B
fragmz,95.08486938476562,mzDB,5.142863299930468,E:/mzsql/MTBLS10066/20220929_LEAP-POS_BL14B/20220929_LEAP-POS_BL14B
fragmz,95.08486938476562,MZA,24.470479700015858,E:/mzsql/MTBLS10066/20220929_LEAP-POS_BL14B/20220929_LEAP-POS_BL14B
fragmz,95.08486938476562,SQLite,0.05283679999411106,E:/mzsql/MTBLS10066/20220929_LEAP-POS_BL14B/20220929_LEAP-POS_BL14B
fragmz,95.08486938476562,DuckDB,0.028027799911797047,E:/mzsql/MTBLS10066/20220929_LEAP-POS_BL14B/20220929_LEAP-POS_BL14B
fragmz,95.08486938476562,Parquet,0.02949140011332929,E:/mzsql/MTBLS10066/20220929_LEAP-POS_BL14B/20220929_LEAP-POS_BL14B
ms1_spec,5628,pyteomics,9.120214200112969,E:/mzsql/MTBLS10066/20220923_LEAP-POS_S036/20220923_LEAP-POS_S036
ms1_spec,5628,pyopenms,4.323361499933526,E:/mzsql/MTBLS10066/20220923_LEAP-POS_S036/20220923_LEAP-POS_S036
ms1_spec,5628,pymzml,0.08925319998525083,E:/mzsql/MTBLS10066/20220923_LEAP-POS_S036/20220923_LEAP-POS_S036
ms1_spec,5628,mzMLb,9.445211100159213,E:/mzsql/MTBLS10066/20220923_LEAP-POS_S036/20220923_LEAP-POS_S036
ms1_spec,5628,mzDB,2.6695183999836445,E:/mzsql/MTBLS10066/20220923_LEAP-POS_S036/20220923_LEAP-POS_S036
ms1_spec,5628,MZA,0.01195800001733005,E:/mzsql/MTBLS10066/20220923_LEAP-POS_S036/20220923_LEAP-POS_S036
ms1_spec,5628,mz5,0.0965635001193732,E:/mzsql/MTBLS10066/20220923_LEAP-POS_S036/20220923_LEAP-POS_S036
ms1_spec,5628,SQLite,0.4049492001067847,E:/mzsql/MTBLS10066/20220923_LEAP-POS_S036/20220923_LEAP-POS_S036
ms1_spec,5628,DuckDB,0.03298979997634888,E:/mzsql/MTBLS10066/20220923_LEAP-POS_S036/20220923_LEAP-POS_S036
ms1_spec,5628,Parquet,0.1221340000629425,E:/mzsql/MTBLS10066/20220923_LEAP-POS_S036/20220923_LEAP-POS_S036
ms1_spec,8548,pyteomics,11.968331299955025,E:/mzsql/MTBLS10066/20220923_LEAP-POS_S036/20220923_LEAP-POS_S036
ms1_spec,8548,pyopenms,4.466100699966773,E:/mzsql/MTBLS10066/20220923_LEAP-POS_S036/20220923_LEAP-POS_S036
ms1_spec,8548,pymzml,0.09008460002951324,E:/mzsql/MTBLS10066/20220923_LEAP-POS_S036/20220923_LEAP-POS_S036
ms1_spec,8548,mzMLb,14.402715400094166,E:/mzsql/MTBLS10066/20220923_LEAP-POS_S036/20220923_LEAP-POS_S036
ms1_spec,8548,mzDB,2.6389289998915046,E:/mzsql/MTBLS10066/20220923_LEAP-POS_S036/20220923_LEAP-POS_S036
ms1_spec,8548,MZA,0.0026342999190092087,E:/mzsql/MTBLS10066/20220923_LEAP-POS_S036/20220923_LEAP-POS_S036
ms1_spec,8548,mz5,0.09405720001086593,E:/mzsql/MTBLS10066/20220923_LEAP-POS_S036/20220923_LEAP-POS_S036
ms1_spec,8548,SQLite,0.3942577000707388,E:/mzsql/MTBLS10066/20220923_LEAP-POS_S036/20220923_LEAP-POS_S036
ms1_spec,8548,DuckDB,0.026107900077477098,E:/mzsql/MTBLS10066/20220923_LEAP-POS_S036/20220923_LEAP-POS_S036
ms1_spec,8548,Parquet,0.08920769998803735,E:/mzsql/MTBLS10066/20220923_LEAP-POS_S036/20220923_LEAP-POS_S036
ms1_spec,7913,pyteomics,11.659811499994248,E:/mzsql/MTBLS10066/20220923_LEAP-POS_S036/20220923_LEAP-POS_S036
ms1_spec,7913,pyopenms,4.470983000006527,E:/mzsql/MTBLS10066/20220923_LEAP-POS_S036/20220923_LEAP-POS_S036
ms1_spec,7913,pymzml,0.09001289983280003,E:/mzsql/MTBLS10066/20220923_LEAP-POS_S036/20220923_LEAP-POS_S036
ms1_spec,7913,mzMLb,13.517969999928027,E:/mzsql/MTBLS10066/20220923_LEAP-POS_S036/20220923_LEAP-POS_S036
ms1_spec,7913,mzDB,2.740118599962443,E:/mzsql/MTBLS10066/20220923_LEAP-POS_S036/20220923_LEAP-POS_S036
ms1_spec,7913,MZA,0.0022366000339388847,E:/mzsql/MTBLS10066/20220923_LEAP-POS_S036/20220923_LEAP-POS_S036
ms1_spec,7913,mz5,0.0890480000525713,E:/mzsql/MTBLS10066/20220923_LEAP-POS_S036/20220923_LEAP-POS_S036
ms1_spec,7913,SQLite,0.40081140003167093,E:/mzsql/MTBLS10066/20220923_LEAP-POS_S036/20220923_LEAP-POS_S036
ms1_spec,7913,DuckDB,0.022042500087991357,E:/mzsql/MTBLS10066/20220923_LEAP-POS_S036/20220923_LEAP-POS_S036
ms1_spec,7913,Parquet,0.09976650006137788,E:/mzsql/MTBLS10066/20220923_LEAP-POS_S036/20220923_LEAP-POS_S036
ms1_spec,3390,pyteomics,5.195245299953967,E:/mzsql/MTBLS10066/20220923_LEAP-POS_S036/20220923_LEAP-POS_S036
ms1_spec,3390,pyopenms,4.388860900187865,E:/mzsql/MTBLS10066/20220923_LEAP-POS_S036/20220923_LEAP-POS_S036
ms1_spec,3390,pymzml,0.09207740006968379,E:/mzsql/MTBLS10066/20220923_LEAP-POS_S036/20220923_LEAP-POS_S036
ms1_spec,3390,mzMLb,5.957159499870613,E:/mzsql/MTBLS10066/20220923_LEAP-POS_S036/20220923_LEAP-POS_S036
ms1_spec,3390,mzDB,0.06074099987745285,E:/mzsql/MTBLS10066/20220923_LEAP-POS_S036/20220923_LEAP-POS_S036
ms1_spec,3390,MZA,0.002516399836167693,E:/mzsql/MTBLS10066/20220923_LEAP-POS_S036/20220923_LEAP-POS_S036
ms1_spec,3390,mz5,0.09071459993720055,E:/mzsql/MTBLS10066/20220923_LEAP-POS_S036/20220923_LEAP-POS_S036
ms1_spec,3390,SQLite,0.3923579000402242,E:/mzsql/MTBLS10066/20220923_LEAP-POS_S036/20220923_LEAP-POS_S036
ms1_spec,3390,DuckDB,0.02730760001577437,E:/mzsql/MTBLS10066/20220923_LEAP-POS_S036/20220923_LEAP-POS_S036
ms1_spec,3390,Parquet,0.1284294999204576,E:/mzsql/MTBLS10066/20220923_LEAP-POS_S036/20220923_LEAP-POS_S036
ms1_spec,9977,pyteomics,13.656832000007853,E:/mzsql/MTBLS10066/20220923_LEAP-POS_S036/20220923_LEAP-POS_S036
ms1_spec,9977,pyopenms,4.511228499934077,E:/mzsql/MTBLS10066/20220923_LEAP-POS_S036/20220923_LEAP-POS_S036
ms1_spec,9977,pymzml,0.08896559989079833,E:/mzsql/MTBLS10066/20220923_LEAP-POS_S036/20220923_LEAP-POS_S036
ms1_spec,9977,mzMLb,16.276042300043628,E:/mzsql/MTBLS10066/20220923_LEAP-POS_S036/20220923_LEAP-POS_S036
ms1_spec,9977,mzDB,2.190275500062853,E:/mzsql/MTBLS10066/20220923_LEAP-POS_S036/20220923_LEAP-POS_S036
ms1_spec,9977,MZA,0.002247299998998642,E:/mzsql/MTBLS10066/20220923_LEAP-POS_S036/20220923_LEAP-POS_S036
ms1_spec,9977,mz5,0.08945619990117848,E:/mzsql/MTBLS10066/20220923_LEAP-POS_S036/20220923_LEAP-POS_S036
ms1_spec,9977,SQLite,0.40160240000113845,E:/mzsql/MTBLS10066/20220923_LEAP-POS_S036/20220923_LEAP-POS_S036
ms1_spec,9977,DuckDB,0.019440700067207217,E:/mzsql/MTBLS10066/20220923_LEAP-POS_S036/20220923_LEAP-POS_S036
ms1_spec,9977,Parquet,0.054677800042554736,E:/mzsql/MTBLS10066/20220923_LEAP-POS_S036/20220923_LEAP-POS_S036
ms1_spec,10466,pyteomics,14.256535300053656,E:/mzsql/MTBLS10066/20220923_LEAP-POS_S036/20220923_LEAP-POS_S036
ms1_spec,10466,pyopenms,4.583416299894452,E:/mzsql/MTBLS10066/20220923_LEAP-POS_S036/20220923_LEAP-POS_S036
ms1_spec,10466,pymzml,0.08834129991009831,E:/mzsql/MTBLS10066/20220923_LEAP-POS_S036/20220923_LEAP-POS_S036
ms1_spec,10466,mzMLb,17.108180799987167,E:/mzsql/MTBLS10066/20220923_LEAP-POS_S036/20220923_LEAP-POS_S036
ms1_spec,10466,mzDB,2.1008522000629455,E:/mzsql/MTBLS10066/20220923_LEAP-POS_S036/20220923_LEAP-POS_S036
ms1_spec,10466,MZA,0.0022766999900341034,E:/mzsql/MTBLS10066/20220923_LEAP-POS_S036/20220923_LEAP-POS_S036
ms1_spec,10466,mz5,0.08907709992490709,E:/mzsql/MTBLS10066/20220923_LEAP-POS_S036/20220923_LEAP-POS_S036
ms1_spec,10466,SQLite,0.399227499961853,E:/mzsql/MTBLS10066/20220923_LEAP-POS_S036/20220923_LEAP-POS_S036
ms1_spec,10466,DuckDB,0.019830599892884493,E:/mzsql/MTBLS10066/20220923_LEAP-POS_S036/20220923_LEAP-POS_S036
ms1_spec,10466,Parquet,0.05425829999148846,E:/mzsql/MTBLS10066/20220923_LEAP-POS_S036/20220923_LEAP-POS_S036
ms1_spec,8636,pyteomics,11.982645300216973,E:/mzsql/MTBLS10066/20220923_LEAP-POS_S036/20220923_LEAP-POS_S036
ms1_spec,8636,pyopenms,4.557742699980736,E:/mzsql/MTBLS10066/20220923_LEAP-POS_S036/20220923_LEAP-POS_S036
ms1_spec,8636,pymzml,0.09043940016999841,E:/mzsql/MTBLS10066/20220923_LEAP-POS_S036/20220923_LEAP-POS_S036
ms1_spec,8636,mzMLb,14.632762199966237,E:/mzsql/MTBLS10066/20220923_LEAP-POS_S036/20220923_LEAP-POS_S036
ms1_spec,8636,mzDB,2.6032523999456316,E:/mzsql/MTBLS10066/20220923_LEAP-POS_S036/20220923_LEAP-POS_S036
ms1_spec,8636,MZA,0.0022986000403761864,E:/mzsql/MTBLS10066/20220923_LEAP-POS_S036/20220923_LEAP-POS_S036
ms1_spec,8636,mz5,0.09057800006121397,E:/mzsql/MTBLS10066/20220923_LEAP-POS_S036/20220923_LEAP-POS_S036
ms1_spec,8636,SQLite,0.4031669001560658,E:/mzsql/MTBLS10066/20220923_LEAP-POS_S036/20220923_LEAP-POS_S036
ms1_spec,8636,DuckDB,0.020787799963727593,E:/mzsql/MTBLS10066/20220923_LEAP-POS_S036/20220923_LEAP-POS_S036
ms1_spec,8636,Parquet,0.07399319997057319,E:/mzsql/MTBLS10066/20220923_LEAP-POS_S036/20220923_LEAP-POS_S036
ms1_spec,9254,pyteomics,13.070155899971724,E:/mzsql/MTBLS10066/20220923_LEAP-POS_S036/20220923_LEAP-POS_S036
ms1_spec,9254,pyopenms,4.595855599967763,E:/mzsql/MTBLS10066/20220923_LEAP-POS_S036/20220923_LEAP-POS_S036
ms1_spec,9254,pymzml,0.08920020004734397,E:/mzsql/MTBLS10066/20220923_LEAP-POS_S036/20220923_LEAP-POS_S036
ms1_spec,9254,mzMLb,15.447553100064397,E:/mzsql/MTBLS10066/20220923_LEAP-POS_S036/20220923_LEAP-POS_S036
ms1_spec,9254,mzDB,2.975364499958232,E:/mzsql/MTBLS10066/20220923_LEAP-POS_S036/20220923_LEAP-POS_S036
ms1_spec,9254,MZA,0.0022644000127911568,E:/mzsql/MTBLS10066/20220923_LEAP-POS_S036/20220923_LEAP-POS_S036
ms1_spec,9254,mz5,0.09053710009902716,E:/mzsql/MTBLS10066/20220923_LEAP-POS_S036/20220923_LEAP-POS_S036
ms1_spec,9254,SQLite,0.4051252999342978,E:/mzsql/MTBLS10066/20220923_LEAP-POS_S036/20220923_LEAP-POS_S036
ms1_spec,9254,DuckDB,0.02071589999832213,E:/mzsql/MTBLS10066/20220923_LEAP-POS_S036/20220923_LEAP-POS_S036
ms1_spec,9254,Parquet,0.06835529999807477,E:/mzsql/MTBLS10066/20220923_LEAP-POS_S036/20220923_LEAP-POS_S036
ms1_spec,5166,pyteomics,7.655181299895048,E:/mzsql/MTBLS10066/20220923_LEAP-POS_S036/20220923_LEAP-POS_S036
ms1_spec,5166,pyopenms,4.594760600011796,E:/mzsql/MTBLS10066/20220923_LEAP-POS_S036/20220923_LEAP-POS_S036
ms1_spec,5166,pymzml,0.08753820019774139,E:/mzsql/MTBLS10066/20220923_LEAP-POS_S036/20220923_LEAP-POS_S036
ms1_spec,5166,mzMLb,8.724191199988127,E:/mzsql/MTBLS10066/20220923_LEAP-POS_S036/20220923_LEAP-POS_S036
ms1_spec,5166,mzDB,0.05672889994457364,E:/mzsql/MTBLS10066/20220923_LEAP-POS_S036/20220923_LEAP-POS_S036
ms1_spec,5166,MZA,0.0023307001683861017,E:/mzsql/MTBLS10066/20220923_LEAP-POS_S036/20220923_LEAP-POS_S036
ms1_spec,5166,mz5,0.0931283999234438,E:/mzsql/MTBLS10066/20220923_LEAP-POS_S036/20220923_LEAP-POS_S036
ms1_spec,5166,SQLite,0.39913100004196167,E:/mzsql/MTBLS10066/20220923_LEAP-POS_S036/20220923_LEAP-POS_S036
ms1_spec,5166,DuckDB,0.020500000100582838,E:/mzsql/MTBLS10066/20220923_LEAP-POS_S036/20220923_LEAP-POS_S036
ms1_spec,5166,Parquet,0.101414900040254,E:/mzsql/MTBLS10066/20220923_LEAP-POS_S036/20220923_LEAP-POS_S036
ms1_spec,206,pyteomics,0.9169491000939161,E:/mzsql/MTBLS10066/20220923_LEAP-POS_S036/20220923_LEAP-POS_S036
ms1_spec,206,pyopenms,4.448886099969968,E:/mzsql/MTBLS10066/20220923_LEAP-POS_S036/20220923_LEAP-POS_S036
ms1_spec,206,pymzml,0.09433160000480711,E:/mzsql/MTBLS10066/20220923_LEAP-POS_S036/20220923_LEAP-POS_S036
ms1_spec,206,mzMLb,0.42760130017995834,E:/mzsql/MTBLS10066/20220923_LEAP-POS_S036/20220923_LEAP-POS_S036
ms1_spec,206,mzDB,2.688816800015047,E:/mzsql/MTBLS10066/20220923_LEAP-POS_S036/20220923_LEAP-POS_S036
ms1_spec,206,MZA,0.002119600074365735,E:/mzsql/MTBLS10066/20220923_LEAP-POS_S036/20220923_LEAP-POS_S036
ms1_spec,206,mz5,0.08681820007041097,E:/mzsql/MTBLS10066/20220923_LEAP-POS_S036/20220923_LEAP-POS_S036
ms1_spec,206,SQLite,0.39834409998729825,E:/mzsql/MTBLS10066/20220923_LEAP-POS_S036/20220923_LEAP-POS_S036
ms1_spec,206,DuckDB,0.01916630007326603,E:/mzsql/MTBLS10066/20220923_LEAP-POS_S036/20220923_LEAP-POS_S036
ms1_spec,206,Parquet,0.08539399993605912,E:/mzsql/MTBLS10066/20220923_LEAP-POS_S036/20220923_LEAP-POS_S036
chrom,874.786376953125,pyteomics,16.969156300183386,E:/mzsql/MTBLS10066/20220923_LEAP-POS_S036/20220923_LEAP-POS_S036
chrom,874.786376953125,pyopenms,6.993174399947748,E:/mzsql/MTBLS10066/20220923_LEAP-POS_S036/20220923_LEAP-POS_S036
chrom,874.786376953125,pyopenms_2DPeak,4.448594500077888,E:/mzsql/MTBLS10066/20220923_LEAP-POS_S036/20220923_LEAP-POS_S036
chrom,874.786376953125,pymzml,9.695811900077388,E:/mzsql/MTBLS10066/20220923_LEAP-POS_S036/20220923_LEAP-POS_S036
chrom,874.786376953125,mzMLb,15.094447100069374,E:/mzsql/MTBLS10066/20220923_LEAP-POS_S036/20220923_LEAP-POS_S036
chrom,874.786376953125,mzDB,1.3156224999111146,E:/mzsql/MTBLS10066/20220923_LEAP-POS_S036/20220923_LEAP-POS_S036
chrom,874.786376953125,MZA,9.174300099955872,E:/mzsql/MTBLS10066/20220923_LEAP-POS_S036/20220923_LEAP-POS_S036
chrom,874.786376953125,mz5,20.143408400006592,E:/mzsql/MTBLS10066/20220923_LEAP-POS_S036/20220923_LEAP-POS_S036
chrom,874.786376953125,MZTree,1.5914154001511633,E:/mzsql/MTBLS10066/20220923_LEAP-POS_S036/20220923_LEAP-POS_S036
chrom,874.786376953125,mzMD,0.3749294998124242,E:/mzsql/MTBLS10066/20220923_LEAP-POS_S036/20220923_LEAP-POS_S036
chrom,874.786376953125,SQLite,0.4882839999627322,E:/mzsql/MTBLS10066/20220923_LEAP-POS_S036/20220923_LEAP-POS_S036
chrom,874.786376953125,DuckDB,0.0597445999737829,E:/mzsql/MTBLS10066/20220923_LEAP-POS_S036/20220923_LEAP-POS_S036
chrom,874.786376953125,Parquet,0.15401239995844662,E:/mzsql/MTBLS10066/20220923_LEAP-POS_S036/20220923_LEAP-POS_S036
chrom,758.5690307617188,pyteomics,16.89793279999867,E:/mzsql/MTBLS10066/20220923_LEAP-POS_S036/20220923_LEAP-POS_S036
chrom,758.5690307617188,pyopenms,7.01231830008328,E:/mzsql/MTBLS10066/20220923_LEAP-POS_S036/20220923_LEAP-POS_S036
chrom,758.5690307617188,pyopenms_2DPeak,4.4493760000914335,E:/mzsql/MTBLS10066/20220923_LEAP-POS_S036/20220923_LEAP-POS_S036
chrom,758.5690307617188,pymzml,9.339089999906719,E:/mzsql/MTBLS10066/20220923_LEAP-POS_S036/20220923_LEAP-POS_S036
chrom,758.5690307617188,mzMLb,15.067209200002253,E:/mzsql/MTBLS10066/20220923_LEAP-POS_S036/20220923_LEAP-POS_S036
chrom,758.5690307617188,mzDB,1.330561799928546,E:/mzsql/MTBLS10066/20220923_LEAP-POS_S036/20220923_LEAP-POS_S036
chrom,758.5690307617188,MZA,9.057164199883118,E:/mzsql/MTBLS10066/20220923_LEAP-POS_S036/20220923_LEAP-POS_S036
chrom,758.5690307617188,mz5,20.239088300149888,E:/mzsql/MTBLS10066/20220923_LEAP-POS_S036/20220923_LEAP-POS_S036
chrom,758.5690307617188,MZTree,0.7980920001864433,E:/mzsql/MTBLS10066/20220923_LEAP-POS_S036/20220923_LEAP-POS_S036
chrom,758.5690307617188,mzMD,0.3726838999427855,E:/mzsql/MTBLS10066/20220923_LEAP-POS_S036/20220923_LEAP-POS_S036
chrom,758.5690307617188,SQLite,0.4901552000083029,E:/mzsql/MTBLS10066/20220923_LEAP-POS_S036/20220923_LEAP-POS_S036
chrom,758.5690307617188,DuckDB,0.07973570004105568,E:/mzsql/MTBLS10066/20220923_LEAP-POS_S036/20220923_LEAP-POS_S036
chrom,758.5690307617188,Parquet,0.1509278998710215,E:/mzsql/MTBLS10066/20220923_LEAP-POS_S036/20220923_LEAP-POS_S036
chrom,496.33868408203125,pyteomics,15.744574900018051,E:/mzsql/MTBLS10066/20220923_LEAP-POS_S036/20220923_LEAP-POS_S036
chrom,496.33868408203125,pyopenms,5.615194099955261,E:/mzsql/MTBLS10066/20220923_LEAP-POS_S036/20220923_LEAP-POS_S036
chrom,496.33868408203125,pyopenms_2DPeak,4.530770699959248,E:/mzsql/MTBLS10066/20220923_LEAP-POS_S036/20220923_LEAP-POS_S036
chrom,496.33868408203125,pymzml,8.02050089999102,E:/mzsql/MTBLS10066/20220923_LEAP-POS_S036/20220923_LEAP-POS_S036
chrom,496.33868408203125,mzMLb,13.708178200060502,E:/mzsql/MTBLS10066/20220923_LEAP-POS_S036/20220923_LEAP-POS_S036
chrom,496.33868408203125,mzDB,0.49000320001505315,E:/mzsql/MTBLS10066/20220923_LEAP-POS_S036/20220923_LEAP-POS_S036
chrom,496.33868408203125,MZA,10.04357139999047,E:/mzsql/MTBLS10066/20220923_LEAP-POS_S036/20220923_LEAP-POS_S036
chrom,496.33868408203125,mz5,20.222062499960884,E:/mzsql/MTBLS10066/20220923_LEAP-POS_S036/20220923_LEAP-POS_S036
chrom,496.33868408203125,MZTree,0.3879539000336081,E:/mzsql/MTBLS10066/20220923_LEAP-POS_S036/20220923_LEAP-POS_S036
chrom,496.33868408203125,mzMD,0.40254159993492067,E:/mzsql/MTBLS10066/20220923_LEAP-POS_S036/20220923_LEAP-POS_S036
chrom,496.33868408203125,SQLite,0.4923084999900311,E:/mzsql/MTBLS10066/20220923_LEAP-POS_S036/20220923_LEAP-POS_S036
chrom,496.33868408203125,DuckDB,0.044492000015452504,E:/mzsql/MTBLS10066/20220923_LEAP-POS_S036/20220923_LEAP-POS_S036
chrom,496.33868408203125,Parquet,0.10890350001864135,E:/mzsql/MTBLS10066/20220923_LEAP-POS_S036/20220923_LEAP-POS_S036
chrom,703.5735473632812,pyteomics,15.968403599923477,E:/mzsql/MTBLS10066/20220923_LEAP-POS_S036/20220923_LEAP-POS_S036
chrom,703.5735473632812,pyopenms,5.752438999945298,E:/mzsql/MTBLS10066/20220923_LEAP-POS_S036/20220923_LEAP-POS_S036
chrom,703.5735473632812,pyopenms_2DPeak,4.56653040018864,E:/mzsql/MTBLS10066/20220923_LEAP-POS_S036/20220923_LEAP-POS_S036
chrom,703.5735473632812,pymzml,8.370209300192073,E:/mzsql/MTBLS10066/20220923_LEAP-POS_S036/20220923_LEAP-POS_S036
chrom,703.5735473632812,mzMLb,14.231580999912694,E:/mzsql/MTBLS10066/20220923_LEAP-POS_S036/20220923_LEAP-POS_S036
chrom,703.5735473632812,mzDB,1.3339249999262393,E:/mzsql/MTBLS10066/20220923_LEAP-POS_S036/20220923_LEAP-POS_S036
chrom,703.5735473632812,MZA,9.013521200045943,E:/mzsql/MTBLS10066/20220923_LEAP-POS_S036/20220923_LEAP-POS_S036
chrom,703.5735473632812,mz5,20.33340759994462,E:/mzsql/MTBLS10066/20220923_LEAP-POS_S036/20220923_LEAP-POS_S036
chrom,703.5735473632812,MZTree,0.5993901998735964,E:/mzsql/MTBLS10066/20220923_LEAP-POS_S036/20220923_LEAP-POS_S036
chrom,703.5735473632812,mzMD,0.37059129984118044,E:/mzsql/MTBLS10066/20220923_LEAP-POS_S036/20220923_LEAP-POS_S036
chrom,703.5735473632812,SQLite,0.479073999915272,E:/mzsql/MTBLS10066/20220923_LEAP-POS_S036/20220923_LEAP-POS_S036
chrom,703.5735473632812,DuckDB,0.04820400010794401,E:/mzsql/MTBLS10066/20220923_LEAP-POS_S036/20220923_LEAP-POS_S036
chrom,703.5735473632812,Parquet,0.14855569996871054,E:/mzsql/MTBLS10066/20220923_LEAP-POS_S036/20220923_LEAP-POS_S036
chrom,786.6006469726562,pyteomics,16.925323700066656,E:/mzsql/MTBLS10066/20220923_LEAP-POS_S036/20220923_LEAP-POS_S036
chrom,786.6006469726562,pyopenms,6.752513000043109,E:/mzsql/MTBLS10066/20220923_LEAP-POS_S036/20220923_LEAP-POS_S036
chrom,786.6006469726562,pyopenms_2DPeak,4.524153100093827,E:/mzsql/MTBLS10066/20220923_LEAP-POS_S036/20220923_LEAP-POS_S036
chrom,786.6006469726562,pymzml,8.95631240005605,E:/mzsql/MTBLS10066/20220923_LEAP-POS_S036/20220923_LEAP-POS_S036
chrom,786.6006469726562,mzMLb,14.620949500007555,E:/mzsql/MTBLS10066/20220923_LEAP-POS_S036/20220923_LEAP-POS_S036
chrom,786.6006469726562,mzDB,1.2691795001737773,E:/mzsql/MTBLS10066/20220923_LEAP-POS_S036/20220923_LEAP-POS_S036
chrom,786.6006469726562,MZA,9.903035400202498,E:/mzsql/MTBLS10066/20220923_LEAP-POS_S036/20220923_LEAP-POS_S036
chrom,786.6006469726562,mz5,20.003891499945894,E:/mzsql/MTBLS10066/20220923_LEAP-POS_S036/20220923_LEAP-POS_S036
chrom,786.6006469726562,MZTree,0.2635774000082165,E:/mzsql/MTBLS10066/20220923_LEAP-POS_S036/20220923_LEAP-POS_S036
chrom,786.6006469726562,mzMD,0.36128770001232624,E:/mzsql/MTBLS10066/20220923_LEAP-POS_S036/20220923_LEAP-POS_S036
chrom,786.6006469726562,SQLite,0.48316540010273457,E:/mzsql/MTBLS10066/20220923_LEAP-POS_S036/20220923_LEAP-POS_S036
chrom,786.6006469726562,DuckDB,0.07026249985210598,E:/mzsql/MTBLS10066/20220923_LEAP-POS_S036/20220923_LEAP-POS_S036
chrom,786.6006469726562,Parquet,0.15392439998686314,E:/mzsql/MTBLS10066/20220923_LEAP-POS_S036/20220923_LEAP-POS_S036
chrom,338.3415832519531,pyteomics,15.933591700159013,E:/mzsql/MTBLS10066/20220923_LEAP-POS_S036/20220923_LEAP-POS_S036
chrom,338.3415832519531,pyopenms,5.883054899983108,E:/mzsql/MTBLS10066/20220923_LEAP-POS_S036/20220923_LEAP-POS_S036
chrom,338.3415832519531,pyopenms_2DPeak,4.614374500000849,E:/mzsql/MTBLS10066/20220923_LEAP-POS_S036/20220923_LEAP-POS_S036
chrom,338.3415832519531,pymzml,8.240108400117606,E:/mzsql/MTBLS10066/20220923_LEAP-POS_S036/20220923_LEAP-POS_S036
chrom,338.3415832519531,mzMLb,13.962233199970797,E:/mzsql/MTBLS10066/20220923_LEAP-POS_S036/20220923_LEAP-POS_S036
chrom,338.3415832519531,mzDB,0.509351999964565,E:/mzsql/MTBLS10066/20220923_LEAP-POS_S036/20220923_LEAP-POS_S036
chrom,338.3415832519531,MZA,9.212768499972299,E:/mzsql/MTBLS10066/20220923_LEAP-POS_S036/20220923_LEAP-POS_S036
chrom,338.3415832519531,mz5,20.314520200015977,E:/mzsql/MTBLS10066/20220923_LEAP-POS_S036/20220923_LEAP-POS_S036
chrom,338.3415832519531,MZTree,0.5901975000742823,E:/mzsql/MTBLS10066/20220923_LEAP-POS_S036/20220923_LEAP-POS_S036
chrom,338.3415832519531,mzMD,0.429703600006178,E:/mzsql/MTBLS10066/20220923_LEAP-POS_S036/20220923_LEAP-POS_S036
chrom,338.3415832519531,SQLite,0.49968749983236194,E:/mzsql/MTBLS10066/20220923_LEAP-POS_S036/20220923_LEAP-POS_S036
chrom,338.3415832519531,DuckDB,0.05657829996198416,E:/mzsql/MTBLS10066/20220923_LEAP-POS_S036/20220923_LEAP-POS_S036
chrom,338.3415832519531,Parquet,0.10541599988937378,E:/mzsql/MTBLS10066/20220923_LEAP-POS_S036/20220923_LEAP-POS_S036
chrom,740.6766357421875,pyteomics,16.91514310007915,E:/mzsql/MTBLS10066/20220923_LEAP-POS_S036/20220923_LEAP-POS_S036
chrom,740.6766357421875,pyopenms,6.928065799875185,E:/mzsql/MTBLS10066/20220923_LEAP-POS_S036/20220923_LEAP-POS_S036
chrom,740.6766357421875,pyopenms_2DPeak,4.565277399960905,E:/mzsql/MTBLS10066/20220923_LEAP-POS_S036/20220923_LEAP-POS_S036
chrom,740.6766357421875,pymzml,9.423448200104758,E:/mzsql/MTBLS10066/20220923_LEAP-POS_S036/20220923_LEAP-POS_S036
chrom,740.6766357421875,mzMLb,15.160915700020269,E:/mzsql/MTBLS10066/20220923_LEAP-POS_S036/20220923_LEAP-POS_S036
chrom,740.6766357421875,mzDB,1.3378381000366062,E:/mzsql/MTBLS10066/20220923_LEAP-POS_S036/20220923_LEAP-POS_S036
chrom,740.6766357421875,MZA,9.265910599846393,E:/mzsql/MTBLS10066/20220923_LEAP-POS_S036/20220923_LEAP-POS_S036
chrom,740.6766357421875,mz5,20.446148100076243,E:/mzsql/MTBLS10066/20220923_LEAP-POS_S036/20220923_LEAP-POS_S036
chrom,740.6766357421875,MZTree,0.28917749994434416,E:/mzsql/MTBLS10066/20220923_LEAP-POS_S036/20220923_LEAP-POS_S036
chrom,740.6766357421875,mzMD,0.37368670012801886,E:/mzsql/MTBLS10066/20220923_LEAP-POS_S036/20220923_LEAP-POS_S036
chrom,740.6766357421875,SQLite,0.48815459990873933,E:/mzsql/MTBLS10066/20220923_LEAP-POS_S036/20220923_LEAP-POS_S036
chrom,740.6766357421875,DuckDB,0.07522669993340969,E:/mzsql/MTBLS10066/20220923_LEAP-POS_S036/20220923_LEAP-POS_S036
chrom,740.6766357421875,Parquet,0.15513109997846186,E:/mzsql/MTBLS10066/20220923_LEAP-POS_S036/20220923_LEAP-POS_S036
chrom,237.07948303222656,pyteomics,16.34447059989907,E:/mzsql/MTBLS10066/20220923_LEAP-POS_S036/20220923_LEAP-POS_S036
chrom,237.07948303222656,pyopenms,6.216029200004414,E:/mzsql/MTBLS10066/20220923_LEAP-POS_S036/20220923_LEAP-POS_S036
chrom,237.07948303222656,pyopenms_2DPeak,4.663226200034842,E:/mzsql/MTBLS10066/20220923_LEAP-POS_S036/20220923_LEAP-POS_S036
chrom,237.07948303222656,pymzml,8.426419100025669,E:/mzsql/MTBLS10066/20220923_LEAP-POS_S036/20220923_LEAP-POS_S036
chrom,237.07948303222656,mzMLb,14.123572699958459,E:/mzsql/MTBLS10066/20220923_LEAP-POS_S036/20220923_LEAP-POS_S036
chrom,237.07948303222656,mzDB,0.5139367000665516,E:/mzsql/MTBLS10066/20220923_LEAP-POS_S036/20220923_LEAP-POS_S036
chrom,237.07948303222656,MZA,9.860160199925303,E:/mzsql/MTBLS10066/20220923_LEAP-POS_S036/20220923_LEAP-POS_S036
chrom,237.07948303222656,mz5,20.447017800062895,E:/mzsql/MTBLS10066/20220923_LEAP-POS_S036/20220923_LEAP-POS_S036
chrom,237.07948303222656,MZTree,0.4478284998331219,E:/mzsql/MTBLS10066/20220923_LEAP-POS_S036/20220923_LEAP-POS_S036
chrom,237.07948303222656,mzMD,0.44626450003124774,E:/mzsql/MTBLS10066/20220923_LEAP-POS_S036/20220923_LEAP-POS_S036
chrom,237.07948303222656,SQLite,0.5127344999928027,E:/mzsql/MTBLS10066/20220923_LEAP-POS_S036/20220923_LEAP-POS_S036
chrom,237.07948303222656,DuckDB,0.06263820012100041,E:/mzsql/MTBLS10066/20220923_LEAP-POS_S036/20220923_LEAP-POS_S036
chrom,237.07948303222656,Parquet,0.1095345001667738,E:/mzsql/MTBLS10066/20220923_LEAP-POS_S036/20220923_LEAP-POS_S036
chrom,215.05938720703125,pyteomics,15.626661199843511,E:/mzsql/MTBLS10066/20220923_LEAP-POS_S036/20220923_LEAP-POS_S036
chrom,215.05938720703125,pyopenms,5.451800799928606,E:/mzsql/MTBLS10066/20220923_LEAP-POS_S036/20220923_LEAP-POS_S036
chrom,215.05938720703125,pyopenms_2DPeak,4.58698539994657,E:/mzsql/MTBLS10066/20220923_LEAP-POS_S036/20220923_LEAP-POS_S036
chrom,215.05938720703125,pymzml,7.731618999969214,E:/mzsql/MTBLS10066/20220923_LEAP-POS_S036/20220923_LEAP-POS_S036
chrom,215.05938720703125,mzMLb,13.443259600084275,E:/mzsql/MTBLS10066/20220923_LEAP-POS_S036/20220923_LEAP-POS_S036
chrom,215.05938720703125,mzDB,0.5180097001139075,E:/mzsql/MTBLS10066/20220923_LEAP-POS_S036/20220923_LEAP-POS_S036
chrom,215.05938720703125,MZA,9.306552299996838,E:/mzsql/MTBLS10066/20220923_LEAP-POS_S036/20220923_LEAP-POS_S036
chrom,215.05938720703125,mz5,20.421265700133517,E:/mzsql/MTBLS10066/20220923_LEAP-POS_S036/20220923_LEAP-POS_S036
chrom,215.05938720703125,MZTree,0.35266559990122914,E:/mzsql/MTBLS10066/20220923_LEAP-POS_S036/20220923_LEAP-POS_S036
chrom,215.05938720703125,mzMD,0.44197280006483197,E:/mzsql/MTBLS10066/20220923_LEAP-POS_S036/20220923_LEAP-POS_S036
chrom,215.05938720703125,SQLite,0.511033299844712,E:/mzsql/MTBLS10066/20220923_LEAP-POS_S036/20220923_LEAP-POS_S036
chrom,215.05938720703125,DuckDB,0.03602520003914833,E:/mzsql/MTBLS10066/20220923_LEAP-POS_S036/20220923_LEAP-POS_S036
chrom,215.05938720703125,Parquet,0.10848799999803305,E:/mzsql/MTBLS10066/20220923_LEAP-POS_S036/20220923_LEAP-POS_S036
chrom,815.7025146484375,pyteomics,16.187644300051033,E:/mzsql/MTBLS10066/20220923_LEAP-POS_S036/20220923_LEAP-POS_S036
chrom,815.7025146484375,pyopenms,6.1637017000466585,E:/mzsql/MTBLS10066/20220923_LEAP-POS_S036/20220923_LEAP-POS_S036
chrom,815.7025146484375,pyopenms_2DPeak,4.587851800024509,E:/mzsql/MTBLS10066/20220923_LEAP-POS_S036/20220923_LEAP-POS_S036
chrom,815.7025146484375,pymzml,8.434877600055188,E:/mzsql/MTBLS10066/20220923_LEAP-POS_S036/20220923_LEAP-POS_S036
chrom,815.7025146484375,mzMLb,14.269014699850231,E:/mzsql/MTBLS10066/20220923_LEAP-POS_S036/20220923_LEAP-POS_S036
chrom,815.7025146484375,mzDB,1.2674727998673916,E:/mzsql/MTBLS10066/20220923_LEAP-POS_S036/20220923_LEAP-POS_S036
chrom,815.7025146484375,MZA,9.864515600027516,E:/mzsql/MTBLS10066/20220923_LEAP-POS_S036/20220923_LEAP-POS_S036
chrom,815.7025146484375,mz5,20.398254400119185,E:/mzsql/MTBLS10066/20220923_LEAP-POS_S036/20220923_LEAP-POS_S036
chrom,815.7025146484375,MZTree,0.24497520015574992,E:/mzsql/MTBLS10066/20220923_LEAP-POS_S036/20220923_LEAP-POS_S036
chrom,815.7025146484375,mzMD,0.35073460009880364,E:/mzsql/MTBLS10066/20220923_LEAP-POS_S036/20220923_LEAP-POS_S036
chrom,815.7025146484375,SQLite,0.486443700036034,E:/mzsql/MTBLS10066/20220923_LEAP-POS_S036/20220923_LEAP-POS_S036
chrom,815.7025146484375,DuckDB,0.06470500002615154,E:/mzsql/MTBLS10066/20220923_LEAP-POS_S036/20220923_LEAP-POS_S036
chrom,815.7025146484375,Parquet,0.1656251000240445,E:/mzsql/MTBLS10066/20220923_LEAP-POS_S036/20220923_LEAP-POS_S036
rtrange,11.945875,pyteomics,14.947557599982247,E:/mzsql/MTBLS10066/20220923_LEAP-POS_S036/20220923_LEAP-POS_S036
rtrange,11.945875,pyopenms,4.8116365999449044,E:/mzsql/MTBLS10066/20220923_LEAP-POS_S036/20220923_LEAP-POS_S036
rtrange,11.945875,pyopenms_2DPeak,4.890329899964854,E:/mzsql/MTBLS10066/20220923_LEAP-POS_S036/20220923_LEAP-POS_S036
rtrange,11.945875,pymzml,5.580458600074053,E:/mzsql/MTBLS10066/20220923_LEAP-POS_S036/20220923_LEAP-POS_S036
rtrange,11.945875,mzMLb,13.156361100031063,E:/mzsql/MTBLS10066/20220923_LEAP-POS_S036/20220923_LEAP-POS_S036
rtrange,11.945875,mzDB,1.7819994001183659,E:/mzsql/MTBLS10066/20220923_LEAP-POS_S036/20220923_LEAP-POS_S036
rtrange,11.945875,MZA,0.2177935999352485,E:/mzsql/MTBLS10066/20220923_LEAP-POS_S036/20220923_LEAP-POS_S036
rtrange,11.945875,mz5,2.302280800184235,E:/mzsql/MTBLS10066/20220923_LEAP-POS_S036/20220923_LEAP-POS_S036
rtrange,11.945875,MZTree,0.46101689990609884,E:/mzsql/MTBLS10066/20220923_LEAP-POS_S036/20220923_LEAP-POS_S036
rtrange,11.945875,mzMD,0.6071039000526071,E:/mzsql/MTBLS10066/20220923_LEAP-POS_S036/20220923_LEAP-POS_S036
rtrange,11.945875,SQLite,0.5681932000443339,E:/mzsql/MTBLS10066/20220923_LEAP-POS_S036/20220923_LEAP-POS_S036
rtrange,11.945875,DuckDB,0.02848420012742281,E:/mzsql/MTBLS10066/20220923_LEAP-POS_S036/20220923_LEAP-POS_S036
rtrange,11.945875,Parquet,0.09142059995792806,E:/mzsql/MTBLS10066/20220923_LEAP-POS_S036/20220923_LEAP-POS_S036
rtrange,7.3621785,pyteomics,14.774587400024757,E:/mzsql/MTBLS10066/20220923_LEAP-POS_S036/20220923_LEAP-POS_S036
rtrange,7.3621785,pyopenms,4.805986399995163,E:/mzsql/MTBLS10066/20220923_LEAP-POS_S036/20220923_LEAP-POS_S036
rtrange,7.3621785,pyopenms_2DPeak,4.630390599835664,E:/mzsql/MTBLS10066/20220923_LEAP-POS_S036/20220923_LEAP-POS_S036
rtrange,7.3621785,pymzml,5.456164299976081,E:/mzsql/MTBLS10066/20220923_LEAP-POS_S036/20220923_LEAP-POS_S036
rtrange,7.3621785,mzMLb,12.845237700035796,E:/mzsql/MTBLS10066/20220923_LEAP-POS_S036/20220923_LEAP-POS_S036
rtrange,7.3621785,mzDB,1.9138230001553893,E:/mzsql/MTBLS10066/20220923_LEAP-POS_S036/20220923_LEAP-POS_S036
rtrange,7.3621785,MZA,0.3797226999886334,E:/mzsql/MTBLS10066/20220923_LEAP-POS_S036/20220923_LEAP-POS_S036
rtrange,7.3621785,mz5,2.2867610999383032,E:/mzsql/MTBLS10066/20220923_LEAP-POS_S036/20220923_LEAP-POS_S036
rtrange,7.3621785,MZTree,0.3982514999806881,E:/mzsql/MTBLS10066/20220923_LEAP-POS_S036/20220923_LEAP-POS_S036
rtrange,7.3621785,mzMD,0.6705710999667645,E:/mzsql/MTBLS10066/20220923_LEAP-POS_S036/20220923_LEAP-POS_S036
rtrange,7.3621785,SQLite,0.6217829000670463,E:/mzsql/MTBLS10066/20220923_LEAP-POS_S036/20220923_LEAP-POS_S036
rtrange,7.3621785,DuckDB,0.029574499931186438,E:/mzsql/MTBLS10066/20220923_LEAP-POS_S036/20220923_LEAP-POS_S036
rtrange,7.3621785,Parquet,0.09139769989997149,E:/mzsql/MTBLS10066/20220923_LEAP-POS_S036/20220923_LEAP-POS_S036
rtrange,3.5361767,pyteomics,14.898073500022292,E:/mzsql/MTBLS10066/20220923_LEAP-POS_S036/20220923_LEAP-POS_S036
rtrange,3.5361767,pyopenms,4.669066499918699,E:/mzsql/MTBLS10066/20220923_LEAP-POS_S036/20220923_LEAP-POS_S036
rtrange,3.5361767,pyopenms_2DPeak,4.590854400070384,E:/mzsql/MTBLS10066/20220923_LEAP-POS_S036/20220923_LEAP-POS_S036
rtrange,3.5361767,pymzml,5.477346699917689,E:/mzsql/MTBLS10066/20220923_LEAP-POS_S036/20220923_LEAP-POS_S036
rtrange,3.5361767,mzMLb,12.81420630007051,E:/mzsql/MTBLS10066/20220923_LEAP-POS_S036/20220923_LEAP-POS_S036
rtrange,3.5361767,mzDB,2.1326366998255253,E:/mzsql/MTBLS10066/20220923_LEAP-POS_S036/20220923_LEAP-POS_S036
rtrange,3.5361767,MZA,0.7309924000874162,E:/mzsql/MTBLS10066/20220923_LEAP-POS_S036/20220923_LEAP-POS_S036
rtrange,3.5361767,mz5,2.4585506001021713,E:/mzsql/MTBLS10066/20220923_LEAP-POS_S036/20220923_LEAP-POS_S036
rtrange,3.5361767,MZTree,0.6886853000614792,E:/mzsql/MTBLS10066/20220923_LEAP-POS_S036/20220923_LEAP-POS_S036
rtrange,3.5361767,mzMD,0.7913292997982353,E:/mzsql/MTBLS10066/20220923_LEAP-POS_S036/20220923_LEAP-POS_S036
rtrange,3.5361767,SQLite,0.6971732000820339,E:/mzsql/MTBLS10066/20220923_LEAP-POS_S036/20220923_LEAP-POS_S036
rtrange,3.5361767,DuckDB,0.03918829979375005,E:/mzsql/MTBLS10066/20220923_LEAP-POS_S036/20220923_LEAP-POS_S036
rtrange,3.5361767,Parquet,0.09291199990548193,E:/mzsql/MTBLS10066/20220923_LEAP-POS_S036/20220923_LEAP-POS_S036
rtrange,6.3448134,pyteomics,14.933603200130165,E:/mzsql/MTBLS10066/20220923_LEAP-POS_S036/20220923_LEAP-POS_S036
rtrange,6.3448134,pyopenms,4.6741037000902,E:/mzsql/MTBLS10066/20220923_LEAP-POS_S036/20220923_LEAP-POS_S036
rtrange,6.3448134,pyopenms_2DPeak,4.625921400031075,E:/mzsql/MTBLS10066/20220923_LEAP-POS_S036/20220923_LEAP-POS_S036
rtrange,6.3448134,pymzml,5.38779339985922,E:/mzsql/MTBLS10066/20220923_LEAP-POS_S036/20220923_LEAP-POS_S036
rtrange,6.3448134,mzMLb,12.983225499978289,E:/mzsql/MTBLS10066/20220923_LEAP-POS_S036/20220923_LEAP-POS_S036
rtrange,6.3448134,mzDB,1.9810148000251502,E:/mzsql/MTBLS10066/20220923_LEAP-POS_S036/20220923_LEAP-POS_S036
rtrange,6.3448134,MZA,0.6909356000833213,E:/mzsql/MTBLS10066/20220923_LEAP-POS_S036/20220923_LEAP-POS_S036
rtrange,6.3448134,mz5,2.4599747001193464,E:/mzsql/MTBLS10066/20220923_LEAP-POS_S036/20220923_LEAP-POS_S036
rtrange,6.3448134,MZTree,0.30110829998739064,E:/mzsql/MTBLS10066/20220923_LEAP-POS_S036/20220923_LEAP-POS_S036
rtrange,6.3448134,mzMD,0.7504310000222176,E:/mzsql/MTBLS10066/20220923_LEAP-POS_S036/20220923_LEAP-POS_S036
rtrange,6.3448134,SQLite,0.6663430999033153,E:/mzsql/MTBLS10066/20220923_LEAP-POS_S036/20220923_LEAP-POS_S036
rtrange,6.3448134,DuckDB,0.03505899989977479,E:/mzsql/MTBLS10066/20220923_LEAP-POS_S036/20220923_LEAP-POS_S036
rtrange,6.3448134,Parquet,0.0977394999936223,E:/mzsql/MTBLS10066/20220923_LEAP-POS_S036/20220923_LEAP-POS_S036
rtrange,8.4490854,pyteomics,14.778125900076702,E:/mzsql/MTBLS10066/20220923_LEAP-POS_S036/20220923_LEAP-POS_S036
rtrange,8.4490854,pyopenms,4.831300300080329,E:/mzsql/MTBLS10066/20220923_LEAP-POS_S036/20220923_LEAP-POS_S036
rtrange,8.4490854,pyopenms_2DPeak,4.756453400012106,E:/mzsql/MTBLS10066/20220923_LEAP-POS_S036/20220923_LEAP-POS_S036
rtrange,8.4490854,pymzml,5.4958434998989105,E:/mzsql/MTBLS10066/20220923_LEAP-POS_S036/20220923_LEAP-POS_S036
rtrange,8.4490854,mzMLb,12.93209969997406,E:/mzsql/MTBLS10066/20220923_LEAP-POS_S036/20220923_LEAP-POS_S036
rtrange,8.4490854,mzDB,5.1035995001439005,E:/mzsql/MTBLS10066/20220923_LEAP-POS_S036/20220923_LEAP-POS_S036
rtrange,8.4490854,MZA,0.6353607000783086,E:/mzsql/MTBLS10066/20220923_LEAP-POS_S036/20220923_LEAP-POS_S036
rtrange,8.4490854,mz5,2.5948097999207675,E:/mzsql/MTBLS10066/20220923_LEAP-POS_S036/20220923_LEAP-POS_S036
rtrange,8.4490854,MZTree,0.40174729982391,E:/mzsql/MTBLS10066/20220923_LEAP-POS_S036/20220923_LEAP-POS_S036
rtrange,8.4490854,mzMD,0.7320079000201076,E:/mzsql/MTBLS10066/20220923_LEAP-POS_S036/20220923_LEAP-POS_S036
rtrange,8.4490854,SQLite,0.6439281001221389,E:/mzsql/MTBLS10066/20220923_LEAP-POS_S036/20220923_LEAP-POS_S036
rtrange,8.4490854,DuckDB,0.03533009998500347,E:/mzsql/MTBLS10066/20220923_LEAP-POS_S036/20220923_LEAP-POS_S036
rtrange,8.4490854,Parquet,0.0926689999178052,E:/mzsql/MTBLS10066/20220923_LEAP-POS_S036/20220923_LEAP-POS_S036
rtrange,5.1923837,pyteomics,14.80283770011738,E:/mzsql/MTBLS10066/20220923_LEAP-POS_S036/20220923_LEAP-POS_S036
rtrange,5.1923837,pyopenms,4.8319823001511395,E:/mzsql/MTBLS10066/20220923_LEAP-POS_S036/20220923_LEAP-POS_S036
rtrange,5.1923837,pyopenms_2DPeak,4.654995599994436,E:/mzsql/MTBLS10066/20220923_LEAP-POS_S036/20220923_LEAP-POS_S036
rtrange,5.1923837,pymzml,5.61460219998844,E:/mzsql/MTBLS10066/20220923_LEAP-POS_S036/20220923_LEAP-POS_S036
rtrange,5.1923837,mzMLb,13.067347400123253,E:/mzsql/MTBLS10066/20220923_LEAP-POS_S036/20220923_LEAP-POS_S036
rtrange,5.1923837,mzDB,3.5125311999581754,E:/mzsql/MTBLS10066/20220923_LEAP-POS_S036/20220923_LEAP-POS_S036
rtrange,5.1923837,MZA,0.9148531998507679,E:/mzsql/MTBLS10066/20220923_LEAP-POS_S036/20220923_LEAP-POS_S036
rtrange,5.1923837,mz5,2.4479986999649554,E:/mzsql/MTBLS10066/20220923_LEAP-POS_S036/20220923_LEAP-POS_S036
rtrange,5.1923837,MZTree,0.7077077999711037,E:/mzsql/MTBLS10066/20220923_LEAP-POS_S036/20220923_LEAP-POS_S036
rtrange,5.1923837,mzMD,0.8418329998385161,E:/mzsql/MTBLS10066/20220923_LEAP-POS_S036/20220923_LEAP-POS_S036
rtrange,5.1923837,SQLite,0.7229677999857813,E:/mzsql/MTBLS10066/20220923_LEAP-POS_S036/20220923_LEAP-POS_S036
rtrange,5.1923837,DuckDB,0.03851610003039241,E:/mzsql/MTBLS10066/20220923_LEAP-POS_S036/20220923_LEAP-POS_S036
rtrange,5.1923837,Parquet,0.09372140001505613,E:/mzsql/MTBLS10066/20220923_LEAP-POS_S036/20220923_LEAP-POS_S036
rtrange,10.935747,pyteomics,15.62624999997206,E:/mzsql/MTBLS10066/20220923_LEAP-POS_S036/20220923_LEAP-POS_S036
rtrange,10.935747,pyopenms,4.776390800019726,E:/mzsql/MTBLS10066/20220923_LEAP-POS_S036/20220923_LEAP-POS_S036
rtrange,10.935747,pyopenms_2DPeak,4.848008099943399,E:/mzsql/MTBLS10066/20220923_LEAP-POS_S036/20220923_LEAP-POS_S036
rtrange,10.935747,pymzml,5.5708689000457525,E:/mzsql/MTBLS10066/20220923_LEAP-POS_S036/20220923_LEAP-POS_S036
rtrange,10.935747,mzMLb,13.039763299981132,E:/mzsql/MTBLS10066/20220923_LEAP-POS_S036/20220923_LEAP-POS_S036
rtrange,10.935747,mzDB,7.704053199850023,E:/mzsql/MTBLS10066/20220923_LEAP-POS_S036/20220923_LEAP-POS_S036
rtrange,10.935747,MZA,1.2238785000517964,E:/mzsql/MTBLS10066/20220923_LEAP-POS_S036/20220923_LEAP-POS_S036
rtrange,10.935747,mz5,2.590065299998969,E:/mzsql/MTBLS10066/20220923_LEAP-POS_S036/20220923_LEAP-POS_S036
rtrange,10.935747,MZTree,0.8250182999763638,E:/mzsql/MTBLS10066/20220923_LEAP-POS_S036/20220923_LEAP-POS_S036
rtrange,10.935747,mzMD,0.8859973999205977,E:/mzsql/MTBLS10066/20220923_LEAP-POS_S036/20220923_LEAP-POS_S036
rtrange,10.935747,SQLite,0.7215935001149774,E:/mzsql/MTBLS10066/20220923_LEAP-POS_S036/20220923_LEAP-POS_S036
rtrange,10.935747,DuckDB,0.05073480005376041,E:/mzsql/MTBLS10066/20220923_LEAP-POS_S036/20220923_LEAP-POS_S036
rtrange,10.935747,Parquet,0.09921839996241033,E:/mzsql/MTBLS10066/20220923_LEAP-POS_S036/20220923_LEAP-POS_S036
rtrange,2.5282449,pyteomics,14.889223899925128,E:/mzsql/MTBLS10066/20220923_LEAP-POS_S036/20220923_LEAP-POS_S036
rtrange,2.5282449,pyopenms,4.764410899952054,E:/mzsql/MTBLS10066/20220923_LEAP-POS_S036/20220923_LEAP-POS_S036
rtrange,2.5282449,pyopenms_2DPeak,4.61238900013268,E:/mzsql/MTBLS10066/20220923_LEAP-POS_S036/20220923_LEAP-POS_S036
rtrange,2.5282449,pymzml,5.46286810003221,E:/mzsql/MTBLS10066/20220923_LEAP-POS_S036/20220923_LEAP-POS_S036
rtrange,2.5282449,mzMLb,12.886487500043586,E:/mzsql/MTBLS10066/20220923_LEAP-POS_S036/20220923_LEAP-POS_S036
rtrange,2.5282449,mzDB,3.8237314000725746,E:/mzsql/MTBLS10066/20220923_LEAP-POS_S036/20220923_LEAP-POS_S036
rtrange,2.5282449,MZA,1.353077600011602,E:/mzsql/MTBLS10066/20220923_LEAP-POS_S036/20220923_LEAP-POS_S036
rtrange,2.5282449,mz5,2.3966276000719517,E:/mzsql/MTBLS10066/20220923_LEAP-POS_S036/20220923_LEAP-POS_S036
rtrange,2.5282449,MZTree,1.0068556000478566,E:/mzsql/MTBLS10066/20220923_LEAP-POS_S036/20220923_LEAP-POS_S036
rtrange,2.5282449,mzMD,1.0627532999496907,E:/mzsql/MTBLS10066/20220923_LEAP-POS_S036/20220923_LEAP-POS_S036
rtrange,2.5282449,SQLite,0.8598013001028448,E:/mzsql/MTBLS10066/20220923_LEAP-POS_S036/20220923_LEAP-POS_S036
rtrange,2.5282449,DuckDB,0.051454899832606316,E:/mzsql/MTBLS10066/20220923_LEAP-POS_S036/20220923_LEAP-POS_S036
rtrange,2.5282449,Parquet,0.09542590007185936,E:/mzsql/MTBLS10066/20220923_LEAP-POS_S036/20220923_LEAP-POS_S036
rtrange,1.0515381,pyteomics,14.779781500110403,E:/mzsql/MTBLS10066/20220923_LEAP-POS_S036/20220923_LEAP-POS_S036
rtrange,1.0515381,pyopenms,4.7930093999020755,E:/mzsql/MTBLS10066/20220923_LEAP-POS_S036/20220923_LEAP-POS_S036
rtrange,1.0515381,pyopenms_2DPeak,4.661590399919078,E:/mzsql/MTBLS10066/20220923_LEAP-POS_S036/20220923_LEAP-POS_S036
rtrange,1.0515381,pymzml,5.560268000001088,E:/mzsql/MTBLS10066/20220923_LEAP-POS_S036/20220923_LEAP-POS_S036
rtrange,1.0515381,mzMLb,12.974529100116342,E:/mzsql/MTBLS10066/20220923_LEAP-POS_S036/20220923_LEAP-POS_S036
rtrange,1.0515381,mzDB,5.321613100124523,E:/mzsql/MTBLS10066/20220923_LEAP-POS_S036/20220923_LEAP-POS_S036
rtrange,1.0515381,MZA,1.1551194998901337,E:/mzsql/MTBLS10066/20220923_LEAP-POS_S036/20220923_LEAP-POS_S036
rtrange,1.0515381,mz5,2.442558400100097,E:/mzsql/MTBLS10066/20220923_LEAP-POS_S036/20220923_LEAP-POS_S036
rtrange,1.0515381,MZTree,0.6274908999912441,E:/mzsql/MTBLS10066/20220923_LEAP-POS_S036/20220923_LEAP-POS_S036
rtrange,1.0515381,mzMD,0.963293599896133,E:/mzsql/MTBLS10066/20220923_LEAP-POS_S036/20220923_LEAP-POS_S036
rtrange,1.0515381,SQLite,0.8252914999611676,E:/mzsql/MTBLS10066/20220923_LEAP-POS_S036/20220923_LEAP-POS_S036
rtrange,1.0515381,DuckDB,0.05219389987178147,E:/mzsql/MTBLS10066/20220923_LEAP-POS_S036/20220923_LEAP-POS_S036
rtrange,1.0515381,Parquet,0.09485280001536012,E:/mzsql/MTBLS10066/20220923_LEAP-POS_S036/20220923_LEAP-POS_S036
rtrange,9.4538483,pyteomics,14.925977000035346,E:/mzsql/MTBLS10066/20220923_LEAP-POS_S036/20220923_LEAP-POS_S036
rtrange,9.4538483,pyopenms,4.855611999984831,E:/mzsql/MTBLS10066/20220923_LEAP-POS_S036/20220923_LEAP-POS_S036
rtrange,9.4538483,pyopenms_2DPeak,4.651892099995166,E:/mzsql/MTBLS10066/20220923_LEAP-POS_S036/20220923_LEAP-POS_S036
rtrange,9.4538483,pymzml,5.710139400092885,E:/mzsql/MTBLS10066/20220923_LEAP-POS_S036/20220923_LEAP-POS_S036
rtrange,9.4538483,mzMLb,13.273435400100425,E:/mzsql/MTBLS10066/20220923_LEAP-POS_S036/20220923_LEAP-POS_S036
rtrange,9.4538483,mzDB,8.829944599885494,E:/mzsql/MTBLS10066/20220923_LEAP-POS_S036/20220923_LEAP-POS_S036
rtrange,9.4538483,MZA,1.7088952001649886,E:/mzsql/MTBLS10066/20220923_LEAP-POS_S036/20220923_LEAP-POS_S036
rtrange,9.4538483,mz5,2.535209499998018,E:/mzsql/MTBLS10066/20220923_LEAP-POS_S036/20220923_LEAP-POS_S036
rtrange,9.4538483,MZTree,0.935061400057748,E:/mzsql/MTBLS10066/20220923_LEAP-POS_S036/20220923_LEAP-POS_S036
rtrange,9.4538483,mzMD,1.039882899960503,E:/mzsql/MTBLS10066/20220923_LEAP-POS_S036/20220923_LEAP-POS_S036
rtrange,9.4538483,SQLite,0.8292459000367671,E:/mzsql/MTBLS10066/20220923_LEAP-POS_S036/20220923_LEAP-POS_S036
rtrange,9.4538483,DuckDB,0.05689110001549125,E:/mzsql/MTBLS10066/20220923_LEAP-POS_S036/20220923_LEAP-POS_S036
rtrange,9.4538483,Parquet,0.09757510013878345,E:/mzsql/MTBLS10066/20220923_LEAP-POS_S036/20220923_LEAP-POS_S036
ms2_spec,6525,pyteomics,9.511541899992153,E:/mzsql/MTBLS10066/20220923_LEAP-POS_S036/20220923_LEAP-POS_S036
ms2_spec,6525,pyopenms,4.68447079998441,E:/mzsql/MTBLS10066/20220923_LEAP-POS_S036/20220923_LEAP-POS_S036
ms2_spec,6525,pymzml,0.08828869997523725,E:/mzsql/MTBLS10066/20220923_LEAP-POS_S036/20220923_LEAP-POS_S036
ms2_spec,6525,mzMLb,11.151634899899364,E:/mzsql/MTBLS10066/20220923_LEAP-POS_S036/20220923_LEAP-POS_S036
ms2_spec,6525,mzDB,0.05587989999912679,E:/mzsql/MTBLS10066/20220923_LEAP-POS_S036/20220923_LEAP-POS_S036
ms2_spec,6525,MZA,0.0021558001171797514,E:/mzsql/MTBLS10066/20220923_LEAP-POS_S036/20220923_LEAP-POS_S036
ms2_spec,6525,mz5,0.08863799995742738,E:/mzsql/MTBLS10066/20220923_LEAP-POS_S036/20220923_LEAP-POS_S036
ms2_spec,6525,SQLite,0.4057297999970615,E:/mzsql/MTBLS10066/20220923_LEAP-POS_S036/20220923_LEAP-POS_S036
ms2_spec,6525,DuckDB,0.019841500092297792,E:/mzsql/MTBLS10066/20220923_LEAP-POS_S036/20220923_LEAP-POS_S036
ms2_spec,6525,Parquet,0.09870319999754429,E:/mzsql/MTBLS10066/20220923_LEAP-POS_S036/20220923_LEAP-POS_S036
ms2_spec,8401,pyteomics,11.692371099954471,E:/mzsql/MTBLS10066/20220923_LEAP-POS_S036/20220923_LEAP-POS_S036
ms2_spec,8401,pyopenms,4.758136099902913,E:/mzsql/MTBLS10066/20220923_LEAP-POS_S036/20220923_LEAP-POS_S036
ms2_spec,8401,pymzml,0.08923259982839227,E:/mzsql/MTBLS10066/20220923_LEAP-POS_S036/20220923_LEAP-POS_S036
ms2_spec,8401,mzMLb,14.304055799962953,E:/mzsql/MTBLS10066/20220923_LEAP-POS_S036/20220923_LEAP-POS_S036
ms2_spec,8401,mzDB,2.550319799920544,E:/mzsql/MTBLS10066/20220923_LEAP-POS_S036/20220923_LEAP-POS_S036
ms2_spec,8401,MZA,0.0023743000347167253,E:/mzsql/MTBLS10066/20220923_LEAP-POS_S036/20220923_LEAP-POS_S036
ms2_spec,8401,mz5,0.09290040004998446,E:/mzsql/MTBLS10066/20220923_LEAP-POS_S036/20220923_LEAP-POS_S036
ms2_spec,8401,SQLite,0.4042913999874145,E:/mzsql/MTBLS10066/20220923_LEAP-POS_S036/20220923_LEAP-POS_S036
ms2_spec,8401,DuckDB,0.021241100039333105,E:/mzsql/MTBLS10066/20220923_LEAP-POS_S036/20220923_LEAP-POS_S036
ms2_spec,8401,Parquet,0.0675097000785172,E:/mzsql/MTBLS10066/20220923_LEAP-POS_S036/20220923_LEAP-POS_S036
ms2_spec,7117,pyteomics,10.244589200010523,E:/mzsql/MTBLS10066/20220923_LEAP-POS_S036/20220923_LEAP-POS_S036
ms2_spec,7117,pyopenms,4.7490297998301685,E:/mzsql/MTBLS10066/20220923_LEAP-POS_S036/20220923_LEAP-POS_S036
ms2_spec,7117,pymzml,0.08873940003104508,E:/mzsql/MTBLS10066/20220923_LEAP-POS_S036/20220923_LEAP-POS_S036
ms2_spec,7117,mzMLb,12.242701300187036,E:/mzsql/MTBLS10066/20220923_LEAP-POS_S036/20220923_LEAP-POS_S036
ms2_spec,7117,mzDB,1.4010098001454026,E:/mzsql/MTBLS10066/20220923_LEAP-POS_S036/20220923_LEAP-POS_S036
ms2_spec,7117,MZA,0.002291299868375063,E:/mzsql/MTBLS10066/20220923_LEAP-POS_S036/20220923_LEAP-POS_S036
ms2_spec,7117,mz5,0.09039879986084998,E:/mzsql/MTBLS10066/20220923_LEAP-POS_S036/20220923_LEAP-POS_S036
ms2_spec,7117,SQLite,0.4005744999740273,E:/mzsql/MTBLS10066/20220923_LEAP-POS_S036/20220923_LEAP-POS_S036
ms2_spec,7117,DuckDB,0.019980499986559153,E:/mzsql/MTBLS10066/20220923_LEAP-POS_S036/20220923_LEAP-POS_S036
ms2_spec,7117,Parquet,0.09922349988482893,E:/mzsql/MTBLS10066/20220923_LEAP-POS_S036/20220923_LEAP-POS_S036
ms2_spec,8824,pyteomics,12.292259499896318,E:/mzsql/MTBLS10066/20220923_LEAP-POS_S036/20220923_LEAP-POS_S036
ms2_spec,8824,pyopenms,4.834044600138441,E:/mzsql/MTBLS10066/20220923_LEAP-POS_S036/20220923_LEAP-POS_S036
ms2_spec,8824,pymzml,0.08950630016624928,E:/mzsql/MTBLS10066/20220923_LEAP-POS_S036/20220923_LEAP-POS_S036
ms2_spec,8824,mzMLb,14.953431400004774,E:/mzsql/MTBLS10066/20220923_LEAP-POS_S036/20220923_LEAP-POS_S036
ms2_spec,8824,mzDB,2.7266055999789387,E:/mzsql/MTBLS10066/20220923_LEAP-POS_S036/20220923_LEAP-POS_S036
ms2_spec,8824,MZA,0.0024234000593423843,E:/mzsql/MTBLS10066/20220923_LEAP-POS_S036/20220923_LEAP-POS_S036
ms2_spec,8824,mz5,0.09156149998307228,E:/mzsql/MTBLS10066/20220923_LEAP-POS_S036/20220923_LEAP-POS_S036
ms2_spec,8824,SQLite,0.4016824997961521,E:/mzsql/MTBLS10066/20220923_LEAP-POS_S036/20220923_LEAP-POS_S036
ms2_spec,8824,DuckDB,0.020264799939468503,E:/mzsql/MTBLS10066/20220923_LEAP-POS_S036/20220923_LEAP-POS_S036
ms2_spec,8824,Parquet,0.07385050016455352,E:/mzsql/MTBLS10066/20220923_LEAP-POS_S036/20220923_LEAP-POS_S036
ms2_spec,7965,pyteomics,11.468024999834597,E:/mzsql/MTBLS10066/20220923_LEAP-POS_S036/20220923_LEAP-POS_S036
ms2_spec,7965,pyopenms,4.781405800022185,E:/mzsql/MTBLS10066/20220923_LEAP-POS_S036/20220923_LEAP-POS_S036
ms2_spec,7965,pymzml,0.089086800115183,E:/mzsql/MTBLS10066/20220923_LEAP-POS_S036/20220923_LEAP-POS_S036
ms2_spec,7965,mzMLb,13.583041199948639,E:/mzsql/MTBLS10066/20220923_LEAP-POS_S036/20220923_LEAP-POS_S036
ms2_spec,7965,mzDB,2.7318794999737293,E:/mzsql/MTBLS10066/20220923_LEAP-POS_S036/20220923_LEAP-POS_S036
ms2_spec,7965,MZA,0.0023378999903798103,E:/mzsql/MTBLS10066/20220923_LEAP-POS_S036/20220923_LEAP-POS_S036
ms2_spec,7965,mz5,0.09094749996438622,E:/mzsql/MTBLS10066/20220923_LEAP-POS_S036/20220923_LEAP-POS_S036
ms2_spec,7965,SQLite,0.40400530002079904,E:/mzsql/MTBLS10066/20220923_LEAP-POS_S036/20220923_LEAP-POS_S036
ms2_spec,7965,DuckDB,0.019749099854379892,E:/mzsql/MTBLS10066/20220923_LEAP-POS_S036/20220923_LEAP-POS_S036
ms2_spec,7965,Parquet,0.11615319992415607,E:/mzsql/MTBLS10066/20220923_LEAP-POS_S036/20220923_LEAP-POS_S036
ms2_spec,8530,pyteomics,12.168348799925297,E:/mzsql/MTBLS10066/20220923_LEAP-POS_S036/20220923_LEAP-POS_S036
ms2_spec,8530,pyopenms,4.761152399936691,E:/mzsql/MTBLS10066/20220923_LEAP-POS_S036/20220923_LEAP-POS_S036
ms2_spec,8530,pymzml,0.08869070000946522,E:/mzsql/MTBLS10066/20220923_LEAP-POS_S036/20220923_LEAP-POS_S036
ms2_spec,8530,mzMLb,14.522818200057372,E:/mzsql/MTBLS10066/20220923_LEAP-POS_S036/20220923_LEAP-POS_S036
ms2_spec,8530,mzDB,2.616846599848941,E:/mzsql/MTBLS10066/20220923_LEAP-POS_S036/20220923_LEAP-POS_S036
ms2_spec,8530,MZA,0.0023672999814152718,E:/mzsql/MTBLS10066/20220923_LEAP-POS_S036/20220923_LEAP-POS_S036
ms2_spec,8530,mz5,0.09297719993628561,E:/mzsql/MTBLS10066/20220923_LEAP-POS_S036/20220923_LEAP-POS_S036
ms2_spec,8530,SQLite,0.40039389999583364,E:/mzsql/MTBLS10066/20220923_LEAP-POS_S036/20220923_LEAP-POS_S036
ms2_spec,8530,DuckDB,0.020828499924391508,E:/mzsql/MTBLS10066/20220923_LEAP-POS_S036/20220923_LEAP-POS_S036
ms2_spec,8530,Parquet,0.06828620005398989,E:/mzsql/MTBLS10066/20220923_LEAP-POS_S036/20220923_LEAP-POS_S036
ms2_spec,6874,pyteomics,9.911663000006229,E:/mzsql/MTBLS10066/20220923_LEAP-POS_S036/20220923_LEAP-POS_S036
ms2_spec,6874,pyopenms,4.872114399913698,E:/mzsql/MTBLS10066/20220923_LEAP-POS_S036/20220923_LEAP-POS_S036
ms2_spec,6874,pymzml,0.08852280001156032,E:/mzsql/MTBLS10066/20220923_LEAP-POS_S036/20220923_LEAP-POS_S036
ms2_spec,6874,mzMLb,11.721351400017738,E:/mzsql/MTBLS10066/20220923_LEAP-POS_S036/20220923_LEAP-POS_S036
ms2_spec,6874,mzDB,0.058336300076916814,E:/mzsql/MTBLS10066/20220923_LEAP-POS_S036/20220923_LEAP-POS_S036
ms2_spec,6874,MZA,0.0026183000300079584,E:/mzsql/MTBLS10066/20220923_LEAP-POS_S036/20220923_LEAP-POS_S036
ms2_spec,6874,mz5,0.09319830010645092,E:/mzsql/MTBLS10066/20220923_LEAP-POS_S036/20220923_LEAP-POS_S036
ms2_spec,6874,SQLite,0.4002191999461502,E:/mzsql/MTBLS10066/20220923_LEAP-POS_S036/20220923_LEAP-POS_S036
ms2_spec,6874,DuckDB,0.019993700087070465,E:/mzsql/MTBLS10066/20220923_LEAP-POS_S036/20220923_LEAP-POS_S036
ms2_spec,6874,Parquet,0.0988678999710828,E:/mzsql/MTBLS10066/20220923_LEAP-POS_S036/20220923_LEAP-POS_S036
ms2_spec,6137,pyteomics,8.888242000015453,E:/mzsql/MTBLS10066/20220923_LEAP-POS_S036/20220923_LEAP-POS_S036
ms2_spec,6137,pyopenms,4.821611700113863,E:/mzsql/MTBLS10066/20220923_LEAP-POS_S036/20220923_LEAP-POS_S036
ms2_spec,6137,pymzml,0.09087149985134602,E:/mzsql/MTBLS10066/20220923_LEAP-POS_S036/20220923_LEAP-POS_S036
ms2_spec,6137,mzMLb,10.737872599856928,E:/mzsql/MTBLS10066/20220923_LEAP-POS_S036/20220923_LEAP-POS_S036
ms2_spec,6137,mzDB,2.5043401001021266,E:/mzsql/MTBLS10066/20220923_LEAP-POS_S036/20220923_LEAP-POS_S036
ms2_spec,6137,MZA,0.002828999888151884,E:/mzsql/MTBLS10066/20220923_LEAP-POS_S036/20220923_LEAP-POS_S036
ms2_spec,6137,mz5,0.09398619993589818,E:/mzsql/MTBLS10066/20220923_LEAP-POS_S036/20220923_LEAP-POS_S036
ms2_spec,6137,SQLite,0.3890152999665588,E:/mzsql/MTBLS10066/20220923_LEAP-POS_S036/20220923_LEAP-POS_S036
ms2_spec,6137,DuckDB,0.027075800113379955,E:/mzsql/MTBLS10066/20220923_LEAP-POS_S036/20220923_LEAP-POS_S036
ms2_spec,6137,Parquet,0.11906079994514585,E:/mzsql/MTBLS10066/20220923_LEAP-POS_S036/20220923_LEAP-POS_S036
ms2_spec,8357,pyteomics,11.973101299954578,E:/mzsql/MTBLS10066/20220923_LEAP-POS_S036/20220923_LEAP-POS_S036
ms2_spec,8357,pyopenms,4.780138900037855,E:/mzsql/MTBLS10066/20220923_LEAP-POS_S036/20220923_LEAP-POS_S036
ms2_spec,8357,pymzml,0.09009360009804368,E:/mzsql/MTBLS10066/20220923_LEAP-POS_S036/20220923_LEAP-POS_S036
ms2_spec,8357,mzMLb,14.667104699881747,E:/mzsql/MTBLS10066/20220923_LEAP-POS_S036/20220923_LEAP-POS_S036
ms2_spec,8357,mzDB,2.6117302998900414,E:/mzsql/MTBLS10066/20220923_LEAP-POS_S036/20220923_LEAP-POS_S036
ms2_spec,8357,MZA,0.0023532002232968807,E:/mzsql/MTBLS10066/20220923_LEAP-POS_S036/20220923_LEAP-POS_S036
ms2_spec,8357,mz5,0.09122210019268095,E:/mzsql/MTBLS10066/20220923_LEAP-POS_S036/20220923_LEAP-POS_S036
ms2_spec,8357,SQLite,0.39903239998966455,E:/mzsql/MTBLS10066/20220923_LEAP-POS_S036/20220923_LEAP-POS_S036
ms2_spec,8357,DuckDB,0.020234100054949522,E:/mzsql/MTBLS10066/20220923_LEAP-POS_S036/20220923_LEAP-POS_S036
ms2_spec,8357,Parquet,0.06888959999196231,E:/mzsql/MTBLS10066/20220923_LEAP-POS_S036/20220923_LEAP-POS_S036
ms2_spec,522,pyteomics,1.273142300080508,E:/mzsql/MTBLS10066/20220923_LEAP-POS_S036/20220923_LEAP-POS_S036
ms2_spec,522,pyopenms,4.755430500023067,E:/mzsql/MTBLS10066/20220923_LEAP-POS_S036/20220923_LEAP-POS_S036
ms2_spec,522,pymzml,0.10037709982134402,E:/mzsql/MTBLS10066/20220923_LEAP-POS_S036/20220923_LEAP-POS_S036
ms2_spec,522,mzMLb,1.0261808999348432,E:/mzsql/MTBLS10066/20220923_LEAP-POS_S036/20220923_LEAP-POS_S036
ms2_spec,522,mzDB,0.06484429980628192,E:/mzsql/MTBLS10066/20220923_LEAP-POS_S036/20220923_LEAP-POS_S036
ms2_spec,522,MZA,0.002834599930793047,E:/mzsql/MTBLS10066/20220923_LEAP-POS_S036/20220923_LEAP-POS_S036
ms2_spec,522,mz5,0.1033803999889642,E:/mzsql/MTBLS10066/20220923_LEAP-POS_S036/20220923_LEAP-POS_S036
ms2_spec,522,SQLite,0.4371580998413265,E:/mzsql/MTBLS10066/20220923_LEAP-POS_S036/20220923_LEAP-POS_S036
ms2_spec,522,DuckDB,0.02878289995715022,E:/mzsql/MTBLS10066/20220923_LEAP-POS_S036/20220923_LEAP-POS_S036
ms2_spec,522,Parquet,0.1121224001981318,E:/mzsql/MTBLS10066/20220923_LEAP-POS_S036/20220923_LEAP-POS_S036
premz,666.618359386921,pyteomics,14.936760499840602,E:/mzsql/MTBLS10066/20220923_LEAP-POS_S036/20220923_LEAP-POS_S036
premz,666.618359386921,pyopenms,4.864563499810174,E:/mzsql/MTBLS10066/20220923_LEAP-POS_S036/20220923_LEAP-POS_S036
premz,666.618359386921,pymzml,5.602150999940932,E:/mzsql/MTBLS10066/20220923_LEAP-POS_S036/20220923_LEAP-POS_S036
premz,666.618359386921,mzMLb,12.675225199898705,E:/mzsql/MTBLS10066/20220923_LEAP-POS_S036/20220923_LEAP-POS_S036
premz,666.618359386921,mzDB,0.04880300001241267,E:/mzsql/MTBLS10066/20220923_LEAP-POS_S036/20220923_LEAP-POS_S036
premz,666.618359386921,MZA,4.663934800075367,E:/mzsql/MTBLS10066/20220923_LEAP-POS_S036/20220923_LEAP-POS_S036
premz,666.618359386921,SQLite,0.03134660003706813,E:/mzsql/MTBLS10066/20220923_LEAP-POS_S036/20220923_LEAP-POS_S036
premz,666.618359386921,DuckDB,0.020107500022277236,E:/mzsql/MTBLS10066/20220923_LEAP-POS_S036/20220923_LEAP-POS_S036
premz,666.618359386921,Parquet,0.02018220000900328,E:/mzsql/MTBLS10066/20220923_LEAP-POS_S036/20220923_LEAP-POS_S036
premz,876.800366222858,pyteomics,14.931950199883431,E:/mzsql/MTBLS10066/20220923_LEAP-POS_S036/20220923_LEAP-POS_S036
premz,876.800366222858,pyopenms,4.876064699841663,E:/mzsql/MTBLS10066/20220923_LEAP-POS_S036/20220923_LEAP-POS_S036
premz,876.800366222858,pymzml,5.556324400007725,E:/mzsql/MTBLS10066/20220923_LEAP-POS_S036/20220923_LEAP-POS_S036
premz,876.800366222858,mzMLb,12.81756200012751,E:/mzsql/MTBLS10066/20220923_LEAP-POS_S036/20220923_LEAP-POS_S036
premz,876.800366222858,mzDB,0.05067880009301007,E:/mzsql/MTBLS10066/20220923_LEAP-POS_S036/20220923_LEAP-POS_S036
premz,876.800366222858,MZA,4.784466600045562,E:/mzsql/MTBLS10066/20220923_LEAP-POS_S036/20220923_LEAP-POS_S036
premz,876.800366222858,SQLite,0.031098300125449896,E:/mzsql/MTBLS10066/20220923_LEAP-POS_S036/20220923_LEAP-POS_S036
premz,876.800366222858,DuckDB,0.019777300069108605,E:/mzsql/MTBLS10066/20220923_LEAP-POS_S036/20220923_LEAP-POS_S036
premz,876.800366222858,Parquet,0.018402199959382415,E:/mzsql/MTBLS10066/20220923_LEAP-POS_S036/20220923_LEAP-POS_S036
premz,874.784985363483,pyteomics,14.712355900090188,E:/mzsql/MTBLS10066/20220923_LEAP-POS_S036/20220923_LEAP-POS_S036
premz,874.784985363483,pyopenms,6.8332193999085575,E:/mzsql/MTBLS10066/20220923_LEAP-POS_S036/20220923_LEAP-POS_S036
premz,874.784985363483,pymzml,5.580170399975032,E:/mzsql/MTBLS10066/20220923_LEAP-POS_S036/20220923_LEAP-POS_S036
premz,874.784985363483,mzMLb,12.7511177000124,E:/mzsql/MTBLS10066/20220923_LEAP-POS_S036/20220923_LEAP-POS_S036
premz,874.784985363483,mzDB,0.047668999992311,E:/mzsql/MTBLS10066/20220923_LEAP-POS_S036/20220923_LEAP-POS_S036
premz,874.784985363483,MZA,4.70320379990153,E:/mzsql/MTBLS10066/20220923_LEAP-POS_S036/20220923_LEAP-POS_S036
premz,874.784985363483,SQLite,0.03034489997662604,E:/mzsql/MTBLS10066/20220923_LEAP-POS_S036/20220923_LEAP-POS_S036
premz,874.784985363483,DuckDB,0.019857999868690968,E:/mzsql/MTBLS10066/20220923_LEAP-POS_S036/20220923_LEAP-POS_S036
premz,874.784985363483,Parquet,0.02011139993555844,E:/mzsql/MTBLS10066/20220923_LEAP-POS_S036/20220923_LEAP-POS_S036
premz,758.568493664265,pyteomics,14.752017099875957,E:/mzsql/MTBLS10066/20220923_LEAP-POS_S036/20220923_LEAP-POS_S036
premz,758.568493664265,pyopenms,4.773642499931157,E:/mzsql/MTBLS10066/20220923_LEAP-POS_S036/20220923_LEAP-POS_S036
premz,758.568493664265,pymzml,5.639413400087506,E:/mzsql/MTBLS10066/20220923_LEAP-POS_S036/20220923_LEAP-POS_S036
premz,758.568493664265,mzMLb,12.855791100068018,E:/mzsql/MTBLS10066/20220923_LEAP-POS_S036/20220923_LEAP-POS_S036
premz,758.568493664265,mzDB,0.05916770012117922,E:/mzsql/MTBLS10066/20220923_LEAP-POS_S036/20220923_LEAP-POS_S036
premz,758.568493664265,MZA,4.796433700015768,E:/mzsql/MTBLS10066/20220923_LEAP-POS_S036/20220923_LEAP-POS_S036
premz,758.568493664265,SQLite,0.032397500006482005,E:/mzsql/MTBLS10066/20220923_LEAP-POS_S036/20220923_LEAP-POS_S036
premz,758.568493664265,DuckDB,0.021728399908170104,E:/mzsql/MTBLS10066/20220923_LEAP-POS_S036/20220923_LEAP-POS_S036
premz,758.568493664265,Parquet,0.018560499884188175,E:/mzsql/MTBLS10066/20220923_LEAP-POS_S036/20220923_LEAP-POS_S036
premz,786.601147472858,pyteomics,14.71808350016363,E:/mzsql/MTBLS10066/20220923_LEAP-POS_S036/20220923_LEAP-POS_S036
premz,786.601147472858,pyopenms,4.805952599970624,E:/mzsql/MTBLS10066/20220923_LEAP-POS_S036/20220923_LEAP-POS_S036
premz,786.601147472858,pymzml,5.789281799923629,E:/mzsql/MTBLS10066/20220923_LEAP-POS_S036/20220923_LEAP-POS_S036
premz,786.601147472858,mzMLb,13.110726100159809,E:/mzsql/MTBLS10066/20220923_LEAP-POS_S036/20220923_LEAP-POS_S036
premz,786.601147472858,mzDB,0.06162960012443364,E:/mzsql/MTBLS10066/20220923_LEAP-POS_S036/20220923_LEAP-POS_S036
premz,786.601147472858,MZA,4.949759499868378,E:/mzsql/MTBLS10066/20220923_LEAP-POS_S036/20220923_LEAP-POS_S036
premz,786.601147472858,SQLite,0.03177800006233156,E:/mzsql/MTBLS10066/20220923_LEAP-POS_S036/20220923_LEAP-POS_S036
premz,786.601147472858,DuckDB,0.020922499941661954,E:/mzsql/MTBLS10066/20220923_LEAP-POS_S036/20220923_LEAP-POS_S036
premz,786.601147472858,Parquet,0.018675100058317184,E:/mzsql/MTBLS10066/20220923_LEAP-POS_S036/20220923_LEAP-POS_S036
premz,703.574047863483,pyteomics,14.71023269998841,E:/mzsql/MTBLS10066/20220923_LEAP-POS_S036/20220923_LEAP-POS_S036
premz,703.574047863483,pyopenms,4.8023271998390555,E:/mzsql/MTBLS10066/20220923_LEAP-POS_S036/20220923_LEAP-POS_S036
premz,703.574047863483,pymzml,5.617891900008544,E:/mzsql/MTBLS10066/20220923_LEAP-POS_S036/20220923_LEAP-POS_S036
premz,703.574047863483,mzMLb,12.80308760004118,E:/mzsql/MTBLS10066/20220923_LEAP-POS_S036/20220923_LEAP-POS_S036
premz,703.574047863483,mzDB,0.05108010000549257,E:/mzsql/MTBLS10066/20220923_LEAP-POS_S036/20220923_LEAP-POS_S036
premz,703.574047863483,MZA,4.7821111001539975,E:/mzsql/MTBLS10066/20220923_LEAP-POS_S036/20220923_LEAP-POS_S036
premz,703.574047863483,SQLite,0.031802100129425526,E:/mzsql/MTBLS10066/20220923_LEAP-POS_S036/20220923_LEAP-POS_S036
premz,703.574047863483,DuckDB,0.021628200076520443,E:/mzsql/MTBLS10066/20220923_LEAP-POS_S036/20220923_LEAP-POS_S036
premz,703.574047863483,Parquet,0.020689799915999174,E:/mzsql/MTBLS10066/20220923_LEAP-POS_S036/20220923_LEAP-POS_S036
premz,781.559765636921,pyteomics,14.699311099946499,E:/mzsql/MTBLS10066/20220923_LEAP-POS_S036/20220923_LEAP-POS_S036
premz,781.559765636921,pyopenms,4.80860530002974,E:/mzsql/MTBLS10066/20220923_LEAP-POS_S036/20220923_LEAP-POS_S036
premz,781.559765636921,pymzml,5.591326399939135,E:/mzsql/MTBLS10066/20220923_LEAP-POS_S036/20220923_LEAP-POS_S036
premz,781.559765636921,mzMLb,12.819867999991402,E:/mzsql/MTBLS10066/20220923_LEAP-POS_S036/20220923_LEAP-POS_S036
premz,781.559765636921,mzDB,0.04704410000704229,E:/mzsql/MTBLS10066/20220923_LEAP-POS_S036/20220923_LEAP-POS_S036
premz,781.559765636921,MZA,4.752685600193217,E:/mzsql/MTBLS10066/20220923_LEAP-POS_S036/20220923_LEAP-POS_S036
premz,781.559765636921,SQLite,0.02951680007390678,E:/mzsql/MTBLS10066/20220923_LEAP-POS_S036/20220923_LEAP-POS_S036
premz,781.559765636921,DuckDB,0.020801799837499857,E:/mzsql/MTBLS10066/20220923_LEAP-POS_S036/20220923_LEAP-POS_S036
premz,781.559765636921,Parquet,0.0187434998806566,E:/mzsql/MTBLS10066/20220923_LEAP-POS_S036/20220923_LEAP-POS_S036
premz,899.796032726765,pyteomics,14.706463900161907,E:/mzsql/MTBLS10066/20220923_LEAP-POS_S036/20220923_LEAP-POS_S036
premz,899.796032726765,pyopenms,4.814289500005543,E:/mzsql/MTBLS10066/20220923_LEAP-POS_S036/20220923_LEAP-POS_S036
premz,899.796032726765,pymzml,5.762286400189623,E:/mzsql/MTBLS10066/20220923_LEAP-POS_S036/20220923_LEAP-POS_S036
premz,899.796032726765,mzMLb,13.055295399855822,E:/mzsql/MTBLS10066/20220923_LEAP-POS_S036/20220923_LEAP-POS_S036
premz,899.796032726765,mzDB,0.04569389997050166,E:/mzsql/MTBLS10066/20220923_LEAP-POS_S036/20220923_LEAP-POS_S036
premz,899.796032726765,MZA,4.792484299978241,E:/mzsql/MTBLS10066/20220923_LEAP-POS_S036/20220923_LEAP-POS_S036
premz,899.796032726765,SQLite,0.029321299865841866,E:/mzsql/MTBLS10066/20220923_LEAP-POS_S036/20220923_LEAP-POS_S036
premz,899.796032726765,DuckDB,0.01923849992454052,E:/mzsql/MTBLS10066/20220923_LEAP-POS_S036/20220923_LEAP-POS_S036
premz,899.796032726765,Parquet,0.018116499995812774,E:/mzsql/MTBLS10066/20220923_LEAP-POS_S036/20220923_LEAP-POS_S036
premz,898.78260499239,pyteomics,14.722670200048015,E:/mzsql/MTBLS10066/20220923_LEAP-POS_S036/20220923_LEAP-POS_S036
premz,898.78260499239,pyopenms,4.817718800157309,E:/mzsql/MTBLS10066/20220923_LEAP-POS_S036/20220923_LEAP-POS_S036
premz,898.78260499239,pymzml,5.617060599848628,E:/mzsql/MTBLS10066/20220923_LEAP-POS_S036/20220923_LEAP-POS_S036
premz,898.78260499239,mzMLb,12.847126399865374,E:/mzsql/MTBLS10066/20220923_LEAP-POS_S036/20220923_LEAP-POS_S036
premz,898.78260499239,mzDB,0.04855960002169013,E:/mzsql/MTBLS10066/20220923_LEAP-POS_S036/20220923_LEAP-POS_S036
premz,898.78260499239,MZA,4.767886099871248,E:/mzsql/MTBLS10066/20220923_LEAP-POS_S036/20220923_LEAP-POS_S036
premz,898.78260499239,SQLite,0.03088099998421967,E:/mzsql/MTBLS10066/20220923_LEAP-POS_S036/20220923_LEAP-POS_S036
premz,898.78260499239,DuckDB,0.020354699809104204,E:/mzsql/MTBLS10066/20220923_LEAP-POS_S036/20220923_LEAP-POS_S036
premz,898.78260499239,Parquet,0.018389899982139468,E:/mzsql/MTBLS10066/20220923_LEAP-POS_S036/20220923_LEAP-POS_S036
premz,782.568859875202,pyteomics,14.515945799881592,E:/mzsql/MTBLS10066/20220923_LEAP-POS_S036/20220923_LEAP-POS_S036
premz,782.568859875202,pyopenms,4.835086099803448,E:/mzsql/MTBLS10066/20220923_LEAP-POS_S036/20220923_LEAP-POS_S036
premz,782.568859875202,pymzml,5.751670700032264,E:/mzsql/MTBLS10066/20220923_LEAP-POS_S036/20220923_LEAP-POS_S036
premz,782.568859875202,mzMLb,12.980544700054452,E:/mzsql/MTBLS10066/20220923_LEAP-POS_S036/20220923_LEAP-POS_S036
premz,782.568859875202,mzDB,0.058716699946671724,E:/mzsql/MTBLS10066/20220923_LEAP-POS_S036/20220923_LEAP-POS_S036
premz,782.568859875202,MZA,4.784485199954361,E:/mzsql/MTBLS10066/20220923_LEAP-POS_S036/20220923_LEAP-POS_S036
premz,782.568859875202,SQLite,0.032037399942055345,E:/mzsql/MTBLS10066/20220923_LEAP-POS_S036/20220923_LEAP-POS_S036
premz,782.568859875202,DuckDB,0.026052300119772553,E:/mzsql/MTBLS10066/20220923_LEAP-POS_S036/20220923_LEAP-POS_S036
premz,782.568859875202,Parquet,0.03180820005945861,E:/mzsql/MTBLS10066/20220923_LEAP-POS_S036/20220923_LEAP-POS_S036
fragmz,369.3511962890625,pyteomics,16.252219900023192,E:/mzsql/MTBLS10066/20220923_LEAP-POS_S036/20220923_LEAP-POS_S036
fragmz,369.3511962890625,pyopenms,5.1672012999188155,E:/mzsql/MTBLS10066/20220923_LEAP-POS_S036/20220923_LEAP-POS_S036
fragmz,369.3511962890625,pymzml,6.706335700117052,E:/mzsql/MTBLS10066/20220923_LEAP-POS_S036/20220923_LEAP-POS_S036
fragmz,369.3511962890625,mzMLb,14.547345800092444,E:/mzsql/MTBLS10066/20220923_LEAP-POS_S036/20220923_LEAP-POS_S036
fragmz,369.3511962890625,mzDB,5.543988999910653,E:/mzsql/MTBLS10066/20220923_LEAP-POS_S036/20220923_LEAP-POS_S036
fragmz,369.3511962890625,MZA,26.49759200005792,E:/mzsql/MTBLS10066/20220923_LEAP-POS_S036/20220923_LEAP-POS_S036
fragmz,369.3511962890625,SQLite,0.029732099967077374,E:/mzsql/MTBLS10066/20220923_LEAP-POS_S036/20220923_LEAP-POS_S036
fragmz,369.3511962890625,DuckDB,0.02184759988449514,E:/mzsql/MTBLS10066/20220923_LEAP-POS_S036/20220923_LEAP-POS_S036
fragmz,369.3511962890625,Parquet,0.018614199943840504,E:/mzsql/MTBLS10066/20220923_LEAP-POS_S036/20220923_LEAP-POS_S036
fragmz,577.5186157226562,pyteomics,16.013918599812314,E:/mzsql/MTBLS10066/20220923_LEAP-POS_S036/20220923_LEAP-POS_S036
fragmz,577.5186157226562,pyopenms,5.1687065998557955,E:/mzsql/MTBLS10066/20220923_LEAP-POS_S036/20220923_LEAP-POS_S036
fragmz,577.5186157226562,pymzml,6.674191400175914,E:/mzsql/MTBLS10066/20220923_LEAP-POS_S036/20220923_LEAP-POS_S036
fragmz,577.5186157226562,mzMLb,14.341493499930948,E:/mzsql/MTBLS10066/20220923_LEAP-POS_S036/20220923_LEAP-POS_S036
fragmz,577.5186157226562,mzDB,5.44254030007869,E:/mzsql/MTBLS10066/20220923_LEAP-POS_S036/20220923_LEAP-POS_S036
fragmz,577.5186157226562,MZA,26.10542599996552,E:/mzsql/MTBLS10066/20220923_LEAP-POS_S036/20220923_LEAP-POS_S036
fragmz,577.5186157226562,SQLite,0.03056730004027486,E:/mzsql/MTBLS10066/20220923_LEAP-POS_S036/20220923_LEAP-POS_S036
fragmz,577.5186157226562,DuckDB,0.023219899972900748,E:/mzsql/MTBLS10066/20220923_LEAP-POS_S036/20220923_LEAP-POS_S036
fragmz,577.5186157226562,Parquet,0.018464700086042285,E:/mzsql/MTBLS10066/20220923_LEAP-POS_S036/20220923_LEAP-POS_S036
fragmz,184.07302856445312,pyteomics,16.03678600001149,E:/mzsql/MTBLS10066/20220923_LEAP-POS_S036/20220923_LEAP-POS_S036
fragmz,184.07302856445312,pyopenms,5.394996199989691,E:/mzsql/MTBLS10066/20220923_LEAP-POS_S036/20220923_LEAP-POS_S036
fragmz,184.07302856445312,pymzml,6.716741000069305,E:/mzsql/MTBLS10066/20220923_LEAP-POS_S036/20220923_LEAP-POS_S036
fragmz,184.07302856445312,mzMLb,14.204350300133228,E:/mzsql/MTBLS10066/20220923_LEAP-POS_S036/20220923_LEAP-POS_S036
fragmz,184.07302856445312,mzDB,5.459835099987686,E:/mzsql/MTBLS10066/20220923_LEAP-POS_S036/20220923_LEAP-POS_S036
fragmz,184.07302856445312,MZA,25.865928899962455,E:/mzsql/MTBLS10066/20220923_LEAP-POS_S036/20220923_LEAP-POS_S036
fragmz,184.07302856445312,SQLite,0.0339246999938041,E:/mzsql/MTBLS10066/20220923_LEAP-POS_S036/20220923_LEAP-POS_S036
fragmz,184.07302856445312,DuckDB,0.027678599813953042,E:/mzsql/MTBLS10066/20220923_LEAP-POS_S036/20220923_LEAP-POS_S036
fragmz,184.07302856445312,Parquet,0.018827500054612756,E:/mzsql/MTBLS10066/20220923_LEAP-POS_S036/20220923_LEAP-POS_S036
fragmz,578.5218505859375,pyteomics,16.03472809982486,E:/mzsql/MTBLS10066/20220923_LEAP-POS_S036/20220923_LEAP-POS_S036
fragmz,578.5218505859375,pyopenms,5.125731700100005,E:/mzsql/MTBLS10066/20220923_LEAP-POS_S036/20220923_LEAP-POS_S036
fragmz,578.5218505859375,pymzml,6.458703199867159,E:/mzsql/MTBLS10066/20220923_LEAP-POS_S036/20220923_LEAP-POS_S036
fragmz,578.5218505859375,mzMLb,14.230083600152284,E:/mzsql/MTBLS10066/20220923_LEAP-POS_S036/20220923_LEAP-POS_S036
fragmz,578.5218505859375,mzDB,5.442505300045013,E:/mzsql/MTBLS10066/20220923_LEAP-POS_S036/20220923_LEAP-POS_S036
fragmz,578.5218505859375,MZA,25.86971260001883,E:/mzsql/MTBLS10066/20220923_LEAP-POS_S036/20220923_LEAP-POS_S036
fragmz,578.5218505859375,SQLite,0.030485899886116385,E:/mzsql/MTBLS10066/20220923_LEAP-POS_S036/20220923_LEAP-POS_S036
fragmz,578.5218505859375,DuckDB,0.02297369996085763,E:/mzsql/MTBLS10066/20220923_LEAP-POS_S036/20220923_LEAP-POS_S036
fragmz,578.5218505859375,Parquet,0.01879850006662309,E:/mzsql/MTBLS10066/20220923_LEAP-POS_S036/20220923_LEAP-POS_S036
fragmz,601.518310546875,pyteomics,16.019855899969116,E:/mzsql/MTBLS10066/20220923_LEAP-POS_S036/20220923_LEAP-POS_S036
fragmz,601.518310546875,pyopenms,5.090477199992165,E:/mzsql/MTBLS10066/20220923_LEAP-POS_S036/20220923_LEAP-POS_S036
fragmz,601.518310546875,pymzml,6.545964700169861,E:/mzsql/MTBLS10066/20220923_LEAP-POS_S036/20220923_LEAP-POS_S036
fragmz,601.518310546875,mzMLb,14.150045499904081,E:/mzsql/MTBLS10066/20220923_LEAP-POS_S036/20220923_LEAP-POS_S036
fragmz,601.518310546875,mzDB,5.440374400001019,E:/mzsql/MTBLS10066/20220923_LEAP-POS_S036/20220923_LEAP-POS_S036
fragmz,601.518310546875,MZA,25.876873899949715,E:/mzsql/MTBLS10066/20220923_LEAP-POS_S036/20220923_LEAP-POS_S036
fragmz,601.518310546875,SQLite,0.030348100000992417,E:/mzsql/MTBLS10066/20220923_LEAP-POS_S036/20220923_LEAP-POS_S036
fragmz,601.518310546875,DuckDB,0.023456300143152475,E:/mzsql/MTBLS10066/20220923_LEAP-POS_S036/20220923_LEAP-POS_S036
fragmz,601.518310546875,Parquet,0.01873759995214641,E:/mzsql/MTBLS10066/20220923_LEAP-POS_S036/20220923_LEAP-POS_S036
fragmz,575.5020141601562,pyteomics,15.78252730006352,E:/mzsql/MTBLS10066/20220923_LEAP-POS_S036/20220923_LEAP-POS_S036
fragmz,575.5020141601562,pyopenms,5.090853599831462,E:/mzsql/MTBLS10066/20220923_LEAP-POS_S036/20220923_LEAP-POS_S036
fragmz,575.5020141601562,pymzml,6.709999599959701,E:/mzsql/MTBLS10066/20220923_LEAP-POS_S036/20220923_LEAP-POS_S036
fragmz,575.5020141601562,mzMLb,14.511270299786702,E:/mzsql/MTBLS10066/20220923_LEAP-POS_S036/20220923_LEAP-POS_S036
fragmz,575.5020141601562,mzDB,5.537597799906507,E:/mzsql/MTBLS10066/20220923_LEAP-POS_S036/20220923_LEAP-POS_S036
fragmz,575.5020141601562,MZA,26.24018510011956,E:/mzsql/MTBLS10066/20220923_LEAP-POS_S036/20220923_LEAP-POS_S036
fragmz,575.5020141601562,SQLite,0.030620399862527847,E:/mzsql/MTBLS10066/20220923_LEAP-POS_S036/20220923_LEAP-POS_S036
fragmz,575.5020141601562,DuckDB,0.02319750003516674,E:/mzsql/MTBLS10066/20220923_LEAP-POS_S036/20220923_LEAP-POS_S036
fragmz,575.5020141601562,Parquet,0.018461199942976236,E:/mzsql/MTBLS10066/20220923_LEAP-POS_S036/20220923_LEAP-POS_S036
fragmz,603.533935546875,pyteomics,15.996471700025722,E:/mzsql/MTBLS10066/20220923_LEAP-POS_S036/20220923_LEAP-POS_S036
fragmz,603.533935546875,pyopenms,5.078119599958882,E:/mzsql/MTBLS10066/20220923_LEAP-POS_S036/20220923_LEAP-POS_S036
fragmz,603.533935546875,pymzml,6.484310999978334,E:/mzsql/MTBLS10066/20220923_LEAP-POS_S036/20220923_LEAP-POS_S036
fragmz,603.533935546875,mzMLb,14.163417599862441,E:/mzsql/MTBLS10066/20220923_LEAP-POS_S036/20220923_LEAP-POS_S036
fragmz,603.533935546875,mzDB,5.443385199876502,E:/mzsql/MTBLS10066/20220923_LEAP-POS_S036/20220923_LEAP-POS_S036
fragmz,603.533935546875,MZA,25.96363570005633,E:/mzsql/MTBLS10066/20220923_LEAP-POS_S036/20220923_LEAP-POS_S036
fragmz,603.533935546875,SQLite,0.030231600161641836,E:/mzsql/MTBLS10066/20220923_LEAP-POS_S036/20220923_LEAP-POS_S036
fragmz,603.533935546875,DuckDB,0.0228770999237895,E:/mzsql/MTBLS10066/20220923_LEAP-POS_S036/20220923_LEAP-POS_S036
fragmz,603.533935546875,Parquet,0.018724899971857667,E:/mzsql/MTBLS10066/20220923_LEAP-POS_S036/20220923_LEAP-POS_S036
fragmz,95.0853500366211,pyteomics,16.002456199843436,E:/mzsql/MTBLS10066/20220923_LEAP-POS_S036/20220923_LEAP-POS_S036
fragmz,95.0853500366211,pyopenms,5.787028199993074,E:/mzsql/MTBLS10066/20220923_LEAP-POS_S036/20220923_LEAP-POS_S036
fragmz,95.0853500366211,pymzml,7.076031200122088,E:/mzsql/MTBLS10066/20220923_LEAP-POS_S036/20220923_LEAP-POS_S036
fragmz,95.0853500366211,mzMLb,14.153855999931693,E:/mzsql/MTBLS10066/20220923_LEAP-POS_S036/20220923_LEAP-POS_S036
fragmz,95.0853500366211,mzDB,5.4607826001010835,E:/mzsql/MTBLS10066/20220923_LEAP-POS_S036/20220923_LEAP-POS_S036
fragmz,95.0853500366211,MZA,25.98892700020224,E:/mzsql/MTBLS10066/20220923_LEAP-POS_S036/20220923_LEAP-POS_S036
fragmz,95.0853500366211,SQLite,0.039768800139427185,E:/mzsql/MTBLS10066/20220923_LEAP-POS_S036/20220923_LEAP-POS_S036
fragmz,95.0853500366211,DuckDB,0.030115699861198664,E:/mzsql/MTBLS10066/20220923_LEAP-POS_S036/20220923_LEAP-POS_S036
fragmz,95.0853500366211,Parquet,0.02018659980967641,E:/mzsql/MTBLS10066/20220923_LEAP-POS_S036/20220923_LEAP-POS_S036
fragmz,370.35455322265625,pyteomics,16.01942989998497,E:/mzsql/MTBLS10066/20220923_LEAP-POS_S036/20220923_LEAP-POS_S036
fragmz,370.35455322265625,pyopenms,5.0396354999393225,E:/mzsql/MTBLS10066/20220923_LEAP-POS_S036/20220923_LEAP-POS_S036
fragmz,370.35455322265625,pymzml,6.643882799893618,E:/mzsql/MTBLS10066/20220923_LEAP-POS_S036/20220923_LEAP-POS_S036
fragmz,370.35455322265625,mzMLb,14.404093699995428,E:/mzsql/MTBLS10066/20220923_LEAP-POS_S036/20220923_LEAP-POS_S036
fragmz,370.35455322265625,mzDB,5.515366300009191,E:/mzsql/MTBLS10066/20220923_LEAP-POS_S036/20220923_LEAP-POS_S036
fragmz,370.35455322265625,MZA,26.490252499934286,E:/mzsql/MTBLS10066/20220923_LEAP-POS_S036/20220923_LEAP-POS_S036
fragmz,370.35455322265625,SQLite,0.030021699843928218,E:/mzsql/MTBLS10066/20220923_LEAP-POS_S036/20220923_LEAP-POS_S036
fragmz,370.35455322265625,DuckDB,0.022021899931132793,E:/mzsql/MTBLS10066/20220923_LEAP-POS_S036/20220923_LEAP-POS_S036
fragmz,370.35455322265625,Parquet,0.01866509998217225,E:/mzsql/MTBLS10066/20220923_LEAP-POS_S036/20220923_LEAP-POS_S036
fragmz,81.0697250366211,pyteomics,16.01242020004429,E:/mzsql/MTBLS10066/20220923_LEAP-POS_S036/20220923_LEAP-POS_S036
fragmz,81.0697250366211,pyopenms,5.751297499984503,E:/mzsql/MTBLS10066/20220923_LEAP-POS_S036/20220923_LEAP-POS_S036
fragmz,81.0697250366211,pymzml,7.01716069993563,E:/mzsql/MTBLS10066/20220923_LEAP-POS_S036/20220923_LEAP-POS_S036
fragmz,81.0697250366211,mzMLb,14.205876499880105,E:/mzsql/MTBLS10066/20220923_LEAP-POS_S036/20220923_LEAP-POS_S036
fragmz,81.0697250366211,mzDB,5.458503399975598,E:/mzsql/MTBLS10066/20220923_LEAP-POS_S036/20220923_LEAP-POS_S036
fragmz,81.0697250366211,MZA,25.88183919992298,E:/mzsql/MTBLS10066/20220923_LEAP-POS_S036/20220923_LEAP-POS_S036
fragmz,81.0697250366211,SQLite,0.04018839984200895,E:/mzsql/MTBLS10066/20220923_LEAP-POS_S036/20220923_LEAP-POS_S036
fragmz,81.0697250366211,DuckDB,0.030018100049346685,E:/mzsql/MTBLS10066/20220923_LEAP-POS_S036/20220923_LEAP-POS_S036
fragmz,81.0697250366211,Parquet,0.019965700106695294,E:/mzsql/MTBLS10066/20220923_LEAP-POS_S036/20220923_LEAP-POS_S036
ms1_spec,10576,pyteomics,16.248689000029117,E:/mzsql/MTBLS10066/20230303_LEAP02_B2_POS_S054/20230303_LEAP02_B2_POS_S054
ms1_spec,10576,pyopenms,5.298868699930608,E:/mzsql/MTBLS10066/20230303_LEAP02_B2_POS_S054/20230303_LEAP02_B2_POS_S054
ms1_spec,10576,pymzml,0.09407330001704395,E:/mzsql/MTBLS10066/20230303_LEAP02_B2_POS_S054/20230303_LEAP02_B2_POS_S054
ms1_spec,10576,mzMLb,18.47020270000212,E:/mzsql/MTBLS10066/20230303_LEAP02_B2_POS_S054/20230303_LEAP02_B2_POS_S054
ms1_spec,10576,mzDB,0.06027729995548725,E:/mzsql/MTBLS10066/20230303_LEAP02_B2_POS_S054/20230303_LEAP02_B2_POS_S054
ms1_spec,10576,MZA,0.013287300011143088,E:/mzsql/MTBLS10066/20230303_LEAP02_B2_POS_S054/20230303_LEAP02_B2_POS_S054
ms1_spec,10576,mz5,0.11199330003000796,E:/mzsql/MTBLS10066/20230303_LEAP02_B2_POS_S054/20230303_LEAP02_B2_POS_S054
ms1_spec,10576,SQLite,0.4059182000346482,E:/mzsql/MTBLS10066/20230303_LEAP02_B2_POS_S054/20230303_LEAP02_B2_POS_S054
ms1_spec,10576,DuckDB,0.031160200014710426,E:/mzsql/MTBLS10066/20230303_LEAP02_B2_POS_S054/20230303_LEAP02_B2_POS_S054
ms1_spec,10576,Parquet,0.08993719983845949,E:/mzsql/MTBLS10066/20230303_LEAP02_B2_POS_S054/20230303_LEAP02_B2_POS_S054
ms1_spec,2974,pyteomics,4.884962799958885,E:/mzsql/MTBLS10066/20230303_LEAP02_B2_POS_S054/20230303_LEAP02_B2_POS_S054
ms1_spec,2974,pyopenms,5.140994899906218,E:/mzsql/MTBLS10066/20230303_LEAP02_B2_POS_S054/20230303_LEAP02_B2_POS_S054
ms1_spec,2974,pymzml,0.09373490000143647,E:/mzsql/MTBLS10066/20230303_LEAP02_B2_POS_S054/20230303_LEAP02_B2_POS_S054
ms1_spec,2974,mzMLb,5.084009400103241,E:/mzsql/MTBLS10066/20230303_LEAP02_B2_POS_S054/20230303_LEAP02_B2_POS_S054
ms1_spec,2974,mzDB,0.06299300002865493,E:/mzsql/MTBLS10066/20230303_LEAP02_B2_POS_S054/20230303_LEAP02_B2_POS_S054
ms1_spec,2974,MZA,0.002856000093743205,E:/mzsql/MTBLS10066/20230303_LEAP02_B2_POS_S054/20230303_LEAP02_B2_POS_S054
ms1_spec,2974,mz5,0.10135819995775819,E:/mzsql/MTBLS10066/20230303_LEAP02_B2_POS_S054/20230303_LEAP02_B2_POS_S054
ms1_spec,2974,SQLite,0.3904432998970151,E:/mzsql/MTBLS10066/20230303_LEAP02_B2_POS_S054/20230303_LEAP02_B2_POS_S054
ms1_spec,2974,DuckDB,0.026826699962839484,E:/mzsql/MTBLS10066/20230303_LEAP02_B2_POS_S054/20230303_LEAP02_B2_POS_S054
ms1_spec,2974,Parquet,0.1270638001151383,E:/mzsql/MTBLS10066/20230303_LEAP02_B2_POS_S054/20230303_LEAP02_B2_POS_S054
ms1_spec,1354,pyteomics,2.6324073001742363,E:/mzsql/MTBLS10066/20230303_LEAP02_B2_POS_S054/20230303_LEAP02_B2_POS_S054
ms1_spec,1354,pyopenms,5.056224799947813,E:/mzsql/MTBLS10066/20230303_LEAP02_B2_POS_S054/20230303_LEAP02_B2_POS_S054
ms1_spec,1354,pymzml,0.09546940005384386,E:/mzsql/MTBLS10066/20230303_LEAP02_B2_POS_S054/20230303_LEAP02_B2_POS_S054
ms1_spec,1354,mzMLb,2.3236899999901652,E:/mzsql/MTBLS10066/20230303_LEAP02_B2_POS_S054/20230303_LEAP02_B2_POS_S054
ms1_spec,1354,mzDB,1.9302646000869572,E:/mzsql/MTBLS10066/20230303_LEAP02_B2_POS_S054/20230303_LEAP02_B2_POS_S054
ms1_spec,1354,MZA,0.002737300004810095,E:/mzsql/MTBLS10066/20230303_LEAP02_B2_POS_S054/20230303_LEAP02_B2_POS_S054
ms1_spec,1354,mz5,0.10124220000579953,E:/mzsql/MTBLS10066/20230303_LEAP02_B2_POS_S054/20230303_LEAP02_B2_POS_S054
ms1_spec,1354,SQLite,0.3895407998934388,E:/mzsql/MTBLS10066/20230303_LEAP02_B2_POS_S054/20230303_LEAP02_B2_POS_S054
ms1_spec,1354,DuckDB,0.026959700044244528,E:/mzsql/MTBLS10066/20230303_LEAP02_B2_POS_S054/20230303_LEAP02_B2_POS_S054
ms1_spec,1354,Parquet,0.12665820005349815,E:/mzsql/MTBLS10066/20230303_LEAP02_B2_POS_S054/20230303_LEAP02_B2_POS_S054
ms1_spec,7978,pyteomics,11.805241799913347,E:/mzsql/MTBLS10066/20230303_LEAP02_B2_POS_S054/20230303_LEAP02_B2_POS_S054
ms1_spec,7978,pyopenms,5.17497400008142,E:/mzsql/MTBLS10066/20230303_LEAP02_B2_POS_S054/20230303_LEAP02_B2_POS_S054
ms1_spec,7978,pymzml,0.09347389987669885,E:/mzsql/MTBLS10066/20230303_LEAP02_B2_POS_S054/20230303_LEAP02_B2_POS_S054
ms1_spec,7978,mzMLb,14.055800499860197,E:/mzsql/MTBLS10066/20230303_LEAP02_B2_POS_S054/20230303_LEAP02_B2_POS_S054
ms1_spec,7978,mzDB,2.724393399897963,E:/mzsql/MTBLS10066/20230303_LEAP02_B2_POS_S054/20230303_LEAP02_B2_POS_S054
ms1_spec,7978,MZA,0.0029682000167667866,E:/mzsql/MTBLS10066/20230303_LEAP02_B2_POS_S054/20230303_LEAP02_B2_POS_S054
ms1_spec,7978,mz5,0.10387869994156063,E:/mzsql/MTBLS10066/20230303_LEAP02_B2_POS_S054/20230303_LEAP02_B2_POS_S054
ms1_spec,7978,SQLite,0.39280520007014275,E:/mzsql/MTBLS10066/20230303_LEAP02_B2_POS_S054/20230303_LEAP02_B2_POS_S054
ms1_spec,7978,DuckDB,0.02872529998421669,E:/mzsql/MTBLS10066/20230303_LEAP02_B2_POS_S054/20230303_LEAP02_B2_POS_S054
ms1_spec,7978,Parquet,0.12837129994295537,E:/mzsql/MTBLS10066/20230303_LEAP02_B2_POS_S054/20230303_LEAP02_B2_POS_S054
ms1_spec,10782,pyteomics,15.612834600033239,E:/mzsql/MTBLS10066/20230303_LEAP02_B2_POS_S054/20230303_LEAP02_B2_POS_S054
ms1_spec,10782,pyopenms,5.172421399969608,E:/mzsql/MTBLS10066/20230303_LEAP02_B2_POS_S054/20230303_LEAP02_B2_POS_S054
ms1_spec,10782,pymzml,0.09447439992800355,E:/mzsql/MTBLS10066/20230303_LEAP02_B2_POS_S054/20230303_LEAP02_B2_POS_S054
ms1_spec,10782,mzMLb,19.179695599945262,E:/mzsql/MTBLS10066/20230303_LEAP02_B2_POS_S054/20230303_LEAP02_B2_POS_S054
ms1_spec,10782,mzDB,0.06289809988811612,E:/mzsql/MTBLS10066/20230303_LEAP02_B2_POS_S054/20230303_LEAP02_B2_POS_S054
ms1_spec,10782,MZA,0.003005299950018525,E:/mzsql/MTBLS10066/20230303_LEAP02_B2_POS_S054/20230303_LEAP02_B2_POS_S054
ms1_spec,10782,mz5,0.10398629982955754,E:/mzsql/MTBLS10066/20230303_LEAP02_B2_POS_S054/20230303_LEAP02_B2_POS_S054
ms1_spec,10782,SQLite,0.3946384999435395,E:/mzsql/MTBLS10066/20230303_LEAP02_B2_POS_S054/20230303_LEAP02_B2_POS_S054
ms1_spec,10782,DuckDB,0.027485900092869997,E:/mzsql/MTBLS10066/20230303_LEAP02_B2_POS_S054/20230303_LEAP02_B2_POS_S054
ms1_spec,10782,Parquet,0.08479889994487166,E:/mzsql/MTBLS10066/20230303_LEAP02_B2_POS_S054/20230303_LEAP02_B2_POS_S054
ms1_spec,4291,pyteomics,6.747422699816525,E:/mzsql/MTBLS10066/20230303_LEAP02_B2_POS_S054/20230303_LEAP02_B2_POS_S054
ms1_spec,4291,pyopenms,5.1139762999955565,E:/mzsql/MTBLS10066/20230303_LEAP02_B2_POS_S054/20230303_LEAP02_B2_POS_S054
ms1_spec,4291,pymzml,0.09426390007138252,E:/mzsql/MTBLS10066/20230303_LEAP02_B2_POS_S054/20230303_LEAP02_B2_POS_S054
ms1_spec,4291,mzMLb,7.523906199960038,E:/mzsql/MTBLS10066/20230303_LEAP02_B2_POS_S054/20230303_LEAP02_B2_POS_S054
ms1_spec,4291,mzDB,0.06234599999152124,E:/mzsql/MTBLS10066/20230303_LEAP02_B2_POS_S054/20230303_LEAP02_B2_POS_S054
ms1_spec,4291,MZA,0.0030332000460475683,E:/mzsql/MTBLS10066/20230303_LEAP02_B2_POS_S054/20230303_LEAP02_B2_POS_S054
ms1_spec,4291,mz5,0.10323880007490516,E:/mzsql/MTBLS10066/20230303_LEAP02_B2_POS_S054/20230303_LEAP02_B2_POS_S054
ms1_spec,4291,SQLite,0.39013660000637174,E:/mzsql/MTBLS10066/20230303_LEAP02_B2_POS_S054/20230303_LEAP02_B2_POS_S054
ms1_spec,4291,DuckDB,0.026675899978727102,E:/mzsql/MTBLS10066/20230303_LEAP02_B2_POS_S054/20230303_LEAP02_B2_POS_S054
ms1_spec,4291,Parquet,0.13656189991161227,E:/mzsql/MTBLS10066/20230303_LEAP02_B2_POS_S054/20230303_LEAP02_B2_POS_S054
ms1_spec,2788,pyteomics,4.597384399967268,E:/mzsql/MTBLS10066/20230303_LEAP02_B2_POS_S054/20230303_LEAP02_B2_POS_S054
ms1_spec,2788,pyopenms,5.123107499908656,E:/mzsql/MTBLS10066/20230303_LEAP02_B2_POS_S054/20230303_LEAP02_B2_POS_S054
ms1_spec,2788,pymzml,0.09449140005744994,E:/mzsql/MTBLS10066/20230303_LEAP02_B2_POS_S054/20230303_LEAP02_B2_POS_S054
ms1_spec,2788,mzMLb,4.763428200036287,E:/mzsql/MTBLS10066/20230303_LEAP02_B2_POS_S054/20230303_LEAP02_B2_POS_S054
ms1_spec,2788,mzDB,0.06262660003267229,E:/mzsql/MTBLS10066/20230303_LEAP02_B2_POS_S054/20230303_LEAP02_B2_POS_S054
ms1_spec,2788,MZA,0.0028731999918818474,E:/mzsql/MTBLS10066/20230303_LEAP02_B2_POS_S054/20230303_LEAP02_B2_POS_S054
ms1_spec,2788,mz5,0.10033080005086958,E:/mzsql/MTBLS10066/20230303_LEAP02_B2_POS_S054/20230303_LEAP02_B2_POS_S054
ms1_spec,2788,SQLite,0.39097839989699423,E:/mzsql/MTBLS10066/20230303_LEAP02_B2_POS_S054/20230303_LEAP02_B2_POS_S054
ms1_spec,2788,DuckDB,0.027260999893769622,E:/mzsql/MTBLS10066/20230303_LEAP02_B2_POS_S054/20230303_LEAP02_B2_POS_S054
ms1_spec,2788,Parquet,0.12937440001405776,E:/mzsql/MTBLS10066/20230303_LEAP02_B2_POS_S054/20230303_LEAP02_B2_POS_S054
ms1_spec,5488,pyteomics,8.376197200035676,E:/mzsql/MTBLS10066/20230303_LEAP02_B2_POS_S054/20230303_LEAP02_B2_POS_S054
ms1_spec,5488,pyopenms,5.1692229001782835,E:/mzsql/MTBLS10066/20230303_LEAP02_B2_POS_S054/20230303_LEAP02_B2_POS_S054
ms1_spec,5488,pymzml,0.09265240002423525,E:/mzsql/MTBLS10066/20230303_LEAP02_B2_POS_S054/20230303_LEAP02_B2_POS_S054
ms1_spec,5488,mzMLb,9.543638200033456,E:/mzsql/MTBLS10066/20230303_LEAP02_B2_POS_S054/20230303_LEAP02_B2_POS_S054
ms1_spec,5488,mzDB,0.0595333999954164,E:/mzsql/MTBLS10066/20230303_LEAP02_B2_POS_S054/20230303_LEAP02_B2_POS_S054
ms1_spec,5488,MZA,0.002618399914354086,E:/mzsql/MTBLS10066/20230303_LEAP02_B2_POS_S054/20230303_LEAP02_B2_POS_S054
ms1_spec,5488,mz5,0.10080559994094074,E:/mzsql/MTBLS10066/20230303_LEAP02_B2_POS_S054/20230303_LEAP02_B2_POS_S054
ms1_spec,5488,SQLite,0.4057918998878449,E:/mzsql/MTBLS10066/20230303_LEAP02_B2_POS_S054/20230303_LEAP02_B2_POS_S054
ms1_spec,5488,DuckDB,0.02074130019173026,E:/mzsql/MTBLS10066/20230303_LEAP02_B2_POS_S054/20230303_LEAP02_B2_POS_S054
ms1_spec,5488,Parquet,0.13005879987031221,E:/mzsql/MTBLS10066/20230303_LEAP02_B2_POS_S054/20230303_LEAP02_B2_POS_S054
ms1_spec,5521,pyteomics,8.469117100117728,E:/mzsql/MTBLS10066/20230303_LEAP02_B2_POS_S054/20230303_LEAP02_B2_POS_S054
ms1_spec,5521,pyopenms,5.115716499974951,E:/mzsql/MTBLS10066/20230303_LEAP02_B2_POS_S054/20230303_LEAP02_B2_POS_S054
ms1_spec,5521,pymzml,0.09361270000226796,E:/mzsql/MTBLS10066/20230303_LEAP02_B2_POS_S054/20230303_LEAP02_B2_POS_S054
ms1_spec,5521,mzMLb,9.660587100079283,E:/mzsql/MTBLS10066/20230303_LEAP02_B2_POS_S054/20230303_LEAP02_B2_POS_S054
ms1_spec,5521,mzDB,2.8059674000833184,E:/mzsql/MTBLS10066/20230303_LEAP02_B2_POS_S054/20230303_LEAP02_B2_POS_S054
ms1_spec,5521,MZA,0.0023481999523937702,E:/mzsql/MTBLS10066/20230303_LEAP02_B2_POS_S054/20230303_LEAP02_B2_POS_S054
ms1_spec,5521,mz5,0.09994850005023181,E:/mzsql/MTBLS10066/20230303_LEAP02_B2_POS_S054/20230303_LEAP02_B2_POS_S054
ms1_spec,5521,SQLite,0.40088930004276335,E:/mzsql/MTBLS10066/20230303_LEAP02_B2_POS_S054/20230303_LEAP02_B2_POS_S054
ms1_spec,5521,DuckDB,0.020957499975338578,E:/mzsql/MTBLS10066/20230303_LEAP02_B2_POS_S054/20230303_LEAP02_B2_POS_S054
ms1_spec,5521,Parquet,0.10649879998527467,E:/mzsql/MTBLS10066/20230303_LEAP02_B2_POS_S054/20230303_LEAP02_B2_POS_S054
ms1_spec,9081,pyteomics,12.869384200079367,E:/mzsql/MTBLS10066/20230303_LEAP02_B2_POS_S054/20230303_LEAP02_B2_POS_S054
ms1_spec,9081,pyopenms,5.144089500186965,E:/mzsql/MTBLS10066/20230303_LEAP02_B2_POS_S054/20230303_LEAP02_B2_POS_S054
ms1_spec,9081,pymzml,0.09332729992456734,E:/mzsql/MTBLS10066/20230303_LEAP02_B2_POS_S054/20230303_LEAP02_B2_POS_S054
ms1_spec,9081,mzMLb,15.696968199918047,E:/mzsql/MTBLS10066/20230303_LEAP02_B2_POS_S054/20230303_LEAP02_B2_POS_S054
ms1_spec,9081,mzDB,1.5719896999653429,E:/mzsql/MTBLS10066/20230303_LEAP02_B2_POS_S054/20230303_LEAP02_B2_POS_S054
ms1_spec,9081,MZA,0.0031101000495254993,E:/mzsql/MTBLS10066/20230303_LEAP02_B2_POS_S054/20230303_LEAP02_B2_POS_S054
ms1_spec,9081,mz5,0.1057156000752002,E:/mzsql/MTBLS10066/20230303_LEAP02_B2_POS_S054/20230303_LEAP02_B2_POS_S054
ms1_spec,9081,SQLite,0.38936699996702373,E:/mzsql/MTBLS10066/20230303_LEAP02_B2_POS_S054/20230303_LEAP02_B2_POS_S054
ms1_spec,9081,DuckDB,0.02717679995112121,E:/mzsql/MTBLS10066/20230303_LEAP02_B2_POS_S054/20230303_LEAP02_B2_POS_S054
ms1_spec,9081,Parquet,0.11980110011063516,E:/mzsql/MTBLS10066/20230303_LEAP02_B2_POS_S054/20230303_LEAP02_B2_POS_S054
chrom,874.786376953125,pyteomics,17.825643999967724,E:/mzsql/MTBLS10066/20230303_LEAP02_B2_POS_S054/20230303_LEAP02_B2_POS_S054
chrom,874.786376953125,pyopenms,6.560423100134358,E:/mzsql/MTBLS10066/20230303_LEAP02_B2_POS_S054/20230303_LEAP02_B2_POS_S054
chrom,874.786376953125,pyopenms_2DPeak,5.078657699981704,E:/mzsql/MTBLS10066/20230303_LEAP02_B2_POS_S054/20230303_LEAP02_B2_POS_S054
chrom,874.786376953125,pymzml,8.649636299815029,E:/mzsql/MTBLS10066/20230303_LEAP02_B2_POS_S054/20230303_LEAP02_B2_POS_S054
chrom,874.786376953125,mzMLb,15.693214100087062,E:/mzsql/MTBLS10066/20230303_LEAP02_B2_POS_S054/20230303_LEAP02_B2_POS_S054
chrom,874.786376953125,mzDB,1.0148636000230908,E:/mzsql/MTBLS10066/20230303_LEAP02_B2_POS_S054/20230303_LEAP02_B2_POS_S054
chrom,874.786376953125,MZA,6.982942200032994,E:/mzsql/MTBLS10066/20230303_LEAP02_B2_POS_S054/20230303_LEAP02_B2_POS_S054
chrom,874.786376953125,mz5,16.33807579986751,E:/mzsql/MTBLS10066/20230303_LEAP02_B2_POS_S054/20230303_LEAP02_B2_POS_S054
chrom,874.786376953125,MZTree,1.5151001999620348,E:/mzsql/MTBLS10066/20230303_LEAP02_B2_POS_S054/20230303_LEAP02_B2_POS_S054
chrom,874.786376953125,mzMD,0.3191182999871671,E:/mzsql/MTBLS10066/20230303_LEAP02_B2_POS_S054/20230303_LEAP02_B2_POS_S054
chrom,874.786376953125,SQLite,0.4678547000512481,E:/mzsql/MTBLS10066/20230303_LEAP02_B2_POS_S054/20230303_LEAP02_B2_POS_S054
chrom,874.786376953125,DuckDB,0.057273299898952246,E:/mzsql/MTBLS10066/20230303_LEAP02_B2_POS_S054/20230303_LEAP02_B2_POS_S054
chrom,874.786376953125,Parquet,0.1340012000873685,E:/mzsql/MTBLS10066/20230303_LEAP02_B2_POS_S054/20230303_LEAP02_B2_POS_S054
chrom,703.5748291015625,pyteomics,17.470925100147724,E:/mzsql/MTBLS10066/20230303_LEAP02_B2_POS_S054/20230303_LEAP02_B2_POS_S054
chrom,703.5748291015625,pyopenms,6.159872499993071,E:/mzsql/MTBLS10066/20230303_LEAP02_B2_POS_S054/20230303_LEAP02_B2_POS_S054
chrom,703.5748291015625,pyopenms_2DPeak,5.0875629999209195,E:/mzsql/MTBLS10066/20230303_LEAP02_B2_POS_S054/20230303_LEAP02_B2_POS_S054
chrom,703.5748291015625,pymzml,8.153886300045997,E:/mzsql/MTBLS10066/20230303_LEAP02_B2_POS_S054/20230303_LEAP02_B2_POS_S054
chrom,703.5748291015625,mzMLb,15.332483799895272,E:/mzsql/MTBLS10066/20230303_LEAP02_B2_POS_S054/20230303_LEAP02_B2_POS_S054
chrom,703.5748291015625,mzDB,1.0458875000476837,E:/mzsql/MTBLS10066/20230303_LEAP02_B2_POS_S054/20230303_LEAP02_B2_POS_S054
chrom,703.5748291015625,MZA,7.281702500069514,E:/mzsql/MTBLS10066/20230303_LEAP02_B2_POS_S054/20230303_LEAP02_B2_POS_S054
chrom,703.5748291015625,mz5,16.334054300095886,E:/mzsql/MTBLS10066/20230303_LEAP02_B2_POS_S054/20230303_LEAP02_B2_POS_S054
chrom,703.5748291015625,MZTree,0.8689635000191629,E:/mzsql/MTBLS10066/20230303_LEAP02_B2_POS_S054/20230303_LEAP02_B2_POS_S054
chrom,703.5748291015625,mzMD,0.3326895998325199,E:/mzsql/MTBLS10066/20230303_LEAP02_B2_POS_S054/20230303_LEAP02_B2_POS_S054
chrom,703.5748291015625,SQLite,0.4700442000757903,E:/mzsql/MTBLS10066/20230303_LEAP02_B2_POS_S054/20230303_LEAP02_B2_POS_S054
chrom,703.5748291015625,DuckDB,0.05033280001953244,E:/mzsql/MTBLS10066/20230303_LEAP02_B2_POS_S054/20230303_LEAP02_B2_POS_S054
chrom,703.5748291015625,Parquet,0.1383930998854339,E:/mzsql/MTBLS10066/20230303_LEAP02_B2_POS_S054/20230303_LEAP02_B2_POS_S054
chrom,758.56982421875,pyteomics,18.953187299892306,E:/mzsql/MTBLS10066/20230303_LEAP02_B2_POS_S054/20230303_LEAP02_B2_POS_S054
chrom,758.56982421875,pyopenms,7.748658200027421,E:/mzsql/MTBLS10066/20230303_LEAP02_B2_POS_S054/20230303_LEAP02_B2_POS_S054
chrom,758.56982421875,pyopenms_2DPeak,5.096386800054461,E:/mzsql/MTBLS10066/20230303_LEAP02_B2_POS_S054/20230303_LEAP02_B2_POS_S054
chrom,758.56982421875,pymzml,9.911677700001746,E:/mzsql/MTBLS10066/20230303_LEAP02_B2_POS_S054/20230303_LEAP02_B2_POS_S054
chrom,758.56982421875,mzMLb,17.395731600001454,E:/mzsql/MTBLS10066/20230303_LEAP02_B2_POS_S054/20230303_LEAP02_B2_POS_S054
chrom,758.56982421875,mzDB,1.0497833001427352,E:/mzsql/MTBLS10066/20230303_LEAP02_B2_POS_S054/20230303_LEAP02_B2_POS_S054
chrom,758.56982421875,MZA,6.292997399810702,E:/mzsql/MTBLS10066/20230303_LEAP02_B2_POS_S054/20230303_LEAP02_B2_POS_S054
chrom,758.56982421875,mz5,16.230803999817,E:/mzsql/MTBLS10066/20230303_LEAP02_B2_POS_S054/20230303_LEAP02_B2_POS_S054
chrom,758.56982421875,MZTree,0.387230500113219,E:/mzsql/MTBLS10066/20230303_LEAP02_B2_POS_S054/20230303_LEAP02_B2_POS_S054
chrom,758.56982421875,mzMD,0.35702509991824627,E:/mzsql/MTBLS10066/20230303_LEAP02_B2_POS_S054/20230303_LEAP02_B2_POS_S054
chrom,758.56982421875,SQLite,0.4680720998439938,E:/mzsql/MTBLS10066/20230303_LEAP02_B2_POS_S054/20230303_LEAP02_B2_POS_S054
chrom,758.56982421875,DuckDB,0.11801599990576506,E:/mzsql/MTBLS10066/20230303_LEAP02_B2_POS_S054/20230303_LEAP02_B2_POS_S054
chrom,758.56982421875,Parquet,0.1373892999254167,E:/mzsql/MTBLS10066/20230303_LEAP02_B2_POS_S054/20230303_LEAP02_B2_POS_S054
chrom,786.6010131835938,pyteomics,18.381250000093132,E:/mzsql/MTBLS10066/20230303_LEAP02_B2_POS_S054/20230303_LEAP02_B2_POS_S054
chrom,786.6010131835938,pyopenms,7.298091999953613,E:/mzsql/MTBLS10066/20230303_LEAP02_B2_POS_S054/20230303_LEAP02_B2_POS_S054
chrom,786.6010131835938,pyopenms_2DPeak,5.067676899954677,E:/mzsql/MTBLS10066/20230303_LEAP02_B2_POS_S054/20230303_LEAP02_B2_POS_S054
chrom,786.6010131835938,pymzml,9.515725800069049,E:/mzsql/MTBLS10066/20230303_LEAP02_B2_POS_S054/20230303_LEAP02_B2_POS_S054
chrom,786.6010131835938,mzMLb,16.363260200014338,E:/mzsql/MTBLS10066/20230303_LEAP02_B2_POS_S054/20230303_LEAP02_B2_POS_S054
chrom,786.6010131835938,mzDB,1.0433508001733571,E:/mzsql/MTBLS10066/20230303_LEAP02_B2_POS_S054/20230303_LEAP02_B2_POS_S054
chrom,786.6010131835938,MZA,7.718895100057125,E:/mzsql/MTBLS10066/20230303_LEAP02_B2_POS_S054/20230303_LEAP02_B2_POS_S054
chrom,786.6010131835938,mz5,16.301588000031188,E:/mzsql/MTBLS10066/20230303_LEAP02_B2_POS_S054/20230303_LEAP02_B2_POS_S054
chrom,786.6010131835938,MZTree,0.23018390010111034,E:/mzsql/MTBLS10066/20230303_LEAP02_B2_POS_S054/20230303_LEAP02_B2_POS_S054
chrom,786.6010131835938,mzMD,0.3381310999393463,E:/mzsql/MTBLS10066/20230303_LEAP02_B2_POS_S054/20230303_LEAP02_B2_POS_S054
chrom,786.6010131835938,SQLite,0.46926379995420575,E:/mzsql/MTBLS10066/20230303_LEAP02_B2_POS_S054/20230303_LEAP02_B2_POS_S054
chrom,786.6010131835938,DuckDB,0.0848517999984324,E:/mzsql/MTBLS10066/20230303_LEAP02_B2_POS_S054/20230303_LEAP02_B2_POS_S054
chrom,786.6010131835938,Parquet,0.13760620006360114,E:/mzsql/MTBLS10066/20230303_LEAP02_B2_POS_S054/20230303_LEAP02_B2_POS_S054
chrom,496.3390197753906,pyteomics,17.520481799962,E:/mzsql/MTBLS10066/20230303_LEAP02_B2_POS_S054/20230303_LEAP02_B2_POS_S054
chrom,496.3390197753906,pyopenms,6.359632499981672,E:/mzsql/MTBLS10066/20230303_LEAP02_B2_POS_S054/20230303_LEAP02_B2_POS_S054
chrom,496.3390197753906,pyopenms_2DPeak,5.109143799869344,E:/mzsql/MTBLS10066/20230303_LEAP02_B2_POS_S054/20230303_LEAP02_B2_POS_S054
chrom,496.3390197753906,pymzml,8.50659120013006,E:/mzsql/MTBLS10066/20230303_LEAP02_B2_POS_S054/20230303_LEAP02_B2_POS_S054
chrom,496.3390197753906,mzMLb,15.546565199969336,E:/mzsql/MTBLS10066/20230303_LEAP02_B2_POS_S054/20230303_LEAP02_B2_POS_S054
chrom,496.3390197753906,mzDB,0.5177756999619305,E:/mzsql/MTBLS10066/20230303_LEAP02_B2_POS_S054/20230303_LEAP02_B2_POS_S054
chrom,496.3390197753906,MZA,7.1058122999966145,E:/mzsql/MTBLS10066/20230303_LEAP02_B2_POS_S054/20230303_LEAP02_B2_POS_S054
chrom,496.3390197753906,mz5,16.30668619996868,E:/mzsql/MTBLS10066/20230303_LEAP02_B2_POS_S054/20230303_LEAP02_B2_POS_S054
chrom,496.3390197753906,MZTree,0.39836160000413656,E:/mzsql/MTBLS10066/20230303_LEAP02_B2_POS_S054/20230303_LEAP02_B2_POS_S054
chrom,496.3390197753906,mzMD,0.39295389992184937,E:/mzsql/MTBLS10066/20230303_LEAP02_B2_POS_S054/20230303_LEAP02_B2_POS_S054
chrom,496.3390197753906,SQLite,0.48135240003466606,E:/mzsql/MTBLS10066/20230303_LEAP02_B2_POS_S054/20230303_LEAP02_B2_POS_S054
chrom,496.3390197753906,DuckDB,0.057166000129655004,E:/mzsql/MTBLS10066/20230303_LEAP02_B2_POS_S054/20230303_LEAP02_B2_POS_S054
chrom,496.3390197753906,Parquet,0.09181419992819428,E:/mzsql/MTBLS10066/20230303_LEAP02_B2_POS_S054/20230303_LEAP02_B2_POS_S054
chrom,338.3417663574219,pyteomics,17.538035300094634,E:/mzsql/MTBLS10066/20230303_LEAP02_B2_POS_S054/20230303_LEAP02_B2_POS_S054
chrom,338.3417663574219,pyopenms,6.609295399859548,E:/mzsql/MTBLS10066/20230303_LEAP02_B2_POS_S054/20230303_LEAP02_B2_POS_S054
chrom,338.3417663574219,pyopenms_2DPeak,5.100046799983829,E:/mzsql/MTBLS10066/20230303_LEAP02_B2_POS_S054/20230303_LEAP02_B2_POS_S054
chrom,338.3417663574219,pymzml,8.72772269998677,E:/mzsql/MTBLS10066/20230303_LEAP02_B2_POS_S054/20230303_LEAP02_B2_POS_S054
chrom,338.3417663574219,mzMLb,15.97037999983877,E:/mzsql/MTBLS10066/20230303_LEAP02_B2_POS_S054/20230303_LEAP02_B2_POS_S054
chrom,338.3417663574219,mzDB,0.5179296000860631,E:/mzsql/MTBLS10066/20230303_LEAP02_B2_POS_S054/20230303_LEAP02_B2_POS_S054
chrom,338.3417663574219,MZA,7.4184269001707435,E:/mzsql/MTBLS10066/20230303_LEAP02_B2_POS_S054/20230303_LEAP02_B2_POS_S054
chrom,338.3417663574219,mz5,16.29603729979135,E:/mzsql/MTBLS10066/20230303_LEAP02_B2_POS_S054/20230303_LEAP02_B2_POS_S054
chrom,338.3417663574219,MZTree,0.4964521999936551,E:/mzsql/MTBLS10066/20230303_LEAP02_B2_POS_S054/20230303_LEAP02_B2_POS_S054
chrom,338.3417663574219,mzMD,0.3817704999819398,E:/mzsql/MTBLS10066/20230303_LEAP02_B2_POS_S054/20230303_LEAP02_B2_POS_S054
chrom,338.3417663574219,SQLite,0.48871709988452494,E:/mzsql/MTBLS10066/20230303_LEAP02_B2_POS_S054/20230303_LEAP02_B2_POS_S054
chrom,338.3417663574219,DuckDB,0.0662744001019746,E:/mzsql/MTBLS10066/20230303_LEAP02_B2_POS_S054/20230303_LEAP02_B2_POS_S054
chrom,338.3417663574219,Parquet,0.09107690001837909,E:/mzsql/MTBLS10066/20230303_LEAP02_B2_POS_S054/20230303_LEAP02_B2_POS_S054
chrom,1129.3162841796875,pyteomics,17.470141200115904,E:/mzsql/MTBLS10066/20230303_LEAP02_B2_POS_S054/20230303_LEAP02_B2_POS_S054
chrom,1129.3162841796875,pyopenms,6.199929800117388,E:/mzsql/MTBLS10066/20230303_LEAP02_B2_POS_S054/20230303_LEAP02_B2_POS_S054
chrom,1129.3162841796875,pyopenms_2DPeak,5.098476199898869,E:/mzsql/MTBLS10066/20230303_LEAP02_B2_POS_S054/20230303_LEAP02_B2_POS_S054
chrom,1129.3162841796875,pymzml,8.439153700135648,E:/mzsql/MTBLS10066/20230303_LEAP02_B2_POS_S054/20230303_LEAP02_B2_POS_S054
chrom,1129.3162841796875,mzMLb,15.572190799983218,E:/mzsql/MTBLS10066/20230303_LEAP02_B2_POS_S054/20230303_LEAP02_B2_POS_S054
chrom,1129.3162841796875,mzDB,0.6884695999324322,E:/mzsql/MTBLS10066/20230303_LEAP02_B2_POS_S054/20230303_LEAP02_B2_POS_S054
chrom,1129.3162841796875,MZA,7.14617730001919,E:/mzsql/MTBLS10066/20230303_LEAP02_B2_POS_S054/20230303_LEAP02_B2_POS_S054
chrom,1129.3162841796875,mz5,16.329853700008243,E:/mzsql/MTBLS10066/20230303_LEAP02_B2_POS_S054/20230303_LEAP02_B2_POS_S054
chrom,1129.3162841796875,MZTree,0.5107650000136346,E:/mzsql/MTBLS10066/20230303_LEAP02_B2_POS_S054/20230303_LEAP02_B2_POS_S054
chrom,1129.3162841796875,mzMD,0.3089717999100685,E:/mzsql/MTBLS10066/20230303_LEAP02_B2_POS_S054/20230303_LEAP02_B2_POS_S054
chrom,1129.3162841796875,SQLite,0.4558693999424577,E:/mzsql/MTBLS10066/20230303_LEAP02_B2_POS_S054/20230303_LEAP02_B2_POS_S054
chrom,1129.3162841796875,DuckDB,0.052335600135847926,E:/mzsql/MTBLS10066/20230303_LEAP02_B2_POS_S054/20230303_LEAP02_B2_POS_S054
chrom,1129.3162841796875,Parquet,0.1498177999164909,E:/mzsql/MTBLS10066/20230303_LEAP02_B2_POS_S054/20230303_LEAP02_B2_POS_S054
chrom,906.2601318359375,pyteomics,17.323383399983868,E:/mzsql/MTBLS10066/20230303_LEAP02_B2_POS_S054/20230303_LEAP02_B2_POS_S054
chrom,906.2601318359375,pyopenms,6.075588399777189,E:/mzsql/MTBLS10066/20230303_LEAP02_B2_POS_S054/20230303_LEAP02_B2_POS_S054
chrom,906.2601318359375,pyopenms_2DPeak,5.101766600040719,E:/mzsql/MTBLS10066/20230303_LEAP02_B2_POS_S054/20230303_LEAP02_B2_POS_S054
chrom,906.2601318359375,pymzml,8.244814600097016,E:/mzsql/MTBLS10066/20230303_LEAP02_B2_POS_S054/20230303_LEAP02_B2_POS_S054
chrom,906.2601318359375,mzMLb,15.377626600209624,E:/mzsql/MTBLS10066/20230303_LEAP02_B2_POS_S054/20230303_LEAP02_B2_POS_S054
chrom,906.2601318359375,mzDB,1.0149028999730945,E:/mzsql/MTBLS10066/20230303_LEAP02_B2_POS_S054/20230303_LEAP02_B2_POS_S054
chrom,906.2601318359375,MZA,6.872057199943811,E:/mzsql/MTBLS10066/20230303_LEAP02_B2_POS_S054/20230303_LEAP02_B2_POS_S054
chrom,906.2601318359375,mz5,16.343654700089246,E:/mzsql/MTBLS10066/20230303_LEAP02_B2_POS_S054/20230303_LEAP02_B2_POS_S054
chrom,906.2601318359375,MZTree,0.22338250000029802,E:/mzsql/MTBLS10066/20230303_LEAP02_B2_POS_S054/20230303_LEAP02_B2_POS_S054
chrom,906.2601318359375,mzMD,0.3069815000053495,E:/mzsql/MTBLS10066/20230303_LEAP02_B2_POS_S054/20230303_LEAP02_B2_POS_S054
chrom,906.2601318359375,SQLite,0.46416929992847145,E:/mzsql/MTBLS10066/20230303_LEAP02_B2_POS_S054/20230303_LEAP02_B2_POS_S054
chrom,906.2601318359375,DuckDB,0.05192069988697767,E:/mzsql/MTBLS10066/20230303_LEAP02_B2_POS_S054/20230303_LEAP02_B2_POS_S054
chrom,906.2601318359375,Parquet,0.14115470019169152,E:/mzsql/MTBLS10066/20230303_LEAP02_B2_POS_S054/20230303_LEAP02_B2_POS_S054
chrom,391.285400390625,pyteomics,17.844912299886346,E:/mzsql/MTBLS10066/20230303_LEAP02_B2_POS_S054/20230303_LEAP02_B2_POS_S054
chrom,391.285400390625,pyopenms,6.742715199943632,E:/mzsql/MTBLS10066/20230303_LEAP02_B2_POS_S054/20230303_LEAP02_B2_POS_S054
chrom,391.285400390625,pyopenms_2DPeak,5.092946199933067,E:/mzsql/MTBLS10066/20230303_LEAP02_B2_POS_S054/20230303_LEAP02_B2_POS_S054
chrom,391.285400390625,pymzml,8.667871499899775,E:/mzsql/MTBLS10066/20230303_LEAP02_B2_POS_S054/20230303_LEAP02_B2_POS_S054
chrom,391.285400390625,mzMLb,15.817973400000483,E:/mzsql/MTBLS10066/20230303_LEAP02_B2_POS_S054/20230303_LEAP02_B2_POS_S054
chrom,391.285400390625,mzDB,0.5243339999578893,E:/mzsql/MTBLS10066/20230303_LEAP02_B2_POS_S054/20230303_LEAP02_B2_POS_S054
chrom,391.285400390625,MZA,6.173585599986836,E:/mzsql/MTBLS10066/20230303_LEAP02_B2_POS_S054/20230303_LEAP02_B2_POS_S054
chrom,391.285400390625,mz5,16.33510289993137,E:/mzsql/MTBLS10066/20230303_LEAP02_B2_POS_S054/20230303_LEAP02_B2_POS_S054
chrom,391.285400390625,MZTree,0.1506440001539886,E:/mzsql/MTBLS10066/20230303_LEAP02_B2_POS_S054/20230303_LEAP02_B2_POS_S054
chrom,391.285400390625,mzMD,0.388925600098446,E:/mzsql/MTBLS10066/20230303_LEAP02_B2_POS_S054/20230303_LEAP02_B2_POS_S054
chrom,391.285400390625,SQLite,0.4891939000226557,E:/mzsql/MTBLS10066/20230303_LEAP02_B2_POS_S054/20230303_LEAP02_B2_POS_S054
chrom,391.285400390625,DuckDB,0.06989930011332035,E:/mzsql/MTBLS10066/20230303_LEAP02_B2_POS_S054/20230303_LEAP02_B2_POS_S054
chrom,391.285400390625,Parquet,0.09123860020190477,E:/mzsql/MTBLS10066/20230303_LEAP02_B2_POS_S054/20230303_LEAP02_B2_POS_S054
chrom,634.4530639648438,pyteomics,18.020857099909335,E:/mzsql/MTBLS10066/20230303_LEAP02_B2_POS_S054/20230303_LEAP02_B2_POS_S054
chrom,634.4530639648438,pyopenms,6.823539299890399,E:/mzsql/MTBLS10066/20230303_LEAP02_B2_POS_S054/20230303_LEAP02_B2_POS_S054
chrom,634.4530639648438,pyopenms_2DPeak,5.094440900022164,E:/mzsql/MTBLS10066/20230303_LEAP02_B2_POS_S054/20230303_LEAP02_B2_POS_S054
chrom,634.4530639648438,pymzml,8.746558800106868,E:/mzsql/MTBLS10066/20230303_LEAP02_B2_POS_S054/20230303_LEAP02_B2_POS_S054
chrom,634.4530639648438,mzMLb,15.898693499853835,E:/mzsql/MTBLS10066/20230303_LEAP02_B2_POS_S054/20230303_LEAP02_B2_POS_S054
chrom,634.4530639648438,mzDB,1.0070956000126898,E:/mzsql/MTBLS10066/20230303_LEAP02_B2_POS_S054/20230303_LEAP02_B2_POS_S054
chrom,634.4530639648438,MZA,6.983206700067967,E:/mzsql/MTBLS10066/20230303_LEAP02_B2_POS_S054/20230303_LEAP02_B2_POS_S054
chrom,634.4530639648438,mz5,16.362548999954015,E:/mzsql/MTBLS10066/20230303_LEAP02_B2_POS_S054/20230303_LEAP02_B2_POS_S054
chrom,634.4530639648438,MZTree,0.8104334999807179,E:/mzsql/MTBLS10066/20230303_LEAP02_B2_POS_S054/20230303_LEAP02_B2_POS_S054
chrom,634.4530639648438,mzMD,0.35636579990386963,E:/mzsql/MTBLS10066/20230303_LEAP02_B2_POS_S054/20230303_LEAP02_B2_POS_S054
chrom,634.4530639648438,SQLite,0.4734549999702722,E:/mzsql/MTBLS10066/20230303_LEAP02_B2_POS_S054/20230303_LEAP02_B2_POS_S054
chrom,634.4530639648438,DuckDB,0.08062330004759133,E:/mzsql/MTBLS10066/20230303_LEAP02_B2_POS_S054/20230303_LEAP02_B2_POS_S054
chrom,634.4530639648438,Parquet,0.13810540013946593,E:/mzsql/MTBLS10066/20230303_LEAP02_B2_POS_S054/20230303_LEAP02_B2_POS_S054
rtrange,12.360992,pyteomics,16.51344359992072,E:/mzsql/MTBLS10066/20230303_LEAP02_B2_POS_S054/20230303_LEAP02_B2_POS_S054
rtrange,12.360992,pyopenms,5.233406099956483,E:/mzsql/MTBLS10066/20230303_LEAP02_B2_POS_S054/20230303_LEAP02_B2_POS_S054
rtrange,12.360992,pyopenms_2DPeak,5.120589700061828,E:/mzsql/MTBLS10066/20230303_LEAP02_B2_POS_S054/20230303_LEAP02_B2_POS_S054
rtrange,12.360992,pymzml,5.925900999922305,E:/mzsql/MTBLS10066/20230303_LEAP02_B2_POS_S054/20230303_LEAP02_B2_POS_S054
rtrange,12.360992,mzMLb,14.547621199861169,E:/mzsql/MTBLS10066/20230303_LEAP02_B2_POS_S054/20230303_LEAP02_B2_POS_S054
rtrange,12.360992,mzDB,1.3276269000489265,E:/mzsql/MTBLS10066/20230303_LEAP02_B2_POS_S054/20230303_LEAP02_B2_POS_S054
rtrange,12.360992,MZA,0.35315770003944635,E:/mzsql/MTBLS10066/20230303_LEAP02_B2_POS_S054/20230303_LEAP02_B2_POS_S054
rtrange,12.360992,mz5,2.663317299913615,E:/mzsql/MTBLS10066/20230303_LEAP02_B2_POS_S054/20230303_LEAP02_B2_POS_S054
rtrange,12.360992,MZTree,0.3380979998037219,E:/mzsql/MTBLS10066/20230303_LEAP02_B2_POS_S054/20230303_LEAP02_B2_POS_S054
rtrange,12.360992,mzMD,0.570064099971205,E:/mzsql/MTBLS10066/20230303_LEAP02_B2_POS_S054/20230303_LEAP02_B2_POS_S054
rtrange,12.360992,SQLite,0.5459621001500636,E:/mzsql/MTBLS10066/20230303_LEAP02_B2_POS_S054/20230303_LEAP02_B2_POS_S054
rtrange,12.360992,DuckDB,0.029388800030574203,E:/mzsql/MTBLS10066/20230303_LEAP02_B2_POS_S054/20230303_LEAP02_B2_POS_S054
rtrange,12.360992,Parquet,0.09243810013867915,E:/mzsql/MTBLS10066/20230303_LEAP02_B2_POS_S054/20230303_LEAP02_B2_POS_S054
rtrange,6.4426298,pyteomics,16.72595850005746,E:/mzsql/MTBLS10066/20230303_LEAP02_B2_POS_S054/20230303_LEAP02_B2_POS_S054
rtrange,6.4426298,pyopenms,5.183524399995804,E:/mzsql/MTBLS10066/20230303_LEAP02_B2_POS_S054/20230303_LEAP02_B2_POS_S054
rtrange,6.4426298,pyopenms_2DPeak,5.081167999887839,E:/mzsql/MTBLS10066/20230303_LEAP02_B2_POS_S054/20230303_LEAP02_B2_POS_S054
rtrange,6.4426298,pymzml,5.953716400079429,E:/mzsql/MTBLS10066/20230303_LEAP02_B2_POS_S054/20230303_LEAP02_B2_POS_S054
rtrange,6.4426298,mzMLb,14.29882670007646,E:/mzsql/MTBLS10066/20230303_LEAP02_B2_POS_S054/20230303_LEAP02_B2_POS_S054
rtrange,6.4426298,mzDB,2.5363850998692214,E:/mzsql/MTBLS10066/20230303_LEAP02_B2_POS_S054/20230303_LEAP02_B2_POS_S054
rtrange,6.4426298,MZA,0.3849863999057561,E:/mzsql/MTBLS10066/20230303_LEAP02_B2_POS_S054/20230303_LEAP02_B2_POS_S054
rtrange,6.4426298,mz5,2.456588599830866,E:/mzsql/MTBLS10066/20230303_LEAP02_B2_POS_S054/20230303_LEAP02_B2_POS_S054
rtrange,6.4426298,MZTree,0.43867750000208616,E:/mzsql/MTBLS10066/20230303_LEAP02_B2_POS_S054/20230303_LEAP02_B2_POS_S054
rtrange,6.4426298,mzMD,0.6227020998485386,E:/mzsql/MTBLS10066/20230303_LEAP02_B2_POS_S054/20230303_LEAP02_B2_POS_S054
rtrange,6.4426298,SQLite,0.5893124002031982,E:/mzsql/MTBLS10066/20230303_LEAP02_B2_POS_S054/20230303_LEAP02_B2_POS_S054
rtrange,6.4426298,DuckDB,0.03306619985960424,E:/mzsql/MTBLS10066/20230303_LEAP02_B2_POS_S054/20230303_LEAP02_B2_POS_S054
rtrange,6.4426298,Parquet,0.09234309988096356,E:/mzsql/MTBLS10066/20230303_LEAP02_B2_POS_S054/20230303_LEAP02_B2_POS_S054
rtrange,7.4895423,pyteomics,16.463437899947166,E:/mzsql/MTBLS10066/20230303_LEAP02_B2_POS_S054/20230303_LEAP02_B2_POS_S054
rtrange,7.4895423,pyopenms,5.174915899988264,E:/mzsql/MTBLS10066/20230303_LEAP02_B2_POS_S054/20230303_LEAP02_B2_POS_S054
rtrange,7.4895423,pyopenms_2DPeak,5.109356499975547,E:/mzsql/MTBLS10066/20230303_LEAP02_B2_POS_S054/20230303_LEAP02_B2_POS_S054
rtrange,7.4895423,pymzml,6.126322699943557,E:/mzsql/MTBLS10066/20230303_LEAP02_B2_POS_S054/20230303_LEAP02_B2_POS_S054
rtrange,7.4895423,mzMLb,14.503111399943009,E:/mzsql/MTBLS10066/20230303_LEAP02_B2_POS_S054/20230303_LEAP02_B2_POS_S054
rtrange,7.4895423,mzDB,2.450409400044009,E:/mzsql/MTBLS10066/20230303_LEAP02_B2_POS_S054/20230303_LEAP02_B2_POS_S054
rtrange,7.4895423,MZA,0.3219616999849677,E:/mzsql/MTBLS10066/20230303_LEAP02_B2_POS_S054/20230303_LEAP02_B2_POS_S054
rtrange,7.4895423,mz5,2.6589747997932136,E:/mzsql/MTBLS10066/20230303_LEAP02_B2_POS_S054/20230303_LEAP02_B2_POS_S054
rtrange,7.4895423,MZTree,0.08186700008809566,E:/mzsql/MTBLS10066/20230303_LEAP02_B2_POS_S054/20230303_LEAP02_B2_POS_S054
rtrange,7.4895423,mzMD,0.5922542999032885,E:/mzsql/MTBLS10066/20230303_LEAP02_B2_POS_S054/20230303_LEAP02_B2_POS_S054
rtrange,7.4895423,SQLite,0.5547617000993341,E:/mzsql/MTBLS10066/20230303_LEAP02_B2_POS_S054/20230303_LEAP02_B2_POS_S054
rtrange,7.4895423,DuckDB,0.028400100069120526,E:/mzsql/MTBLS10066/20230303_LEAP02_B2_POS_S054/20230303_LEAP02_B2_POS_S054
rtrange,7.4895423,Parquet,0.09089079988189042,E:/mzsql/MTBLS10066/20230303_LEAP02_B2_POS_S054/20230303_LEAP02_B2_POS_S054
rtrange,8.4921485,pyteomics,16.49010880012065,E:/mzsql/MTBLS10066/20230303_LEAP02_B2_POS_S054/20230303_LEAP02_B2_POS_S054
rtrange,8.4921485,pyopenms,5.176976199960336,E:/mzsql/MTBLS10066/20230303_LEAP02_B2_POS_S054/20230303_LEAP02_B2_POS_S054
rtrange,8.4921485,pyopenms_2DPeak,5.089989900123328,E:/mzsql/MTBLS10066/20230303_LEAP02_B2_POS_S054/20230303_LEAP02_B2_POS_S054
rtrange,8.4921485,pymzml,6.136832799995318,E:/mzsql/MTBLS10066/20230303_LEAP02_B2_POS_S054/20230303_LEAP02_B2_POS_S054
rtrange,8.4921485,mzMLb,14.526863100007176,E:/mzsql/MTBLS10066/20230303_LEAP02_B2_POS_S054/20230303_LEAP02_B2_POS_S054
rtrange,8.4921485,mzDB,2.260467499960214,E:/mzsql/MTBLS10066/20230303_LEAP02_B2_POS_S054/20230303_LEAP02_B2_POS_S054
rtrange,8.4921485,MZA,0.3374220000114292,E:/mzsql/MTBLS10066/20230303_LEAP02_B2_POS_S054/20230303_LEAP02_B2_POS_S054
rtrange,8.4921485,mz5,2.6511576999910176,E:/mzsql/MTBLS10066/20230303_LEAP02_B2_POS_S054/20230303_LEAP02_B2_POS_S054
rtrange,8.4921485,MZTree,0.2568461000919342,E:/mzsql/MTBLS10066/20230303_LEAP02_B2_POS_S054/20230303_LEAP02_B2_POS_S054
rtrange,8.4921485,mzMD,0.5921847999561578,E:/mzsql/MTBLS10066/20230303_LEAP02_B2_POS_S054/20230303_LEAP02_B2_POS_S054
rtrange,8.4921485,SQLite,0.5679001999087632,E:/mzsql/MTBLS10066/20230303_LEAP02_B2_POS_S054/20230303_LEAP02_B2_POS_S054
rtrange,8.4921485,DuckDB,0.029231300111860037,E:/mzsql/MTBLS10066/20230303_LEAP02_B2_POS_S054/20230303_LEAP02_B2_POS_S054
rtrange,8.4921485,Parquet,0.09192379983142018,E:/mzsql/MTBLS10066/20230303_LEAP02_B2_POS_S054/20230303_LEAP02_B2_POS_S054
rtrange,3.6621132,pyteomics,16.503265199949965,E:/mzsql/MTBLS10066/20230303_LEAP02_B2_POS_S054/20230303_LEAP02_B2_POS_S054
rtrange,3.6621132,pyopenms,5.228218300035223,E:/mzsql/MTBLS10066/20230303_LEAP02_B2_POS_S054/20230303_LEAP02_B2_POS_S054
rtrange,3.6621132,pyopenms_2DPeak,5.109611299820244,E:/mzsql/MTBLS10066/20230303_LEAP02_B2_POS_S054/20230303_LEAP02_B2_POS_S054
rtrange,3.6621132,pymzml,6.159416600130498,E:/mzsql/MTBLS10066/20230303_LEAP02_B2_POS_S054/20230303_LEAP02_B2_POS_S054
rtrange,3.6621132,mzMLb,14.44250819995068,E:/mzsql/MTBLS10066/20230303_LEAP02_B2_POS_S054/20230303_LEAP02_B2_POS_S054
rtrange,3.6621132,mzDB,3.534034000011161,E:/mzsql/MTBLS10066/20230303_LEAP02_B2_POS_S054/20230303_LEAP02_B2_POS_S054
rtrange,3.6621132,MZA,0.6321902999188751,E:/mzsql/MTBLS10066/20230303_LEAP02_B2_POS_S054/20230303_LEAP02_B2_POS_S054
rtrange,3.6621132,mz5,2.646950799971819,E:/mzsql/MTBLS10066/20230303_LEAP02_B2_POS_S054/20230303_LEAP02_B2_POS_S054
rtrange,3.6621132,MZTree,0.4327969001606107,E:/mzsql/MTBLS10066/20230303_LEAP02_B2_POS_S054/20230303_LEAP02_B2_POS_S054
rtrange,3.6621132,mzMD,0.6971881000790745,E:/mzsql/MTBLS10066/20230303_LEAP02_B2_POS_S054/20230303_LEAP02_B2_POS_S054
rtrange,3.6621132,SQLite,0.6382213998585939,E:/mzsql/MTBLS10066/20230303_LEAP02_B2_POS_S054/20230303_LEAP02_B2_POS_S054
rtrange,3.6621132,DuckDB,0.037494200048968196,E:/mzsql/MTBLS10066/20230303_LEAP02_B2_POS_S054/20230303_LEAP02_B2_POS_S054
rtrange,3.6621132,Parquet,0.09250989998690784,E:/mzsql/MTBLS10066/20230303_LEAP02_B2_POS_S054/20230303_LEAP02_B2_POS_S054
rtrange,5.4312277,pyteomics,16.466331799980253,E:/mzsql/MTBLS10066/20230303_LEAP02_B2_POS_S054/20230303_LEAP02_B2_POS_S054
rtrange,5.4312277,pyopenms,5.20885070017539,E:/mzsql/MTBLS10066/20230303_LEAP02_B2_POS_S054/20230303_LEAP02_B2_POS_S054
rtrange,5.4312277,pyopenms_2DPeak,5.112137999851257,E:/mzsql/MTBLS10066/20230303_LEAP02_B2_POS_S054/20230303_LEAP02_B2_POS_S054
rtrange,5.4312277,pymzml,6.19758959999308,E:/mzsql/MTBLS10066/20230303_LEAP02_B2_POS_S054/20230303_LEAP02_B2_POS_S054
rtrange,5.4312277,mzMLb,15.399851999944076,E:/mzsql/MTBLS10066/20230303_LEAP02_B2_POS_S054/20230303_LEAP02_B2_POS_S054
rtrange,5.4312277,mzDB,4.521626699948683,E:/mzsql/MTBLS10066/20230303_LEAP02_B2_POS_S054/20230303_LEAP02_B2_POS_S054
rtrange,5.4312277,MZA,1.0527971000410616,E:/mzsql/MTBLS10066/20230303_LEAP02_B2_POS_S054/20230303_LEAP02_B2_POS_S054
rtrange,5.4312277,mz5,2.619450300000608,E:/mzsql/MTBLS10066/20230303_LEAP02_B2_POS_S054/20230303_LEAP02_B2_POS_S054
rtrange,5.4312277,MZTree,0.5268916001077741,E:/mzsql/MTBLS10066/20230303_LEAP02_B2_POS_S054/20230303_LEAP02_B2_POS_S054
rtrange,5.4312277,mzMD,0.8161120000295341,E:/mzsql/MTBLS10066/20230303_LEAP02_B2_POS_S054/20230303_LEAP02_B2_POS_S054
rtrange,5.4312277,SQLite,0.7145820001605898,E:/mzsql/MTBLS10066/20230303_LEAP02_B2_POS_S054/20230303_LEAP02_B2_POS_S054
rtrange,5.4312277,DuckDB,0.045275800162926316,E:/mzsql/MTBLS10066/20230303_LEAP02_B2_POS_S054/20230303_LEAP02_B2_POS_S054
rtrange,5.4312277,Parquet,0.095489899860695,E:/mzsql/MTBLS10066/20230303_LEAP02_B2_POS_S054/20230303_LEAP02_B2_POS_S054
rtrange,11.109936,pyteomics,16.52458199998364,E:/mzsql/MTBLS10066/20230303_LEAP02_B2_POS_S054/20230303_LEAP02_B2_POS_S054
rtrange,11.109936,pyopenms,5.239195600152016,E:/mzsql/MTBLS10066/20230303_LEAP02_B2_POS_S054/20230303_LEAP02_B2_POS_S054
rtrange,11.109936,pyopenms_2DPeak,5.101789999986067,E:/mzsql/MTBLS10066/20230303_LEAP02_B2_POS_S054/20230303_LEAP02_B2_POS_S054
rtrange,11.109936,pymzml,6.18790110014379,E:/mzsql/MTBLS10066/20230303_LEAP02_B2_POS_S054/20230303_LEAP02_B2_POS_S054
rtrange,11.109936,mzMLb,14.482522200094536,E:/mzsql/MTBLS10066/20230303_LEAP02_B2_POS_S054/20230303_LEAP02_B2_POS_S054
rtrange,11.109936,mzDB,2.8952202000655234,E:/mzsql/MTBLS10066/20230303_LEAP02_B2_POS_S054/20230303_LEAP02_B2_POS_S054
rtrange,11.109936,MZA,0.6156691999640316,E:/mzsql/MTBLS10066/20230303_LEAP02_B2_POS_S054/20230303_LEAP02_B2_POS_S054
rtrange,11.109936,mz5,2.7153912000358105,E:/mzsql/MTBLS10066/20230303_LEAP02_B2_POS_S054/20230303_LEAP02_B2_POS_S054
rtrange,11.109936,MZTree,0.22017460013739765,E:/mzsql/MTBLS10066/20230303_LEAP02_B2_POS_S054/20230303_LEAP02_B2_POS_S054
rtrange,11.109936,mzMD,0.6538513000123203,E:/mzsql/MTBLS10066/20230303_LEAP02_B2_POS_S054/20230303_LEAP02_B2_POS_S054
rtrange,11.109936,SQLite,0.5974155999720097,E:/mzsql/MTBLS10066/20230303_LEAP02_B2_POS_S054/20230303_LEAP02_B2_POS_S054
rtrange,11.109936,DuckDB,0.034579799976199865,E:/mzsql/MTBLS10066/20230303_LEAP02_B2_POS_S054/20230303_LEAP02_B2_POS_S054
rtrange,11.109936,Parquet,0.09228980005718768,E:/mzsql/MTBLS10066/20230303_LEAP02_B2_POS_S054/20230303_LEAP02_B2_POS_S054
rtrange,9.9401422,pyteomics,16.5595327001065,E:/mzsql/MTBLS10066/20230303_LEAP02_B2_POS_S054/20230303_LEAP02_B2_POS_S054
rtrange,9.9401422,pyopenms,5.230520699871704,E:/mzsql/MTBLS10066/20230303_LEAP02_B2_POS_S054/20230303_LEAP02_B2_POS_S054
rtrange,9.9401422,pyopenms_2DPeak,5.082871200051159,E:/mzsql/MTBLS10066/20230303_LEAP02_B2_POS_S054/20230303_LEAP02_B2_POS_S054
rtrange,9.9401422,pymzml,6.250356000149623,E:/mzsql/MTBLS10066/20230303_LEAP02_B2_POS_S054/20230303_LEAP02_B2_POS_S054
rtrange,9.9401422,mzMLb,14.642699599964544,E:/mzsql/MTBLS10066/20230303_LEAP02_B2_POS_S054/20230303_LEAP02_B2_POS_S054
rtrange,9.9401422,mzDB,9.044452799949795,E:/mzsql/MTBLS10066/20230303_LEAP02_B2_POS_S054/20230303_LEAP02_B2_POS_S054
rtrange,9.9401422,MZA,1.2983693999703974,E:/mzsql/MTBLS10066/20230303_LEAP02_B2_POS_S054/20230303_LEAP02_B2_POS_S054
rtrange,9.9401422,mz5,2.7407440999522805,E:/mzsql/MTBLS10066/20230303_LEAP02_B2_POS_S054/20230303_LEAP02_B2_POS_S054
rtrange,9.9401422,MZTree,0.6199221001006663,E:/mzsql/MTBLS10066/20230303_LEAP02_B2_POS_S054/20230303_LEAP02_B2_POS_S054
rtrange,9.9401422,mzMD,0.8608593998942524,E:/mzsql/MTBLS10066/20230303_LEAP02_B2_POS_S054/20230303_LEAP02_B2_POS_S054
rtrange,9.9401422,SQLite,0.7330682000610977,E:/mzsql/MTBLS10066/20230303_LEAP02_B2_POS_S054/20230303_LEAP02_B2_POS_S054
rtrange,9.9401422,DuckDB,0.055394900031387806,E:/mzsql/MTBLS10066/20230303_LEAP02_B2_POS_S054/20230303_LEAP02_B2_POS_S054
rtrange,9.9401422,Parquet,0.09437249996699393,E:/mzsql/MTBLS10066/20230303_LEAP02_B2_POS_S054/20230303_LEAP02_B2_POS_S054
rtrange,1.0120944,pyteomics,16.515410399995744,E:/mzsql/MTBLS10066/20230303_LEAP02_B2_POS_S054/20230303_LEAP02_B2_POS_S054
rtrange,1.0120944,pyopenms,5.262002900009975,E:/mzsql/MTBLS10066/20230303_LEAP02_B2_POS_S054/20230303_LEAP02_B2_POS_S054
rtrange,1.0120944,pyopenms_2DPeak,5.102037699893117,E:/mzsql/MTBLS10066/20230303_LEAP02_B2_POS_S054/20230303_LEAP02_B2_POS_S054
rtrange,1.0120944,pymzml,6.23545779986307,E:/mzsql/MTBLS10066/20230303_LEAP02_B2_POS_S054/20230303_LEAP02_B2_POS_S054
rtrange,1.0120944,mzMLb,14.508316999999806,E:/mzsql/MTBLS10066/20230303_LEAP02_B2_POS_S054/20230303_LEAP02_B2_POS_S054
rtrange,1.0120944,mzDB,5.277956300182268,E:/mzsql/MTBLS10066/20230303_LEAP02_B2_POS_S054/20230303_LEAP02_B2_POS_S054
rtrange,1.0120944,MZA,1.2116529999766499,E:/mzsql/MTBLS10066/20230303_LEAP02_B2_POS_S054/20230303_LEAP02_B2_POS_S054
rtrange,1.0120944,mz5,2.7404185999184847,E:/mzsql/MTBLS10066/20230303_LEAP02_B2_POS_S054/20230303_LEAP02_B2_POS_S054
rtrange,1.0120944,MZTree,0.682950499933213,E:/mzsql/MTBLS10066/20230303_LEAP02_B2_POS_S054/20230303_LEAP02_B2_POS_S054
rtrange,1.0120944,mzMD,0.8331563000101596,E:/mzsql/MTBLS10066/20230303_LEAP02_B2_POS_S054/20230303_LEAP02_B2_POS_S054
rtrange,1.0120944,SQLite,0.7561282999813557,E:/mzsql/MTBLS10066/20230303_LEAP02_B2_POS_S054/20230303_LEAP02_B2_POS_S054
rtrange,1.0120944,DuckDB,0.047541100066155195,E:/mzsql/MTBLS10066/20230303_LEAP02_B2_POS_S054/20230303_LEAP02_B2_POS_S054
rtrange,1.0120944,Parquet,0.0957404999062419,E:/mzsql/MTBLS10066/20230303_LEAP02_B2_POS_S054/20230303_LEAP02_B2_POS_S054
rtrange,16.0552,pyteomics,16.480729800183326,E:/mzsql/MTBLS10066/20230303_LEAP02_B2_POS_S054/20230303_LEAP02_B2_POS_S054
rtrange,16.0552,pyopenms,5.20166220003739,E:/mzsql/MTBLS10066/20230303_LEAP02_B2_POS_S054/20230303_LEAP02_B2_POS_S054
rtrange,16.0552,pyopenms_2DPeak,5.066445800010115,E:/mzsql/MTBLS10066/20230303_LEAP02_B2_POS_S054/20230303_LEAP02_B2_POS_S054
rtrange,16.0552,pymzml,6.176449500024319,E:/mzsql/MTBLS10066/20230303_LEAP02_B2_POS_S054/20230303_LEAP02_B2_POS_S054
rtrange,16.0552,mzMLb,14.416781400097534,E:/mzsql/MTBLS10066/20230303_LEAP02_B2_POS_S054/20230303_LEAP02_B2_POS_S054
rtrange,16.0552,mzDB,4.94753500004299,E:/mzsql/MTBLS10066/20230303_LEAP02_B2_POS_S054/20230303_LEAP02_B2_POS_S054
rtrange,16.0552,MZA,0.9884349999483675,E:/mzsql/MTBLS10066/20230303_LEAP02_B2_POS_S054/20230303_LEAP02_B2_POS_S054
rtrange,16.0552,mz5,2.656078399857506,E:/mzsql/MTBLS10066/20230303_LEAP02_B2_POS_S054/20230303_LEAP02_B2_POS_S054
rtrange,16.0552,MZTree,0.9630350000225008,E:/mzsql/MTBLS10066/20230303_LEAP02_B2_POS_S054/20230303_LEAP02_B2_POS_S054
rtrange,16.0552,mzMD,0.7550918001215905,E:/mzsql/MTBLS10066/20230303_LEAP02_B2_POS_S054/20230303_LEAP02_B2_POS_S054
rtrange,16.0552,SQLite,0.643214600160718,E:/mzsql/MTBLS10066/20230303_LEAP02_B2_POS_S054/20230303_LEAP02_B2_POS_S054
rtrange,16.0552,DuckDB,0.0459561999887228,E:/mzsql/MTBLS10066/20230303_LEAP02_B2_POS_S054/20230303_LEAP02_B2_POS_S054
rtrange,16.0552,Parquet,0.09435459994710982,E:/mzsql/MTBLS10066/20230303_LEAP02_B2_POS_S054/20230303_LEAP02_B2_POS_S054
ms2_spec,6410,pyteomics,9.525058999890462,E:/mzsql/MTBLS10066/20230303_LEAP02_B2_POS_S054/20230303_LEAP02_B2_POS_S054
ms2_spec,6410,pyopenms,5.158703099936247,E:/mzsql/MTBLS10066/20230303_LEAP02_B2_POS_S054/20230303_LEAP02_B2_POS_S054
ms2_spec,6410,pymzml,0.09319959999993443,E:/mzsql/MTBLS10066/20230303_LEAP02_B2_POS_S054/20230303_LEAP02_B2_POS_S054
ms2_spec,6410,mzMLb,11.076859399909154,E:/mzsql/MTBLS10066/20230303_LEAP02_B2_POS_S054/20230303_LEAP02_B2_POS_S054
ms2_spec,6410,mzDB,1.0844796001911163,E:/mzsql/MTBLS10066/20230303_LEAP02_B2_POS_S054/20230303_LEAP02_B2_POS_S054
ms2_spec,6410,MZA,0.0027541001327335835,E:/mzsql/MTBLS10066/20230303_LEAP02_B2_POS_S054/20230303_LEAP02_B2_POS_S054
ms2_spec,6410,mz5,0.10361930006183684,E:/mzsql/MTBLS10066/20230303_LEAP02_B2_POS_S054/20230303_LEAP02_B2_POS_S054
ms2_spec,6410,SQLite,0.40304789994843304,E:/mzsql/MTBLS10066/20230303_LEAP02_B2_POS_S054/20230303_LEAP02_B2_POS_S054
ms2_spec,6410,DuckDB,0.021203099982813,E:/mzsql/MTBLS10066/20230303_LEAP02_B2_POS_S054/20230303_LEAP02_B2_POS_S054
ms2_spec,6410,Parquet,0.12793949991464615,E:/mzsql/MTBLS10066/20230303_LEAP02_B2_POS_S054/20230303_LEAP02_B2_POS_S054
ms2_spec,1201,pyteomics,2.4468748001381755,E:/mzsql/MTBLS10066/20230303_LEAP02_B2_POS_S054/20230303_LEAP02_B2_POS_S054
ms2_spec,1201,pyopenms,5.087832899997011,E:/mzsql/MTBLS10066/20230303_LEAP02_B2_POS_S054/20230303_LEAP02_B2_POS_S054
ms2_spec,1201,pymzml,0.09622980002313852,E:/mzsql/MTBLS10066/20230303_LEAP02_B2_POS_S054/20230303_LEAP02_B2_POS_S054
ms2_spec,1201,mzMLb,2.1088026999495924,E:/mzsql/MTBLS10066/20230303_LEAP02_B2_POS_S054/20230303_LEAP02_B2_POS_S054
ms2_spec,1201,mzDB,1.9625204000622034,E:/mzsql/MTBLS10066/20230303_LEAP02_B2_POS_S054/20230303_LEAP02_B2_POS_S054
ms2_spec,1201,MZA,0.003059899900108576,E:/mzsql/MTBLS10066/20230303_LEAP02_B2_POS_S054/20230303_LEAP02_B2_POS_S054
ms2_spec,1201,mz5,0.10404659993946552,E:/mzsql/MTBLS10066/20230303_LEAP02_B2_POS_S054/20230303_LEAP02_B2_POS_S054
ms2_spec,1201,SQLite,0.3881343000102788,E:/mzsql/MTBLS10066/20230303_LEAP02_B2_POS_S054/20230303_LEAP02_B2_POS_S054
ms2_spec,1201,DuckDB,0.026682900032028556,E:/mzsql/MTBLS10066/20230303_LEAP02_B2_POS_S054/20230303_LEAP02_B2_POS_S054
ms2_spec,1201,Parquet,0.12669069995172322,E:/mzsql/MTBLS10066/20230303_LEAP02_B2_POS_S054/20230303_LEAP02_B2_POS_S054
ms2_spec,7484,pyteomics,11.228865300072357,E:/mzsql/MTBLS10066/20230303_LEAP02_B2_POS_S054/20230303_LEAP02_B2_POS_S054
ms2_spec,7484,pyopenms,5.183712299913168,E:/mzsql/MTBLS10066/20230303_LEAP02_B2_POS_S054/20230303_LEAP02_B2_POS_S054
ms2_spec,7484,pymzml,0.09428269998170435,E:/mzsql/MTBLS10066/20230303_LEAP02_B2_POS_S054/20230303_LEAP02_B2_POS_S054
ms2_spec,7484,mzMLb,13.172134199878201,E:/mzsql/MTBLS10066/20230303_LEAP02_B2_POS_S054/20230303_LEAP02_B2_POS_S054
ms2_spec,7484,mzDB,0.6030834999401122,E:/mzsql/MTBLS10066/20230303_LEAP02_B2_POS_S054/20230303_LEAP02_B2_POS_S054
ms2_spec,7484,MZA,0.0032188999466598034,E:/mzsql/MTBLS10066/20230303_LEAP02_B2_POS_S054/20230303_LEAP02_B2_POS_S054
ms2_spec,7484,mz5,0.10756479995325208,E:/mzsql/MTBLS10066/20230303_LEAP02_B2_POS_S054/20230303_LEAP02_B2_POS_S054
ms2_spec,7484,SQLite,0.38781689992174506,E:/mzsql/MTBLS10066/20230303_LEAP02_B2_POS_S054/20230303_LEAP02_B2_POS_S054
ms2_spec,7484,DuckDB,0.026982200099155307,E:/mzsql/MTBLS10066/20230303_LEAP02_B2_POS_S054/20230303_LEAP02_B2_POS_S054
ms2_spec,7484,Parquet,0.13308159983716905,E:/mzsql/MTBLS10066/20230303_LEAP02_B2_POS_S054/20230303_LEAP02_B2_POS_S054
ms2_spec,6352,pyteomics,9.561983400024474,E:/mzsql/MTBLS10066/20230303_LEAP02_B2_POS_S054/20230303_LEAP02_B2_POS_S054
ms2_spec,6352,pyopenms,5.1729325000196695,E:/mzsql/MTBLS10066/20230303_LEAP02_B2_POS_S054/20230303_LEAP02_B2_POS_S054
ms2_spec,6352,pymzml,0.09496679995208979,E:/mzsql/MTBLS10066/20230303_LEAP02_B2_POS_S054/20230303_LEAP02_B2_POS_S054
ms2_spec,6352,mzMLb,11.153843599837273,E:/mzsql/MTBLS10066/20230303_LEAP02_B2_POS_S054/20230303_LEAP02_B2_POS_S054
ms2_spec,6352,mzDB,0.06252850010059774,E:/mzsql/MTBLS10066/20230303_LEAP02_B2_POS_S054/20230303_LEAP02_B2_POS_S054
ms2_spec,6352,MZA,0.0033728000707924366,E:/mzsql/MTBLS10066/20230303_LEAP02_B2_POS_S054/20230303_LEAP02_B2_POS_S054
ms2_spec,6352,mz5,0.10772820003330708,E:/mzsql/MTBLS10066/20230303_LEAP02_B2_POS_S054/20230303_LEAP02_B2_POS_S054
ms2_spec,6352,SQLite,0.3892100998200476,E:/mzsql/MTBLS10066/20230303_LEAP02_B2_POS_S054/20230303_LEAP02_B2_POS_S054
ms2_spec,6352,DuckDB,0.02790719992481172,E:/mzsql/MTBLS10066/20230303_LEAP02_B2_POS_S054/20230303_LEAP02_B2_POS_S054
ms2_spec,6352,Parquet,0.14221510011702776,E:/mzsql/MTBLS10066/20230303_LEAP02_B2_POS_S054/20230303_LEAP02_B2_POS_S054
ms2_spec,9391,pyteomics,13.721823300002143,E:/mzsql/MTBLS10066/20230303_LEAP02_B2_POS_S054/20230303_LEAP02_B2_POS_S054
ms2_spec,9391,pyopenms,5.206066099926829,E:/mzsql/MTBLS10066/20230303_LEAP02_B2_POS_S054/20230303_LEAP02_B2_POS_S054
ms2_spec,9391,pymzml,0.09412780008278787,E:/mzsql/MTBLS10066/20230303_LEAP02_B2_POS_S054/20230303_LEAP02_B2_POS_S054
ms2_spec,9391,mzMLb,16.47757810004987,E:/mzsql/MTBLS10066/20230303_LEAP02_B2_POS_S054/20230303_LEAP02_B2_POS_S054
ms2_spec,9391,mzDB,0.0597478998824954,E:/mzsql/MTBLS10066/20230303_LEAP02_B2_POS_S054/20230303_LEAP02_B2_POS_S054
ms2_spec,9391,MZA,0.002993600210174918,E:/mzsql/MTBLS10066/20230303_LEAP02_B2_POS_S054/20230303_LEAP02_B2_POS_S054
ms2_spec,9391,mz5,0.10699400003068149,E:/mzsql/MTBLS10066/20230303_LEAP02_B2_POS_S054/20230303_LEAP02_B2_POS_S054
ms2_spec,9391,SQLite,0.4057060999330133,E:/mzsql/MTBLS10066/20230303_LEAP02_B2_POS_S054/20230303_LEAP02_B2_POS_S054
ms2_spec,9391,DuckDB,0.021035700105130672,E:/mzsql/MTBLS10066/20230303_LEAP02_B2_POS_S054/20230303_LEAP02_B2_POS_S054
ms2_spec,9391,Parquet,0.11157790012657642,E:/mzsql/MTBLS10066/20230303_LEAP02_B2_POS_S054/20230303_LEAP02_B2_POS_S054
ms2_spec,5507,pyteomics,8.48869159980677,E:/mzsql/MTBLS10066/20230303_LEAP02_B2_POS_S054/20230303_LEAP02_B2_POS_S054
ms2_spec,5507,pyopenms,5.162316499976441,E:/mzsql/MTBLS10066/20230303_LEAP02_B2_POS_S054/20230303_LEAP02_B2_POS_S054
ms2_spec,5507,pymzml,0.09554690006189048,E:/mzsql/MTBLS10066/20230303_LEAP02_B2_POS_S054/20230303_LEAP02_B2_POS_S054
ms2_spec,5507,mzMLb,9.712523800088093,E:/mzsql/MTBLS10066/20230303_LEAP02_B2_POS_S054/20230303_LEAP02_B2_POS_S054
ms2_spec,5507,mzDB,2.7710343999788165,E:/mzsql/MTBLS10066/20230303_LEAP02_B2_POS_S054/20230303_LEAP02_B2_POS_S054
ms2_spec,5507,MZA,0.003027800004929304,E:/mzsql/MTBLS10066/20230303_LEAP02_B2_POS_S054/20230303_LEAP02_B2_POS_S054
ms2_spec,5507,mz5,0.10568509995937347,E:/mzsql/MTBLS10066/20230303_LEAP02_B2_POS_S054/20230303_LEAP02_B2_POS_S054
ms2_spec,5507,SQLite,0.3917962999548763,E:/mzsql/MTBLS10066/20230303_LEAP02_B2_POS_S054/20230303_LEAP02_B2_POS_S054
ms2_spec,5507,DuckDB,0.026944500161334872,E:/mzsql/MTBLS10066/20230303_LEAP02_B2_POS_S054/20230303_LEAP02_B2_POS_S054
ms2_spec,5507,Parquet,0.13539290009066463,E:/mzsql/MTBLS10066/20230303_LEAP02_B2_POS_S054/20230303_LEAP02_B2_POS_S054
ms2_spec,268,pyteomics,1.2332746998872608,E:/mzsql/MTBLS10066/20230303_LEAP02_B2_POS_S054/20230303_LEAP02_B2_POS_S054
ms2_spec,268,pyopenms,5.095101400045678,E:/mzsql/MTBLS10066/20230303_LEAP02_B2_POS_S054/20230303_LEAP02_B2_POS_S054
ms2_spec,268,pymzml,0.09459689981304109,E:/mzsql/MTBLS10066/20230303_LEAP02_B2_POS_S054/20230303_LEAP02_B2_POS_S054
ms2_spec,268,mzMLb,0.5836451998911798,E:/mzsql/MTBLS10066/20230303_LEAP02_B2_POS_S054/20230303_LEAP02_B2_POS_S054
ms2_spec,268,mzDB,2.6987254000268877,E:/mzsql/MTBLS10066/20230303_LEAP02_B2_POS_S054/20230303_LEAP02_B2_POS_S054
ms2_spec,268,MZA,0.0031841001473367214,E:/mzsql/MTBLS10066/20230303_LEAP02_B2_POS_S054/20230303_LEAP02_B2_POS_S054
ms2_spec,268,mz5,0.10727440007030964,E:/mzsql/MTBLS10066/20230303_LEAP02_B2_POS_S054/20230303_LEAP02_B2_POS_S054
ms2_spec,268,SQLite,0.38861080002970994,E:/mzsql/MTBLS10066/20230303_LEAP02_B2_POS_S054/20230303_LEAP02_B2_POS_S054
ms2_spec,268,DuckDB,0.025398800149559975,E:/mzsql/MTBLS10066/20230303_LEAP02_B2_POS_S054/20230303_LEAP02_B2_POS_S054
ms2_spec,268,Parquet,0.10824029985815287,E:/mzsql/MTBLS10066/20230303_LEAP02_B2_POS_S054/20230303_LEAP02_B2_POS_S054
ms2_spec,3098,pyteomics,5.040586299961433,E:/mzsql/MTBLS10066/20230303_LEAP02_B2_POS_S054/20230303_LEAP02_B2_POS_S054
ms2_spec,3098,pyopenms,5.122565600089729,E:/mzsql/MTBLS10066/20230303_LEAP02_B2_POS_S054/20230303_LEAP02_B2_POS_S054
ms2_spec,3098,pymzml,0.09270890010520816,E:/mzsql/MTBLS10066/20230303_LEAP02_B2_POS_S054/20230303_LEAP02_B2_POS_S054
ms2_spec,3098,mzMLb,5.207018499961123,E:/mzsql/MTBLS10066/20230303_LEAP02_B2_POS_S054/20230303_LEAP02_B2_POS_S054
ms2_spec,3098,mzDB,0.058913399931043386,E:/mzsql/MTBLS10066/20230303_LEAP02_B2_POS_S054/20230303_LEAP02_B2_POS_S054
ms2_spec,3098,MZA,0.002790299942716956,E:/mzsql/MTBLS10066/20230303_LEAP02_B2_POS_S054/20230303_LEAP02_B2_POS_S054
ms2_spec,3098,mz5,0.10517319990321994,E:/mzsql/MTBLS10066/20230303_LEAP02_B2_POS_S054/20230303_LEAP02_B2_POS_S054
ms2_spec,3098,SQLite,0.4015212000813335,E:/mzsql/MTBLS10066/20230303_LEAP02_B2_POS_S054/20230303_LEAP02_B2_POS_S054
ms2_spec,3098,DuckDB,0.02049789996817708,E:/mzsql/MTBLS10066/20230303_LEAP02_B2_POS_S054/20230303_LEAP02_B2_POS_S054
ms2_spec,3098,Parquet,0.10709369997493923,E:/mzsql/MTBLS10066/20230303_LEAP02_B2_POS_S054/20230303_LEAP02_B2_POS_S054
ms2_spec,9605,pyteomics,13.781583299860358,E:/mzsql/MTBLS10066/20230303_LEAP02_B2_POS_S054/20230303_LEAP02_B2_POS_S054
ms2_spec,9605,pyopenms,5.225847099907696,E:/mzsql/MTBLS10066/20230303_LEAP02_B2_POS_S054/20230303_LEAP02_B2_POS_S054
ms2_spec,9605,pymzml,0.09456809982657433,E:/mzsql/MTBLS10066/20230303_LEAP02_B2_POS_S054/20230303_LEAP02_B2_POS_S054
ms2_spec,9605,mzMLb,16.78423219989054,E:/mzsql/MTBLS10066/20230303_LEAP02_B2_POS_S054/20230303_LEAP02_B2_POS_S054
ms2_spec,9605,mzDB,3.314126299927011,E:/mzsql/MTBLS10066/20230303_LEAP02_B2_POS_S054/20230303_LEAP02_B2_POS_S054
ms2_spec,9605,MZA,0.00272650015540421,E:/mzsql/MTBLS10066/20230303_LEAP02_B2_POS_S054/20230303_LEAP02_B2_POS_S054
ms2_spec,9605,mz5,0.10516169993206859,E:/mzsql/MTBLS10066/20230303_LEAP02_B2_POS_S054/20230303_LEAP02_B2_POS_S054
ms2_spec,9605,SQLite,0.40263689984567463,E:/mzsql/MTBLS10066/20230303_LEAP02_B2_POS_S054/20230303_LEAP02_B2_POS_S054
ms2_spec,9605,DuckDB,0.02076909993775189,E:/mzsql/MTBLS10066/20230303_LEAP02_B2_POS_S054/20230303_LEAP02_B2_POS_S054
ms2_spec,9605,Parquet,0.06105410004965961,E:/mzsql/MTBLS10066/20230303_LEAP02_B2_POS_S054/20230303_LEAP02_B2_POS_S054
ms2_spec,1445,pyteomics,2.7764743000734597,E:/mzsql/MTBLS10066/20230303_LEAP02_B2_POS_S054/20230303_LEAP02_B2_POS_S054
ms2_spec,1445,pyopenms,5.112057100050151,E:/mzsql/MTBLS10066/20230303_LEAP02_B2_POS_S054/20230303_LEAP02_B2_POS_S054
ms2_spec,1445,pymzml,0.09596930001862347,E:/mzsql/MTBLS10066/20230303_LEAP02_B2_POS_S054/20230303_LEAP02_B2_POS_S054
ms2_spec,1445,mzMLb,2.5496235000900924,E:/mzsql/MTBLS10066/20230303_LEAP02_B2_POS_S054/20230303_LEAP02_B2_POS_S054
ms2_spec,1445,mzDB,1.9054064000956714,E:/mzsql/MTBLS10066/20230303_LEAP02_B2_POS_S054/20230303_LEAP02_B2_POS_S054
ms2_spec,1445,MZA,0.003124300157651305,E:/mzsql/MTBLS10066/20230303_LEAP02_B2_POS_S054/20230303_LEAP02_B2_POS_S054
ms2_spec,1445,mz5,0.1059837001375854,E:/mzsql/MTBLS10066/20230303_LEAP02_B2_POS_S054/20230303_LEAP02_B2_POS_S054
ms2_spec,1445,SQLite,0.39192180009558797,E:/mzsql/MTBLS10066/20230303_LEAP02_B2_POS_S054/20230303_LEAP02_B2_POS_S054
ms2_spec,1445,DuckDB,0.026863500010222197,E:/mzsql/MTBLS10066/20230303_LEAP02_B2_POS_S054/20230303_LEAP02_B2_POS_S054
ms2_spec,1445,Parquet,0.12592590018175542,E:/mzsql/MTBLS10066/20230303_LEAP02_B2_POS_S054/20230303_LEAP02_B2_POS_S054
premz,703.575146496296,pyteomics,16.60995259997435,E:/mzsql/MTBLS10066/20230303_LEAP02_B2_POS_S054/20230303_LEAP02_B2_POS_S054
premz,703.575146496296,pyopenms,5.213492900133133,E:/mzsql/MTBLS10066/20230303_LEAP02_B2_POS_S054/20230303_LEAP02_B2_POS_S054
premz,703.575146496296,pymzml,6.622503199847415,E:/mzsql/MTBLS10066/20230303_LEAP02_B2_POS_S054/20230303_LEAP02_B2_POS_S054
premz,703.575146496296,mzMLb,14.555646899854764,E:/mzsql/MTBLS10066/20230303_LEAP02_B2_POS_S054/20230303_LEAP02_B2_POS_S054
premz,703.575146496296,mzDB,0.09136419999413192,E:/mzsql/MTBLS10066/20230303_LEAP02_B2_POS_S054/20230303_LEAP02_B2_POS_S054
premz,703.575146496296,MZA,4.853163199964911,E:/mzsql/MTBLS10066/20230303_LEAP02_B2_POS_S054/20230303_LEAP02_B2_POS_S054
premz,703.575146496296,SQLite,0.07120980019681156,E:/mzsql/MTBLS10066/20230303_LEAP02_B2_POS_S054/20230303_LEAP02_B2_POS_S054
premz,703.575146496296,DuckDB,0.024344000034034252,E:/mzsql/MTBLS10066/20230303_LEAP02_B2_POS_S054/20230303_LEAP02_B2_POS_S054
premz,703.575146496296,Parquet,0.028462600195780396,E:/mzsql/MTBLS10066/20230303_LEAP02_B2_POS_S054/20230303_LEAP02_B2_POS_S054
premz,757.638867199421,pyteomics,16.59172740019858,E:/mzsql/MTBLS10066/20230303_LEAP02_B2_POS_S054/20230303_LEAP02_B2_POS_S054
premz,757.638867199421,pyopenms,5.196507400134578,E:/mzsql/MTBLS10066/20230303_LEAP02_B2_POS_S054/20230303_LEAP02_B2_POS_S054
premz,757.638867199421,pymzml,6.4048251998610795,E:/mzsql/MTBLS10066/20230303_LEAP02_B2_POS_S054/20230303_LEAP02_B2_POS_S054
premz,757.638867199421,mzMLb,14.359930200036615,E:/mzsql/MTBLS10066/20230303_LEAP02_B2_POS_S054/20230303_LEAP02_B2_POS_S054
premz,757.638867199421,mzDB,0.07442449987865984,E:/mzsql/MTBLS10066/20230303_LEAP02_B2_POS_S054/20230303_LEAP02_B2_POS_S054
premz,757.638867199421,MZA,4.792537099914625,E:/mzsql/MTBLS10066/20230303_LEAP02_B2_POS_S054/20230303_LEAP02_B2_POS_S054
premz,757.638867199421,SQLite,0.04815570008940995,E:/mzsql/MTBLS10066/20230303_LEAP02_B2_POS_S054/20230303_LEAP02_B2_POS_S054
premz,757.638867199421,DuckDB,0.020766799803823233,E:/mzsql/MTBLS10066/20230303_LEAP02_B2_POS_S054/20230303_LEAP02_B2_POS_S054
premz,757.638867199421,Parquet,0.025701999897137284,E:/mzsql/MTBLS10066/20230303_LEAP02_B2_POS_S054/20230303_LEAP02_B2_POS_S054
premz,757.627575695515,pyteomics,16.40301080001518,E:/mzsql/MTBLS10066/20230303_LEAP02_B2_POS_S054/20230303_LEAP02_B2_POS_S054
premz,757.627575695515,pyopenms,5.195837799925357,E:/mzsql/MTBLS10066/20230303_LEAP02_B2_POS_S054/20230303_LEAP02_B2_POS_S054
premz,757.627575695515,pymzml,6.640241200104356,E:/mzsql/MTBLS10066/20230303_LEAP02_B2_POS_S054/20230303_LEAP02_B2_POS_S054
premz,757.627575695515,mzMLb,14.715015899855644,E:/mzsql/MTBLS10066/20230303_LEAP02_B2_POS_S054/20230303_LEAP02_B2_POS_S054
premz,757.627575695515,mzDB,0.0756649998947978,E:/mzsql/MTBLS10066/20230303_LEAP02_B2_POS_S054/20230303_LEAP02_B2_POS_S054
premz,757.627575695515,MZA,4.808664800133556,E:/mzsql/MTBLS10066/20230303_LEAP02_B2_POS_S054/20230303_LEAP02_B2_POS_S054
premz,757.627575695515,SQLite,0.048927800031378865,E:/mzsql/MTBLS10066/20230303_LEAP02_B2_POS_S054/20230303_LEAP02_B2_POS_S054
premz,757.627575695515,DuckDB,0.020750900031998754,E:/mzsql/MTBLS10066/20230303_LEAP02_B2_POS_S054/20230303_LEAP02_B2_POS_S054
premz,757.627575695515,Parquet,0.027896499959751964,E:/mzsql/MTBLS10066/20230303_LEAP02_B2_POS_S054/20230303_LEAP02_B2_POS_S054
premz,785.664685070515,pyteomics,16.652926899958402,E:/mzsql/MTBLS10066/20230303_LEAP02_B2_POS_S054/20230303_LEAP02_B2_POS_S054
premz,785.664685070515,pyopenms,5.183115900028497,E:/mzsql/MTBLS10066/20230303_LEAP02_B2_POS_S054/20230303_LEAP02_B2_POS_S054
premz,785.664685070515,pymzml,6.553097299998626,E:/mzsql/MTBLS10066/20230303_LEAP02_B2_POS_S054/20230303_LEAP02_B2_POS_S054
premz,785.664685070515,mzMLb,14.658191999886185,E:/mzsql/MTBLS10066/20230303_LEAP02_B2_POS_S054/20230303_LEAP02_B2_POS_S054
premz,785.664685070515,mzDB,0.07574620004743338,E:/mzsql/MTBLS10066/20230303_LEAP02_B2_POS_S054/20230303_LEAP02_B2_POS_S054
premz,785.664685070515,MZA,4.800449199974537,E:/mzsql/MTBLS10066/20230303_LEAP02_B2_POS_S054/20230303_LEAP02_B2_POS_S054
premz,785.664685070515,SQLite,0.04849130008369684,E:/mzsql/MTBLS10066/20230303_LEAP02_B2_POS_S054/20230303_LEAP02_B2_POS_S054
premz,785.664685070515,DuckDB,0.021009900141507387,E:/mzsql/MTBLS10066/20230303_LEAP02_B2_POS_S054/20230303_LEAP02_B2_POS_S054
premz,785.664685070515,Parquet,0.025939300190657377,E:/mzsql/MTBLS10066/20230303_LEAP02_B2_POS_S054/20230303_LEAP02_B2_POS_S054
premz,786.600903332233,pyteomics,16.529765299987048,E:/mzsql/MTBLS10066/20230303_LEAP02_B2_POS_S054/20230303_LEAP02_B2_POS_S054
premz,786.600903332233,pyopenms,5.217476099962369,E:/mzsql/MTBLS10066/20230303_LEAP02_B2_POS_S054/20230303_LEAP02_B2_POS_S054
premz,786.600903332233,pymzml,6.605673399986699,E:/mzsql/MTBLS10066/20230303_LEAP02_B2_POS_S054/20230303_LEAP02_B2_POS_S054
premz,786.600903332233,mzMLb,14.463623699964955,E:/mzsql/MTBLS10066/20230303_LEAP02_B2_POS_S054/20230303_LEAP02_B2_POS_S054
premz,786.600903332233,mzDB,0.09326520003378391,E:/mzsql/MTBLS10066/20230303_LEAP02_B2_POS_S054/20230303_LEAP02_B2_POS_S054
premz,786.600903332233,MZA,4.805756000103429,E:/mzsql/MTBLS10066/20230303_LEAP02_B2_POS_S054/20230303_LEAP02_B2_POS_S054
premz,786.600903332233,SQLite,0.052871499909088016,E:/mzsql/MTBLS10066/20230303_LEAP02_B2_POS_S054/20230303_LEAP02_B2_POS_S054
premz,786.600903332233,DuckDB,0.03166820015758276,E:/mzsql/MTBLS10066/20230303_LEAP02_B2_POS_S054/20230303_LEAP02_B2_POS_S054
premz,786.600903332233,Parquet,0.04796760017052293,E:/mzsql/MTBLS10066/20230303_LEAP02_B2_POS_S054/20230303_LEAP02_B2_POS_S054
premz,785.656750500202,pyteomics,16.634598199976608,E:/mzsql/MTBLS10066/20230303_LEAP02_B2_POS_S054/20230303_LEAP02_B2_POS_S054
premz,785.656750500202,pyopenms,5.209342799847946,E:/mzsql/MTBLS10066/20230303_LEAP02_B2_POS_S054/20230303_LEAP02_B2_POS_S054
premz,785.656750500202,pymzml,6.6025850002188236,E:/mzsql/MTBLS10066/20230303_LEAP02_B2_POS_S054/20230303_LEAP02_B2_POS_S054
premz,785.656750500202,mzMLb,14.427934600040317,E:/mzsql/MTBLS10066/20230303_LEAP02_B2_POS_S054/20230303_LEAP02_B2_POS_S054
premz,785.656750500202,mzDB,0.08241869998164475,E:/mzsql/MTBLS10066/20230303_LEAP02_B2_POS_S054/20230303_LEAP02_B2_POS_S054
premz,785.656750500202,MZA,4.768428199924529,E:/mzsql/MTBLS10066/20230303_LEAP02_B2_POS_S054/20230303_LEAP02_B2_POS_S054
premz,785.656750500202,SQLite,0.04871149989776313,E:/mzsql/MTBLS10066/20230303_LEAP02_B2_POS_S054/20230303_LEAP02_B2_POS_S054
premz,785.656750500202,DuckDB,0.02812379994429648,E:/mzsql/MTBLS10066/20230303_LEAP02_B2_POS_S054/20230303_LEAP02_B2_POS_S054
premz,785.656750500202,Parquet,0.03281789994798601,E:/mzsql/MTBLS10066/20230303_LEAP02_B2_POS_S054/20230303_LEAP02_B2_POS_S054
premz,758.569470226765,pyteomics,16.687127199955285,E:/mzsql/MTBLS10066/20230303_LEAP02_B2_POS_S054/20230303_LEAP02_B2_POS_S054
premz,758.569470226765,pyopenms,5.209423300111666,E:/mzsql/MTBLS10066/20230303_LEAP02_B2_POS_S054/20230303_LEAP02_B2_POS_S054
premz,758.569470226765,pymzml,6.614991300040856,E:/mzsql/MTBLS10066/20230303_LEAP02_B2_POS_S054/20230303_LEAP02_B2_POS_S054
premz,758.569470226765,mzMLb,14.482499900041148,E:/mzsql/MTBLS10066/20230303_LEAP02_B2_POS_S054/20230303_LEAP02_B2_POS_S054
premz,758.569470226765,mzDB,0.0968916998244822,E:/mzsql/MTBLS10066/20230303_LEAP02_B2_POS_S054/20230303_LEAP02_B2_POS_S054
premz,758.569470226765,MZA,4.819663800066337,E:/mzsql/MTBLS10066/20230303_LEAP02_B2_POS_S054/20230303_LEAP02_B2_POS_S054
premz,758.569470226765,SQLite,0.05292430007830262,E:/mzsql/MTBLS10066/20230303_LEAP02_B2_POS_S054/20230303_LEAP02_B2_POS_S054
premz,758.569470226765,DuckDB,0.032749699894338846,E:/mzsql/MTBLS10066/20230303_LEAP02_B2_POS_S054/20230303_LEAP02_B2_POS_S054
premz,758.569470226765,Parquet,0.03172309999354184,E:/mzsql/MTBLS10066/20230303_LEAP02_B2_POS_S054/20230303_LEAP02_B2_POS_S054
premz,809.586193859577,pyteomics,16.66384440008551,E:/mzsql/MTBLS10066/20230303_LEAP02_B2_POS_S054/20230303_LEAP02_B2_POS_S054
premz,809.586193859577,pyopenms,5.21601549978368,E:/mzsql/MTBLS10066/20230303_LEAP02_B2_POS_S054/20230303_LEAP02_B2_POS_S054
premz,809.586193859577,pymzml,6.538121799938381,E:/mzsql/MTBLS10066/20230303_LEAP02_B2_POS_S054/20230303_LEAP02_B2_POS_S054
premz,809.586193859577,mzMLb,14.40688670007512,E:/mzsql/MTBLS10066/20230303_LEAP02_B2_POS_S054/20230303_LEAP02_B2_POS_S054
premz,809.586193859577,mzDB,0.075973300030455,E:/mzsql/MTBLS10066/20230303_LEAP02_B2_POS_S054/20230303_LEAP02_B2_POS_S054
premz,809.586193859577,MZA,4.824466399848461,E:/mzsql/MTBLS10066/20230303_LEAP02_B2_POS_S054/20230303_LEAP02_B2_POS_S054
premz,809.586193859577,SQLite,0.04836620017886162,E:/mzsql/MTBLS10066/20230303_LEAP02_B2_POS_S054/20230303_LEAP02_B2_POS_S054
premz,809.586193859577,DuckDB,0.02126880013383925,E:/mzsql/MTBLS10066/20230303_LEAP02_B2_POS_S054/20230303_LEAP02_B2_POS_S054
premz,809.586193859577,Parquet,0.027666900074109435,E:/mzsql/MTBLS10066/20230303_LEAP02_B2_POS_S054/20230303_LEAP02_B2_POS_S054
premz,810.600781261921,pyteomics,16.475891000125557,E:/mzsql/MTBLS10066/20230303_LEAP02_B2_POS_S054/20230303_LEAP02_B2_POS_S054
premz,810.600781261921,pyopenms,5.2247550000902265,E:/mzsql/MTBLS10066/20230303_LEAP02_B2_POS_S054/20230303_LEAP02_B2_POS_S054
premz,810.600781261921,pymzml,6.591929499991238,E:/mzsql/MTBLS10066/20230303_LEAP02_B2_POS_S054/20230303_LEAP02_B2_POS_S054
premz,810.600781261921,mzMLb,14.667749899905175,E:/mzsql/MTBLS10066/20230303_LEAP02_B2_POS_S054/20230303_LEAP02_B2_POS_S054
premz,810.600781261921,mzDB,0.08477839990518987,E:/mzsql/MTBLS10066/20230303_LEAP02_B2_POS_S054/20230303_LEAP02_B2_POS_S054
premz,810.600781261921,MZA,4.833299599820748,E:/mzsql/MTBLS10066/20230303_LEAP02_B2_POS_S054/20230303_LEAP02_B2_POS_S054
premz,810.600781261921,SQLite,0.05102050001733005,E:/mzsql/MTBLS10066/20230303_LEAP02_B2_POS_S054/20230303_LEAP02_B2_POS_S054
premz,810.600781261921,DuckDB,0.0217635000590235,E:/mzsql/MTBLS10066/20230303_LEAP02_B2_POS_S054/20230303_LEAP02_B2_POS_S054
premz,810.600781261921,Parquet,0.026127699995413423,E:/mzsql/MTBLS10066/20230303_LEAP02_B2_POS_S054/20230303_LEAP02_B2_POS_S054
premz,781.556164562702,pyteomics,16.446869099978358,E:/mzsql/MTBLS10066/20230303_LEAP02_B2_POS_S054/20230303_LEAP02_B2_POS_S054
premz,781.556164562702,pyopenms,5.221120399888605,E:/mzsql/MTBLS10066/20230303_LEAP02_B2_POS_S054/20230303_LEAP02_B2_POS_S054
premz,781.556164562702,pymzml,6.633515199879184,E:/mzsql/MTBLS10066/20230303_LEAP02_B2_POS_S054/20230303_LEAP02_B2_POS_S054
premz,781.556164562702,mzMLb,14.890465100063011,E:/mzsql/MTBLS10066/20230303_LEAP02_B2_POS_S054/20230303_LEAP02_B2_POS_S054
premz,781.556164562702,mzDB,0.08015320007689297,E:/mzsql/MTBLS10066/20230303_LEAP02_B2_POS_S054/20230303_LEAP02_B2_POS_S054
premz,781.556164562702,MZA,4.80033540003933,E:/mzsql/MTBLS10066/20230303_LEAP02_B2_POS_S054/20230303_LEAP02_B2_POS_S054
premz,781.556164562702,SQLite,0.04917499981820583,E:/mzsql/MTBLS10066/20230303_LEAP02_B2_POS_S054/20230303_LEAP02_B2_POS_S054
premz,781.556164562702,DuckDB,0.02136810007505119,E:/mzsql/MTBLS10066/20230303_LEAP02_B2_POS_S054/20230303_LEAP02_B2_POS_S054
premz,781.556164562702,Parquet,0.026576600037515163,E:/mzsql/MTBLS10066/20230303_LEAP02_B2_POS_S054/20230303_LEAP02_B2_POS_S054
fragmz,184.07337951660156,pyteomics,18.614586299983785,E:/mzsql/MTBLS10066/20230303_LEAP02_B2_POS_S054/20230303_LEAP02_B2_POS_S054
fragmz,184.07337951660156,pyopenms,6.102529699914157,E:/mzsql/MTBLS10066/20230303_LEAP02_B2_POS_S054/20230303_LEAP02_B2_POS_S054
fragmz,184.07337951660156,pymzml,8.53595619997941,E:/mzsql/MTBLS10066/20230303_LEAP02_B2_POS_S054/20230303_LEAP02_B2_POS_S054
fragmz,184.07337951660156,mzMLb,16.791893600020558,E:/mzsql/MTBLS10066/20230303_LEAP02_B2_POS_S054/20230303_LEAP02_B2_POS_S054
fragmz,184.07337951660156,mzDB,9.343632999807596,E:/mzsql/MTBLS10066/20230303_LEAP02_B2_POS_S054/20230303_LEAP02_B2_POS_S054
fragmz,184.07337951660156,MZA,36.14053640002385,E:/mzsql/MTBLS10066/20230303_LEAP02_B2_POS_S054/20230303_LEAP02_B2_POS_S054
fragmz,184.07337951660156,SQLite,0.0563145000487566,E:/mzsql/MTBLS10066/20230303_LEAP02_B2_POS_S054/20230303_LEAP02_B2_POS_S054
fragmz,184.07337951660156,DuckDB,0.031637700041756034,E:/mzsql/MTBLS10066/20230303_LEAP02_B2_POS_S054/20230303_LEAP02_B2_POS_S054
fragmz,184.07337951660156,Parquet,0.031022399896755815,E:/mzsql/MTBLS10066/20230303_LEAP02_B2_POS_S054/20230303_LEAP02_B2_POS_S054
fragmz,577.5194091796875,pyteomics,19.336119400104508,E:/mzsql/MTBLS10066/20230303_LEAP02_B2_POS_S054/20230303_LEAP02_B2_POS_S054
fragmz,577.5194091796875,pyopenms,5.580791299929842,E:/mzsql/MTBLS10066/20230303_LEAP02_B2_POS_S054/20230303_LEAP02_B2_POS_S054
fragmz,577.5194091796875,pymzml,8.005274400115013,E:/mzsql/MTBLS10066/20230303_LEAP02_B2_POS_S054/20230303_LEAP02_B2_POS_S054
fragmz,577.5194091796875,mzMLb,16.576207499951124,E:/mzsql/MTBLS10066/20230303_LEAP02_B2_POS_S054/20230303_LEAP02_B2_POS_S054
fragmz,577.5194091796875,mzDB,9.05540270009078,E:/mzsql/MTBLS10066/20230303_LEAP02_B2_POS_S054/20230303_LEAP02_B2_POS_S054
fragmz,577.5194091796875,MZA,36.350077399984,E:/mzsql/MTBLS10066/20230303_LEAP02_B2_POS_S054/20230303_LEAP02_B2_POS_S054
fragmz,577.5194091796875,SQLite,0.04949439992196858,E:/mzsql/MTBLS10066/20230303_LEAP02_B2_POS_S054/20230303_LEAP02_B2_POS_S054
fragmz,577.5194091796875,DuckDB,0.0264854000415653,E:/mzsql/MTBLS10066/20230303_LEAP02_B2_POS_S054/20230303_LEAP02_B2_POS_S054
fragmz,577.5194091796875,Parquet,0.027943299850448966,E:/mzsql/MTBLS10066/20230303_LEAP02_B2_POS_S054/20230303_LEAP02_B2_POS_S054
fragmz,369.35150146484375,pyteomics,18.64633210003376,E:/mzsql/MTBLS10066/20230303_LEAP02_B2_POS_S054/20230303_LEAP02_B2_POS_S054
fragmz,369.35150146484375,pyopenms,5.502549099968746,E:/mzsql/MTBLS10066/20230303_LEAP02_B2_POS_S054/20230303_LEAP02_B2_POS_S054
fragmz,369.35150146484375,pymzml,8.028022800106555,E:/mzsql/MTBLS10066/20230303_LEAP02_B2_POS_S054/20230303_LEAP02_B2_POS_S054
fragmz,369.35150146484375,mzMLb,16.859506000066176,E:/mzsql/MTBLS10066/20230303_LEAP02_B2_POS_S054/20230303_LEAP02_B2_POS_S054
fragmz,369.35150146484375,mzDB,9.071560199838132,E:/mzsql/MTBLS10066/20230303_LEAP02_B2_POS_S054/20230303_LEAP02_B2_POS_S054
fragmz,369.35150146484375,MZA,36.35183640010655,E:/mzsql/MTBLS10066/20230303_LEAP02_B2_POS_S054/20230303_LEAP02_B2_POS_S054
fragmz,369.35150146484375,SQLite,0.049367599887773395,E:/mzsql/MTBLS10066/20230303_LEAP02_B2_POS_S054/20230303_LEAP02_B2_POS_S054
fragmz,369.35150146484375,DuckDB,0.025211900006979704,E:/mzsql/MTBLS10066/20230303_LEAP02_B2_POS_S054/20230303_LEAP02_B2_POS_S054
fragmz,369.35150146484375,Parquet,0.026254500029608607,E:/mzsql/MTBLS10066/20230303_LEAP02_B2_POS_S054/20230303_LEAP02_B2_POS_S054
fragmz,578.522705078125,pyteomics,18.619560699909925,E:/mzsql/MTBLS10066/20230303_LEAP02_B2_POS_S054/20230303_LEAP02_B2_POS_S054
fragmz,578.522705078125,pyopenms,5.55272480007261,E:/mzsql/MTBLS10066/20230303_LEAP02_B2_POS_S054/20230303_LEAP02_B2_POS_S054
fragmz,578.522705078125,pymzml,8.061555800028145,E:/mzsql/MTBLS10066/20230303_LEAP02_B2_POS_S054/20230303_LEAP02_B2_POS_S054
fragmz,578.522705078125,mzMLb,16.606967700179666,E:/mzsql/MTBLS10066/20230303_LEAP02_B2_POS_S054/20230303_LEAP02_B2_POS_S054
fragmz,578.522705078125,mzDB,9.010337900137529,E:/mzsql/MTBLS10066/20230303_LEAP02_B2_POS_S054/20230303_LEAP02_B2_POS_S054
fragmz,578.522705078125,MZA,36.38285270007327,E:/mzsql/MTBLS10066/20230303_LEAP02_B2_POS_S054/20230303_LEAP02_B2_POS_S054
fragmz,578.522705078125,SQLite,0.04929309990257025,E:/mzsql/MTBLS10066/20230303_LEAP02_B2_POS_S054/20230303_LEAP02_B2_POS_S054
fragmz,578.522705078125,DuckDB,0.026428299956023693,E:/mzsql/MTBLS10066/20230303_LEAP02_B2_POS_S054/20230303_LEAP02_B2_POS_S054
fragmz,578.522705078125,Parquet,0.026239600032567978,E:/mzsql/MTBLS10066/20230303_LEAP02_B2_POS_S054/20230303_LEAP02_B2_POS_S054
fragmz,603.534423828125,pyteomics,18.590850800042972,E:/mzsql/MTBLS10066/20230303_LEAP02_B2_POS_S054/20230303_LEAP02_B2_POS_S054
fragmz,603.534423828125,pyopenms,5.5581833000760525,E:/mzsql/MTBLS10066/20230303_LEAP02_B2_POS_S054/20230303_LEAP02_B2_POS_S054
fragmz,603.534423828125,pymzml,8.289665599819273,E:/mzsql/MTBLS10066/20230303_LEAP02_B2_POS_S054/20230303_LEAP02_B2_POS_S054
fragmz,603.534423828125,mzMLb,16.61025070003234,E:/mzsql/MTBLS10066/20230303_LEAP02_B2_POS_S054/20230303_LEAP02_B2_POS_S054
fragmz,603.534423828125,mzDB,9.0623438002076,E:/mzsql/MTBLS10066/20230303_LEAP02_B2_POS_S054/20230303_LEAP02_B2_POS_S054
fragmz,603.534423828125,MZA,36.24518490000628,E:/mzsql/MTBLS10066/20230303_LEAP02_B2_POS_S054/20230303_LEAP02_B2_POS_S054
fragmz,603.534423828125,SQLite,0.05002079997211695,E:/mzsql/MTBLS10066/20230303_LEAP02_B2_POS_S054/20230303_LEAP02_B2_POS_S054
fragmz,603.534423828125,DuckDB,0.029031800106167793,E:/mzsql/MTBLS10066/20230303_LEAP02_B2_POS_S054/20230303_LEAP02_B2_POS_S054
fragmz,603.534423828125,Parquet,0.03068690001964569,E:/mzsql/MTBLS10066/20230303_LEAP02_B2_POS_S054/20230303_LEAP02_B2_POS_S054
fragmz,575.5036010742188,pyteomics,18.632525299908593,E:/mzsql/MTBLS10066/20230303_LEAP02_B2_POS_S054/20230303_LEAP02_B2_POS_S054
fragmz,575.5036010742188,pyopenms,5.5741198000032455,E:/mzsql/MTBLS10066/20230303_LEAP02_B2_POS_S054/20230303_LEAP02_B2_POS_S054
fragmz,575.5036010742188,pymzml,8.156804400030524,E:/mzsql/MTBLS10066/20230303_LEAP02_B2_POS_S054/20230303_LEAP02_B2_POS_S054
fragmz,575.5036010742188,mzMLb,17.647499199956656,E:/mzsql/MTBLS10066/20230303_LEAP02_B2_POS_S054/20230303_LEAP02_B2_POS_S054
fragmz,575.5036010742188,mzDB,9.338871499989182,E:/mzsql/MTBLS10066/20230303_LEAP02_B2_POS_S054/20230303_LEAP02_B2_POS_S054
fragmz,575.5036010742188,MZA,36.19413519999944,E:/mzsql/MTBLS10066/20230303_LEAP02_B2_POS_S054/20230303_LEAP02_B2_POS_S054
fragmz,575.5036010742188,SQLite,0.048995599849149585,E:/mzsql/MTBLS10066/20230303_LEAP02_B2_POS_S054/20230303_LEAP02_B2_POS_S054
fragmz,575.5036010742188,DuckDB,0.02656210004352033,E:/mzsql/MTBLS10066/20230303_LEAP02_B2_POS_S054/20230303_LEAP02_B2_POS_S054
fragmz,575.5036010742188,Parquet,0.026348099811002612,E:/mzsql/MTBLS10066/20230303_LEAP02_B2_POS_S054/20230303_LEAP02_B2_POS_S054
fragmz,601.5194091796875,pyteomics,18.62499159993604,E:/mzsql/MTBLS10066/20230303_LEAP02_B2_POS_S054/20230303_LEAP02_B2_POS_S054
fragmz,601.5194091796875,pyopenms,5.575460199965164,E:/mzsql/MTBLS10066/20230303_LEAP02_B2_POS_S054/20230303_LEAP02_B2_POS_S054
fragmz,601.5194091796875,pymzml,8.100926199927926,E:/mzsql/MTBLS10066/20230303_LEAP02_B2_POS_S054/20230303_LEAP02_B2_POS_S054
fragmz,601.5194091796875,mzMLb,16.743095899932086,E:/mzsql/MTBLS10066/20230303_LEAP02_B2_POS_S054/20230303_LEAP02_B2_POS_S054
fragmz,601.5194091796875,mzDB,9.141907500103116,E:/mzsql/MTBLS10066/20230303_LEAP02_B2_POS_S054/20230303_LEAP02_B2_POS_S054
fragmz,601.5194091796875,MZA,36.53003789996728,E:/mzsql/MTBLS10066/20230303_LEAP02_B2_POS_S054/20230303_LEAP02_B2_POS_S054
fragmz,601.5194091796875,SQLite,0.04942910000681877,E:/mzsql/MTBLS10066/20230303_LEAP02_B2_POS_S054/20230303_LEAP02_B2_POS_S054
fragmz,601.5194091796875,DuckDB,0.027109900023788214,E:/mzsql/MTBLS10066/20230303_LEAP02_B2_POS_S054/20230303_LEAP02_B2_POS_S054
fragmz,601.5194091796875,Parquet,0.026400700211524963,E:/mzsql/MTBLS10066/20230303_LEAP02_B2_POS_S054/20230303_LEAP02_B2_POS_S054
fragmz,570.5473022460938,pyteomics,18.580025699920952,E:/mzsql/MTBLS10066/20230303_LEAP02_B2_POS_S054/20230303_LEAP02_B2_POS_S054
fragmz,570.5473022460938,pyopenms,5.4844162000808865,E:/mzsql/MTBLS10066/20230303_LEAP02_B2_POS_S054/20230303_LEAP02_B2_POS_S054
fragmz,570.5473022460938,pymzml,8.035045900149271,E:/mzsql/MTBLS10066/20230303_LEAP02_B2_POS_S054/20230303_LEAP02_B2_POS_S054
fragmz,570.5473022460938,mzMLb,16.865408699959517,E:/mzsql/MTBLS10066/20230303_LEAP02_B2_POS_S054/20230303_LEAP02_B2_POS_S054
fragmz,570.5473022460938,mzDB,9.057107700034976,E:/mzsql/MTBLS10066/20230303_LEAP02_B2_POS_S054/20230303_LEAP02_B2_POS_S054
fragmz,570.5473022460938,MZA,36.24790029996075,E:/mzsql/MTBLS10066/20230303_LEAP02_B2_POS_S054/20230303_LEAP02_B2_POS_S054
fragmz,570.5473022460938,SQLite,0.048794199945405126,E:/mzsql/MTBLS10066/20230303_LEAP02_B2_POS_S054/20230303_LEAP02_B2_POS_S054
fragmz,570.5473022460938,DuckDB,0.025209000101312995,E:/mzsql/MTBLS10066/20230303_LEAP02_B2_POS_S054/20230303_LEAP02_B2_POS_S054
fragmz,570.5473022460938,Parquet,0.02596629993058741,E:/mzsql/MTBLS10066/20230303_LEAP02_B2_POS_S054/20230303_LEAP02_B2_POS_S054
fragmz,88.1120834350586,pyteomics,18.61275490000844,E:/mzsql/MTBLS10066/20230303_LEAP02_B2_POS_S054/20230303_LEAP02_B2_POS_S054
fragmz,88.1120834350586,pyopenms,8.603781099896878,E:/mzsql/MTBLS10066/20230303_LEAP02_B2_POS_S054/20230303_LEAP02_B2_POS_S054
fragmz,88.1120834350586,pymzml,8.73751990008168,E:/mzsql/MTBLS10066/20230303_LEAP02_B2_POS_S054/20230303_LEAP02_B2_POS_S054
fragmz,88.1120834350586,mzMLb,17.042617299826816,E:/mzsql/MTBLS10066/20230303_LEAP02_B2_POS_S054/20230303_LEAP02_B2_POS_S054
fragmz,88.1120834350586,mzDB,9.091803700197488,E:/mzsql/MTBLS10066/20230303_LEAP02_B2_POS_S054/20230303_LEAP02_B2_POS_S054
fragmz,88.1120834350586,MZA,36.2627838999033,E:/mzsql/MTBLS10066/20230303_LEAP02_B2_POS_S054/20230303_LEAP02_B2_POS_S054
fragmz,88.1120834350586,SQLite,0.059872400015592575,E:/mzsql/MTBLS10066/20230303_LEAP02_B2_POS_S054/20230303_LEAP02_B2_POS_S054
fragmz,88.1120834350586,DuckDB,0.03265670011751354,E:/mzsql/MTBLS10066/20230303_LEAP02_B2_POS_S054/20230303_LEAP02_B2_POS_S054
fragmz,88.1120834350586,Parquet,0.028046200051903725,E:/mzsql/MTBLS10066/20230303_LEAP02_B2_POS_S054/20230303_LEAP02_B2_POS_S054
fragmz,604.538818359375,pyteomics,18.60455089993775,E:/mzsql/MTBLS10066/20230303_LEAP02_B2_POS_S054/20230303_LEAP02_B2_POS_S054
fragmz,604.538818359375,pyopenms,5.546458899974823,E:/mzsql/MTBLS10066/20230303_LEAP02_B2_POS_S054/20230303_LEAP02_B2_POS_S054
fragmz,604.538818359375,pymzml,8.090276399860159,E:/mzsql/MTBLS10066/20230303_LEAP02_B2_POS_S054/20230303_LEAP02_B2_POS_S054
fragmz,604.538818359375,mzMLb,16.76591440010816,E:/mzsql/MTBLS10066/20230303_LEAP02_B2_POS_S054/20230303_LEAP02_B2_POS_S054
fragmz,604.538818359375,mzDB,9.139300200156868,E:/mzsql/MTBLS10066/20230303_LEAP02_B2_POS_S054/20230303_LEAP02_B2_POS_S054
fragmz,604.538818359375,MZA,36.81605689995922,E:/mzsql/MTBLS10066/20230303_LEAP02_B2_POS_S054/20230303_LEAP02_B2_POS_S054
fragmz,604.538818359375,SQLite,0.04948150017298758,E:/mzsql/MTBLS10066/20230303_LEAP02_B2_POS_S054/20230303_LEAP02_B2_POS_S054
fragmz,604.538818359375,DuckDB,0.02707469998858869,E:/mzsql/MTBLS10066/20230303_LEAP02_B2_POS_S054/20230303_LEAP02_B2_POS_S054
fragmz,604.538818359375,Parquet,0.028803300112485886,E:/mzsql/MTBLS10066/20230303_LEAP02_B2_POS_S054/20230303_LEAP02_B2_POS_S054
ms1_spec,10295,pyteomics,15.854762299917638,E:/mzsql/MTBLS10066/20221001_LEAP-POS_QC20/20221001_LEAP-POS_QC20
ms1_spec,10295,pyopenms,7.544938999926671,E:/mzsql/MTBLS10066/20221001_LEAP-POS_QC20/20221001_LEAP-POS_QC20
ms1_spec,10295,pymzml,0.10065949987620115,E:/mzsql/MTBLS10066/20221001_LEAP-POS_QC20/20221001_LEAP-POS_QC20
ms1_spec,10295,mzMLb,18.14472550014034,E:/mzsql/MTBLS10066/20221001_LEAP-POS_QC20/20221001_LEAP-POS_QC20
ms1_spec,10295,mzDB,3.1793190999887884,E:/mzsql/MTBLS10066/20221001_LEAP-POS_QC20/20221001_LEAP-POS_QC20
ms1_spec,10295,MZA,0.012968000024557114,E:/mzsql/MTBLS10066/20221001_LEAP-POS_QC20/20221001_LEAP-POS_QC20
ms1_spec,10295,mz5,0.11178290005773306,E:/mzsql/MTBLS10066/20221001_LEAP-POS_QC20/20221001_LEAP-POS_QC20
ms1_spec,10295,SQLite,0.5329745998606086,E:/mzsql/MTBLS10066/20221001_LEAP-POS_QC20/20221001_LEAP-POS_QC20
ms1_spec,10295,DuckDB,0.03279479988850653,E:/mzsql/MTBLS10066/20221001_LEAP-POS_QC20/20221001_LEAP-POS_QC20
ms1_spec,10295,Parquet,0.13635649997740984,E:/mzsql/MTBLS10066/20221001_LEAP-POS_QC20/20221001_LEAP-POS_QC20
ms1_spec,5956,pyteomics,9.250648699933663,E:/mzsql/MTBLS10066/20221001_LEAP-POS_QC20/20221001_LEAP-POS_QC20
ms1_spec,5956,pyopenms,5.258255699882284,E:/mzsql/MTBLS10066/20221001_LEAP-POS_QC20/20221001_LEAP-POS_QC20
ms1_spec,5956,pymzml,0.10092950006946921,E:/mzsql/MTBLS10066/20221001_LEAP-POS_QC20/20221001_LEAP-POS_QC20
ms1_spec,5956,mzMLb,10.93079790007323,E:/mzsql/MTBLS10066/20221001_LEAP-POS_QC20/20221001_LEAP-POS_QC20
ms1_spec,5956,mzDB,2.8712637000717223,E:/mzsql/MTBLS10066/20221001_LEAP-POS_QC20/20221001_LEAP-POS_QC20
ms1_spec,5956,MZA,0.0029426000546664,E:/mzsql/MTBLS10066/20221001_LEAP-POS_QC20/20221001_LEAP-POS_QC20
ms1_spec,5956,mz5,0.10303590004332364,E:/mzsql/MTBLS10066/20221001_LEAP-POS_QC20/20221001_LEAP-POS_QC20
ms1_spec,5956,SQLite,0.5322386999614537,E:/mzsql/MTBLS10066/20221001_LEAP-POS_QC20/20221001_LEAP-POS_QC20
ms1_spec,5956,DuckDB,0.022581599885597825,E:/mzsql/MTBLS10066/20221001_LEAP-POS_QC20/20221001_LEAP-POS_QC20
ms1_spec,5956,Parquet,0.1146372000221163,E:/mzsql/MTBLS10066/20221001_LEAP-POS_QC20/20221001_LEAP-POS_QC20
ms1_spec,211,pyteomics,1.1609188998118043,E:/mzsql/MTBLS10066/20221001_LEAP-POS_QC20/20221001_LEAP-POS_QC20
ms1_spec,211,pyopenms,5.191563199972734,E:/mzsql/MTBLS10066/20221001_LEAP-POS_QC20/20221001_LEAP-POS_QC20
ms1_spec,211,pymzml,0.10266619990579784,E:/mzsql/MTBLS10066/20221001_LEAP-POS_QC20/20221001_LEAP-POS_QC20
ms1_spec,211,mzMLb,0.4660984999500215,E:/mzsql/MTBLS10066/20221001_LEAP-POS_QC20/20221001_LEAP-POS_QC20
ms1_spec,211,mzDB,2.6354523000773042,E:/mzsql/MTBLS10066/20221001_LEAP-POS_QC20/20221001_LEAP-POS_QC20
ms1_spec,211,MZA,0.0032430000137537718,E:/mzsql/MTBLS10066/20221001_LEAP-POS_QC20/20221001_LEAP-POS_QC20
ms1_spec,211,mz5,0.105146000161767,E:/mzsql/MTBLS10066/20221001_LEAP-POS_QC20/20221001_LEAP-POS_QC20
ms1_spec,211,SQLite,0.517770699923858,E:/mzsql/MTBLS10066/20221001_LEAP-POS_QC20/20221001_LEAP-POS_QC20
ms1_spec,211,DuckDB,0.024226199835538864,E:/mzsql/MTBLS10066/20221001_LEAP-POS_QC20/20221001_LEAP-POS_QC20
ms1_spec,211,Parquet,0.10427720006555319,E:/mzsql/MTBLS10066/20221001_LEAP-POS_QC20/20221001_LEAP-POS_QC20
ms1_spec,5766,pyteomics,8.979925400111824,E:/mzsql/MTBLS10066/20221001_LEAP-POS_QC20/20221001_LEAP-POS_QC20
ms1_spec,5766,pyopenms,5.242782199988142,E:/mzsql/MTBLS10066/20221001_LEAP-POS_QC20/20221001_LEAP-POS_QC20
ms1_spec,5766,pymzml,0.09944669995456934,E:/mzsql/MTBLS10066/20221001_LEAP-POS_QC20/20221001_LEAP-POS_QC20
ms1_spec,5766,mzMLb,10.569728499976918,E:/mzsql/MTBLS10066/20221001_LEAP-POS_QC20/20221001_LEAP-POS_QC20
ms1_spec,5766,mzDB,3.237987899919972,E:/mzsql/MTBLS10066/20221001_LEAP-POS_QC20/20221001_LEAP-POS_QC20
ms1_spec,5766,MZA,0.0033178001176565886,E:/mzsql/MTBLS10066/20221001_LEAP-POS_QC20/20221001_LEAP-POS_QC20
ms1_spec,5766,mz5,0.10740249999798834,E:/mzsql/MTBLS10066/20221001_LEAP-POS_QC20/20221001_LEAP-POS_QC20
ms1_spec,5766,SQLite,0.5216151000931859,E:/mzsql/MTBLS10066/20221001_LEAP-POS_QC20/20221001_LEAP-POS_QC20
ms1_spec,5766,DuckDB,0.027064100140705705,E:/mzsql/MTBLS10066/20221001_LEAP-POS_QC20/20221001_LEAP-POS_QC20
ms1_spec,5766,Parquet,0.13170349993743002,E:/mzsql/MTBLS10066/20221001_LEAP-POS_QC20/20221001_LEAP-POS_QC20
ms1_spec,3755,pyteomics,6.149489100091159,E:/mzsql/MTBLS10066/20221001_LEAP-POS_QC20/20221001_LEAP-POS_QC20
ms1_spec,3755,pyopenms,5.260270900093019,E:/mzsql/MTBLS10066/20221001_LEAP-POS_QC20/20221001_LEAP-POS_QC20
ms1_spec,3755,pymzml,0.09793739998713136,E:/mzsql/MTBLS10066/20221001_LEAP-POS_QC20/20221001_LEAP-POS_QC20
ms1_spec,3755,mzMLb,6.568393900059164,E:/mzsql/MTBLS10066/20221001_LEAP-POS_QC20/20221001_LEAP-POS_QC20
ms1_spec,3755,mzDB,0.817914699902758,E:/mzsql/MTBLS10066/20221001_LEAP-POS_QC20/20221001_LEAP-POS_QC20
ms1_spec,3755,MZA,0.0024725000839680433,E:/mzsql/MTBLS10066/20221001_LEAP-POS_QC20/20221001_LEAP-POS_QC20
ms1_spec,3755,mz5,0.10170740005560219,E:/mzsql/MTBLS10066/20221001_LEAP-POS_QC20/20221001_LEAP-POS_QC20
ms1_spec,3755,SQLite,0.5362011000979692,E:/mzsql/MTBLS10066/20221001_LEAP-POS_QC20/20221001_LEAP-POS_QC20
ms1_spec,3755,DuckDB,0.020965700037777424,E:/mzsql/MTBLS10066/20221001_LEAP-POS_QC20/20221001_LEAP-POS_QC20
ms1_spec,3755,Parquet,0.10287140007130802,E:/mzsql/MTBLS10066/20221001_LEAP-POS_QC20/20221001_LEAP-POS_QC20
ms1_spec,6648,pyteomics,9.948778300080448,E:/mzsql/MTBLS10066/20221001_LEAP-POS_QC20/20221001_LEAP-POS_QC20
ms1_spec,6648,pyopenms,5.292274999897927,E:/mzsql/MTBLS10066/20221001_LEAP-POS_QC20/20221001_LEAP-POS_QC20
ms1_spec,6648,pymzml,0.09910980006679893,E:/mzsql/MTBLS10066/20221001_LEAP-POS_QC20/20221001_LEAP-POS_QC20
ms1_spec,6648,mzMLb,12.053128900006413,E:/mzsql/MTBLS10066/20221001_LEAP-POS_QC20/20221001_LEAP-POS_QC20
ms1_spec,6648,mzDB,0.06336839986033738,E:/mzsql/MTBLS10066/20221001_LEAP-POS_QC20/20221001_LEAP-POS_QC20
ms1_spec,6648,MZA,0.004251299891620874,E:/mzsql/MTBLS10066/20221001_LEAP-POS_QC20/20221001_LEAP-POS_QC20
ms1_spec,6648,mz5,0.12643239996396005,E:/mzsql/MTBLS10066/20221001_LEAP-POS_QC20/20221001_LEAP-POS_QC20
ms1_spec,6648,SQLite,0.5967786000110209,E:/mzsql/MTBLS10066/20221001_LEAP-POS_QC20/20221001_LEAP-POS_QC20
ms1_spec,6648,DuckDB,0.022715500090271235,E:/mzsql/MTBLS10066/20221001_LEAP-POS_QC20/20221001_LEAP-POS_QC20
ms1_spec,6648,Parquet,0.11354930000379682,E:/mzsql/MTBLS10066/20221001_LEAP-POS_QC20/20221001_LEAP-POS_QC20
ms1_spec,8717,pyteomics,12.861834699986503,E:/mzsql/MTBLS10066/20221001_LEAP-POS_QC20/20221001_LEAP-POS_QC20
ms1_spec,8717,pyopenms,5.305958500131965,E:/mzsql/MTBLS10066/20221001_LEAP-POS_QC20/20221001_LEAP-POS_QC20
ms1_spec,8717,pymzml,0.09986889990977943,E:/mzsql/MTBLS10066/20221001_LEAP-POS_QC20/20221001_LEAP-POS_QC20
ms1_spec,8717,mzMLb,15.764248999999836,E:/mzsql/MTBLS10066/20221001_LEAP-POS_QC20/20221001_LEAP-POS_QC20
ms1_spec,8717,mzDB,2.6297318001743406,E:/mzsql/MTBLS10066/20221001_LEAP-POS_QC20/20221001_LEAP-POS_QC20
ms1_spec,8717,MZA,0.0033380999229848385,E:/mzsql/MTBLS10066/20221001_LEAP-POS_QC20/20221001_LEAP-POS_QC20
ms1_spec,8717,mz5,0.10690629994496703,E:/mzsql/MTBLS10066/20221001_LEAP-POS_QC20/20221001_LEAP-POS_QC20
ms1_spec,8717,SQLite,0.5155378999188542,E:/mzsql/MTBLS10066/20221001_LEAP-POS_QC20/20221001_LEAP-POS_QC20
ms1_spec,8717,DuckDB,0.028433499857783318,E:/mzsql/MTBLS10066/20221001_LEAP-POS_QC20/20221001_LEAP-POS_QC20
ms1_spec,8717,Parquet,0.12698510009795427,E:/mzsql/MTBLS10066/20221001_LEAP-POS_QC20/20221001_LEAP-POS_QC20
ms1_spec,8209,pyteomics,12.25506419991143,E:/mzsql/MTBLS10066/20221001_LEAP-POS_QC20/20221001_LEAP-POS_QC20
ms1_spec,8209,pyopenms,5.315448099980131,E:/mzsql/MTBLS10066/20221001_LEAP-POS_QC20/20221001_LEAP-POS_QC20
ms1_spec,8209,pymzml,0.0999775999225676,E:/mzsql/MTBLS10066/20221001_LEAP-POS_QC20/20221001_LEAP-POS_QC20
ms1_spec,8209,mzMLb,14.692160699982196,E:/mzsql/MTBLS10066/20221001_LEAP-POS_QC20/20221001_LEAP-POS_QC20
ms1_spec,8209,mzDB,2.779894300037995,E:/mzsql/MTBLS10066/20221001_LEAP-POS_QC20/20221001_LEAP-POS_QC20
ms1_spec,8209,MZA,0.0032013999298214912,E:/mzsql/MTBLS10066/20221001_LEAP-POS_QC20/20221001_LEAP-POS_QC20
ms1_spec,8209,mz5,0.10673130000941455,E:/mzsql/MTBLS10066/20221001_LEAP-POS_QC20/20221001_LEAP-POS_QC20
ms1_spec,8209,SQLite,0.5188793998677284,E:/mzsql/MTBLS10066/20221001_LEAP-POS_QC20/20221001_LEAP-POS_QC20
ms1_spec,8209,DuckDB,0.027146000182256103,E:/mzsql/MTBLS10066/20221001_LEAP-POS_QC20/20221001_LEAP-POS_QC20
ms1_spec,8209,Parquet,0.13628550013527274,E:/mzsql/MTBLS10066/20221001_LEAP-POS_QC20/20221001_LEAP-POS_QC20
ms1_spec,979,pyteomics,2.20425820001401,E:/mzsql/MTBLS10066/20221001_LEAP-POS_QC20/20221001_LEAP-POS_QC20
ms1_spec,979,pyopenms,5.197731599910185,E:/mzsql/MTBLS10066/20221001_LEAP-POS_QC20/20221001_LEAP-POS_QC20
ms1_spec,979,pymzml,0.10012300009839237,E:/mzsql/MTBLS10066/20221001_LEAP-POS_QC20/20221001_LEAP-POS_QC20
ms1_spec,979,mzMLb,1.850671699969098,E:/mzsql/MTBLS10066/20221001_LEAP-POS_QC20/20221001_LEAP-POS_QC20
ms1_spec,979,mzDB,1.8100680001080036,E:/mzsql/MTBLS10066/20221001_LEAP-POS_QC20/20221001_LEAP-POS_QC20
ms1_spec,979,MZA,0.003243600018322468,E:/mzsql/MTBLS10066/20221001_LEAP-POS_QC20/20221001_LEAP-POS_QC20
ms1_spec,979,mz5,0.10625259997323155,E:/mzsql/MTBLS10066/20221001_LEAP-POS_QC20/20221001_LEAP-POS_QC20
ms1_spec,979,SQLite,0.5177374999038875,E:/mzsql/MTBLS10066/20221001_LEAP-POS_QC20/20221001_LEAP-POS_QC20
ms1_spec,979,DuckDB,0.027374299941584468,E:/mzsql/MTBLS10066/20221001_LEAP-POS_QC20/20221001_LEAP-POS_QC20
ms1_spec,979,Parquet,0.1299531999975443,E:/mzsql/MTBLS10066/20221001_LEAP-POS_QC20/20221001_LEAP-POS_QC20
ms1_spec,10467,pyteomics,15.204671200131997,E:/mzsql/MTBLS10066/20221001_LEAP-POS_QC20/20221001_LEAP-POS_QC20
ms1_spec,10467,pyopenms,5.322702499805018,E:/mzsql/MTBLS10066/20221001_LEAP-POS_QC20/20221001_LEAP-POS_QC20
ms1_spec,10467,pymzml,0.09936819993890822,E:/mzsql/MTBLS10066/20221001_LEAP-POS_QC20/20221001_LEAP-POS_QC20
ms1_spec,10467,mzMLb,18.854065200081095,E:/mzsql/MTBLS10066/20221001_LEAP-POS_QC20/20221001_LEAP-POS_QC20
ms1_spec,10467,mzDB,3.224778800038621,E:/mzsql/MTBLS10066/20221001_LEAP-POS_QC20/20221001_LEAP-POS_QC20
ms1_spec,10467,MZA,0.003550899913534522,E:/mzsql/MTBLS10066/20221001_LEAP-POS_QC20/20221001_LEAP-POS_QC20
ms1_spec,10467,mz5,0.1080632999073714,E:/mzsql/MTBLS10066/20221001_LEAP-POS_QC20/20221001_LEAP-POS_QC20
ms1_spec,10467,SQLite,0.515459599904716,E:/mzsql/MTBLS10066/20221001_LEAP-POS_QC20/20221001_LEAP-POS_QC20
ms1_spec,10467,DuckDB,0.02841729996725917,E:/mzsql/MTBLS10066/20221001_LEAP-POS_QC20/20221001_LEAP-POS_QC20
ms1_spec,10467,Parquet,0.11704440019093454,E:/mzsql/MTBLS10066/20221001_LEAP-POS_QC20/20221001_LEAP-POS_QC20
chrom,876.8011474609375,pyteomics,18.63770109997131,E:/mzsql/MTBLS10066/20221001_LEAP-POS_QC20/20221001_LEAP-POS_QC20
chrom,876.8011474609375,pyopenms,7.4603247998747975,E:/mzsql/MTBLS10066/20221001_LEAP-POS_QC20/20221001_LEAP-POS_QC20
chrom,876.8011474609375,pyopenms_2DPeak,5.242058100178838,E:/mzsql/MTBLS10066/20221001_LEAP-POS_QC20/20221001_LEAP-POS_QC20
chrom,876.8011474609375,pymzml,9.884824699955061,E:/mzsql/MTBLS10066/20221001_LEAP-POS_QC20/20221001_LEAP-POS_QC20
chrom,876.8011474609375,mzMLb,17.22889139992185,E:/mzsql/MTBLS10066/20221001_LEAP-POS_QC20/20221001_LEAP-POS_QC20
chrom,876.8011474609375,mzDB,1.3171248000580817,E:/mzsql/MTBLS10066/20221001_LEAP-POS_QC20/20221001_LEAP-POS_QC20
chrom,876.8011474609375,MZA,8.73358240001835,E:/mzsql/MTBLS10066/20221001_LEAP-POS_QC20/20221001_LEAP-POS_QC20
chrom,876.8011474609375,mz5,20.56242370000109,E:/mzsql/MTBLS10066/20221001_LEAP-POS_QC20/20221001_LEAP-POS_QC20
chrom,876.8011474609375,MZTree,1.7632589000277221,E:/mzsql/MTBLS10066/20221001_LEAP-POS_QC20/20221001_LEAP-POS_QC20
chrom,876.8011474609375,mzMD,0.47306720004417,E:/mzsql/MTBLS10066/20221001_LEAP-POS_QC20/20221001_LEAP-POS_QC20
chrom,876.8011474609375,SQLite,0.6371333000715822,E:/mzsql/MTBLS10066/20221001_LEAP-POS_QC20/20221001_LEAP-POS_QC20
chrom,876.8011474609375,DuckDB,0.1952423001639545,E:/mzsql/MTBLS10066/20221001_LEAP-POS_QC20/20221001_LEAP-POS_QC20
chrom,876.8011474609375,Parquet,0.18909160001203418,E:/mzsql/MTBLS10066/20221001_LEAP-POS_QC20/20221001_LEAP-POS_QC20
chrom,391.28369140625,pyteomics,18.606039100093767,E:/mzsql/MTBLS10066/20221001_LEAP-POS_QC20/20221001_LEAP-POS_QC20
chrom,391.28369140625,pyopenms,7.263077300041914,E:/mzsql/MTBLS10066/20221001_LEAP-POS_QC20/20221001_LEAP-POS_QC20
chrom,391.28369140625,pyopenms_2DPeak,5.661444799974561,E:/mzsql/MTBLS10066/20221001_LEAP-POS_QC20/20221001_LEAP-POS_QC20
chrom,391.28369140625,pymzml,9.262916800100356,E:/mzsql/MTBLS10066/20221001_LEAP-POS_QC20/20221001_LEAP-POS_QC20
chrom,391.28369140625,mzMLb,15.981845000060275,E:/mzsql/MTBLS10066/20221001_LEAP-POS_QC20/20221001_LEAP-POS_QC20
chrom,391.28369140625,mzDB,0.4960366999730468,E:/mzsql/MTBLS10066/20221001_LEAP-POS_QC20/20221001_LEAP-POS_QC20
chrom,391.28369140625,MZA,9.644476499874145,E:/mzsql/MTBLS10066/20221001_LEAP-POS_QC20/20221001_LEAP-POS_QC20
chrom,391.28369140625,mz5,20.542512099957094,E:/mzsql/MTBLS10066/20221001_LEAP-POS_QC20/20221001_LEAP-POS_QC20
chrom,391.28369140625,MZTree,0.5472726998850703,E:/mzsql/MTBLS10066/20221001_LEAP-POS_QC20/20221001_LEAP-POS_QC20
chrom,391.28369140625,mzMD,0.5661431001499295,E:/mzsql/MTBLS10066/20221001_LEAP-POS_QC20/20221001_LEAP-POS_QC20
chrom,391.28369140625,SQLite,0.6727799000218511,E:/mzsql/MTBLS10066/20221001_LEAP-POS_QC20/20221001_LEAP-POS_QC20
chrom,391.28369140625,DuckDB,0.08706970000639558,E:/mzsql/MTBLS10066/20221001_LEAP-POS_QC20/20221001_LEAP-POS_QC20
chrom,391.28369140625,Parquet,0.09116980014368892,E:/mzsql/MTBLS10066/20221001_LEAP-POS_QC20/20221001_LEAP-POS_QC20
chrom,758.568359375,pyteomics,19.606694699963555,E:/mzsql/MTBLS10066/20221001_LEAP-POS_QC20/20221001_LEAP-POS_QC20
chrom,758.568359375,pyopenms,8.581532600102946,E:/mzsql/MTBLS10066/20221001_LEAP-POS_QC20/20221001_LEAP-POS_QC20
chrom,758.568359375,pyopenms_2DPeak,5.6819636998698115,E:/mzsql/MTBLS10066/20221001_LEAP-POS_QC20/20221001_LEAP-POS_QC20
chrom,758.568359375,pymzml,10.478582300012931,E:/mzsql/MTBLS10066/20221001_LEAP-POS_QC20/20221001_LEAP-POS_QC20
chrom,758.568359375,mzMLb,17.309304400114343,E:/mzsql/MTBLS10066/20221001_LEAP-POS_QC20/20221001_LEAP-POS_QC20
chrom,758.568359375,mzDB,1.279518699971959,E:/mzsql/MTBLS10066/20221001_LEAP-POS_QC20/20221001_LEAP-POS_QC20
chrom,758.568359375,MZA,8.81747919996269,E:/mzsql/MTBLS10066/20221001_LEAP-POS_QC20/20221001_LEAP-POS_QC20
chrom,758.568359375,mz5,20.60224250005558,E:/mzsql/MTBLS10066/20221001_LEAP-POS_QC20/20221001_LEAP-POS_QC20
chrom,758.568359375,MZTree,1.0425440000835806,E:/mzsql/MTBLS10066/20221001_LEAP-POS_QC20/20221001_LEAP-POS_QC20
chrom,758.568359375,mzMD,0.4962690998800099,E:/mzsql/MTBLS10066/20221001_LEAP-POS_QC20/20221001_LEAP-POS_QC20
chrom,758.568359375,SQLite,0.6554856000002474,E:/mzsql/MTBLS10066/20221001_LEAP-POS_QC20/20221001_LEAP-POS_QC20
chrom,758.568359375,DuckDB,0.19073909986764193,E:/mzsql/MTBLS10066/20221001_LEAP-POS_QC20/20221001_LEAP-POS_QC20
chrom,758.568359375,Parquet,0.1886281999759376,E:/mzsql/MTBLS10066/20221001_LEAP-POS_QC20/20221001_LEAP-POS_QC20
chrom,496.3378601074219,pyteomics,18.390307600144297,E:/mzsql/MTBLS10066/20221001_LEAP-POS_QC20/20221001_LEAP-POS_QC20
chrom,496.3378601074219,pyopenms,6.9311897999141365,E:/mzsql/MTBLS10066/20221001_LEAP-POS_QC20/20221001_LEAP-POS_QC20
chrom,496.3378601074219,pyopenms_2DPeak,5.714900800026953,E:/mzsql/MTBLS10066/20221001_LEAP-POS_QC20/20221001_LEAP-POS_QC20
chrom,496.3378601074219,pymzml,8.942166099790484,E:/mzsql/MTBLS10066/20221001_LEAP-POS_QC20/20221001_LEAP-POS_QC20
chrom,496.3378601074219,mzMLb,15.57255579996854,E:/mzsql/MTBLS10066/20221001_LEAP-POS_QC20/20221001_LEAP-POS_QC20
chrom,496.3378601074219,mzDB,0.5219453000463545,E:/mzsql/MTBLS10066/20221001_LEAP-POS_QC20/20221001_LEAP-POS_QC20
chrom,496.3378601074219,MZA,8.999418399995193,E:/mzsql/MTBLS10066/20221001_LEAP-POS_QC20/20221001_LEAP-POS_QC20
chrom,496.3378601074219,mz5,20.653186599956825,E:/mzsql/MTBLS10066/20221001_LEAP-POS_QC20/20221001_LEAP-POS_QC20
chrom,496.3378601074219,MZTree,0.1266109999269247,E:/mzsql/MTBLS10066/20221001_LEAP-POS_QC20/20221001_LEAP-POS_QC20
chrom,496.3378601074219,mzMD,0.5548020000569522,E:/mzsql/MTBLS10066/20221001_LEAP-POS_QC20/20221001_LEAP-POS_QC20
chrom,496.3378601074219,SQLite,0.6600136000197381,E:/mzsql/MTBLS10066/20221001_LEAP-POS_QC20/20221001_LEAP-POS_QC20
chrom,496.3378601074219,DuckDB,0.06757369986735284,E:/mzsql/MTBLS10066/20221001_LEAP-POS_QC20/20221001_LEAP-POS_QC20
chrom,496.3378601074219,Parquet,0.09088559984229505,E:/mzsql/MTBLS10066/20221001_LEAP-POS_QC20/20221001_LEAP-POS_QC20
chrom,703.5735473632812,pyteomics,19.461530199972913,E:/mzsql/MTBLS10066/20221001_LEAP-POS_QC20/20221001_LEAP-POS_QC20
chrom,703.5735473632812,pyopenms,8.061983299907297,E:/mzsql/MTBLS10066/20221001_LEAP-POS_QC20/20221001_LEAP-POS_QC20
chrom,703.5735473632812,pyopenms_2DPeak,5.737018599873409,E:/mzsql/MTBLS10066/20221001_LEAP-POS_QC20/20221001_LEAP-POS_QC20
chrom,703.5735473632812,pymzml,9.92999089998193,E:/mzsql/MTBLS10066/20221001_LEAP-POS_QC20/20221001_LEAP-POS_QC20
chrom,703.5735473632812,mzMLb,16.732535199960694,E:/mzsql/MTBLS10066/20221001_LEAP-POS_QC20/20221001_LEAP-POS_QC20
chrom,703.5735473632812,mzDB,1.3050484000705183,E:/mzsql/MTBLS10066/20221001_LEAP-POS_QC20/20221001_LEAP-POS_QC20
chrom,703.5735473632812,MZA,9.816480800043792,E:/mzsql/MTBLS10066/20221001_LEAP-POS_QC20/20221001_LEAP-POS_QC20
chrom,703.5735473632812,mz5,20.733474999899045,E:/mzsql/MTBLS10066/20221001_LEAP-POS_QC20/20221001_LEAP-POS_QC20
chrom,703.5735473632812,MZTree,0.8664619999472052,E:/mzsql/MTBLS10066/20221001_LEAP-POS_QC20/20221001_LEAP-POS_QC20
chrom,703.5735473632812,mzMD,0.5041312999092042,E:/mzsql/MTBLS10066/20221001_LEAP-POS_QC20/20221001_LEAP-POS_QC20
chrom,703.5735473632812,SQLite,0.6437023999169469,E:/mzsql/MTBLS10066/20221001_LEAP-POS_QC20/20221001_LEAP-POS_QC20
chrom,703.5735473632812,DuckDB,0.13193810009397566,E:/mzsql/MTBLS10066/20221001_LEAP-POS_QC20/20221001_LEAP-POS_QC20
chrom,703.5735473632812,Parquet,0.2135121999308467,E:/mzsql/MTBLS10066/20221001_LEAP-POS_QC20/20221001_LEAP-POS_QC20
chrom,786.5997314453125,pyteomics,19.728146499954164,E:/mzsql/MTBLS10066/20221001_LEAP-POS_QC20/20221001_LEAP-POS_QC20
chrom,786.5997314453125,pyopenms,8.459879100089893,E:/mzsql/MTBLS10066/20221001_LEAP-POS_QC20/20221001_LEAP-POS_QC20
chrom,786.5997314453125,pyopenms_2DPeak,5.8106925000902265,E:/mzsql/MTBLS10066/20221001_LEAP-POS_QC20/20221001_LEAP-POS_QC20
chrom,786.5997314453125,pymzml,10.26170890009962,E:/mzsql/MTBLS10066/20221001_LEAP-POS_QC20/20221001_LEAP-POS_QC20
chrom,786.5997314453125,mzMLb,16.901737899985164,E:/mzsql/MTBLS10066/20221001_LEAP-POS_QC20/20221001_LEAP-POS_QC20
chrom,786.5997314453125,mzDB,1.2799257000442594,E:/mzsql/MTBLS10066/20221001_LEAP-POS_QC20/20221001_LEAP-POS_QC20
chrom,786.5997314453125,MZA,8.783127600094303,E:/mzsql/MTBLS10066/20221001_LEAP-POS_QC20/20221001_LEAP-POS_QC20
chrom,786.5997314453125,mz5,20.804624299984425,E:/mzsql/MTBLS10066/20221001_LEAP-POS_QC20/20221001_LEAP-POS_QC20
chrom,786.5997314453125,MZTree,0.5004616000223905,E:/mzsql/MTBLS10066/20221001_LEAP-POS_QC20/20221001_LEAP-POS_QC20
chrom,786.5997314453125,mzMD,0.488633600063622,E:/mzsql/MTBLS10066/20221001_LEAP-POS_QC20/20221001_LEAP-POS_QC20
chrom,786.5997314453125,SQLite,0.6419866001233459,E:/mzsql/MTBLS10066/20221001_LEAP-POS_QC20/20221001_LEAP-POS_QC20
chrom,786.5997314453125,DuckDB,0.18312230007722974,E:/mzsql/MTBLS10066/20221001_LEAP-POS_QC20/20221001_LEAP-POS_QC20
chrom,786.5997314453125,Parquet,0.18748799990862608,E:/mzsql/MTBLS10066/20221001_LEAP-POS_QC20/20221001_LEAP-POS_QC20
chrom,766.69140625,pyteomics,18.50074200006202,E:/mzsql/MTBLS10066/20221001_LEAP-POS_QC20/20221001_LEAP-POS_QC20
chrom,766.69140625,pyopenms,6.903133200015873,E:/mzsql/MTBLS10066/20221001_LEAP-POS_QC20/20221001_LEAP-POS_QC20
chrom,766.69140625,pyopenms_2DPeak,5.783351500052959,E:/mzsql/MTBLS10066/20221001_LEAP-POS_QC20/20221001_LEAP-POS_QC20
chrom,766.69140625,pymzml,8.904266700148582,E:/mzsql/MTBLS10066/20221001_LEAP-POS_QC20/20221001_LEAP-POS_QC20
chrom,766.69140625,mzMLb,15.680106499930844,E:/mzsql/MTBLS10066/20221001_LEAP-POS_QC20/20221001_LEAP-POS_QC20
chrom,766.69140625,mzDB,1.2742767999880016,E:/mzsql/MTBLS10066/20221001_LEAP-POS_QC20/20221001_LEAP-POS_QC20
chrom,766.69140625,MZA,9.754074600059539,E:/mzsql/MTBLS10066/20221001_LEAP-POS_QC20/20221001_LEAP-POS_QC20
chrom,766.69140625,mz5,20.814524400047958,E:/mzsql/MTBLS10066/20221001_LEAP-POS_QC20/20221001_LEAP-POS_QC20
chrom,766.69140625,MZTree,0.06803419999778271,E:/mzsql/MTBLS10066/20221001_LEAP-POS_QC20/20221001_LEAP-POS_QC20
chrom,766.69140625,mzMD,0.47228750004433095,E:/mzsql/MTBLS10066/20221001_LEAP-POS_QC20/20221001_LEAP-POS_QC20
chrom,766.69140625,SQLite,0.6336969002149999,E:/mzsql/MTBLS10066/20221001_LEAP-POS_QC20/20221001_LEAP-POS_QC20
chrom,766.69140625,DuckDB,0.08767129993066192,E:/mzsql/MTBLS10066/20221001_LEAP-POS_QC20/20221001_LEAP-POS_QC20
chrom,766.69140625,Parquet,0.1891298999544233,E:/mzsql/MTBLS10066/20221001_LEAP-POS_QC20/20221001_LEAP-POS_QC20
chrom,284.29473876953125,pyteomics,18.887372100027278,E:/mzsql/MTBLS10066/20221001_LEAP-POS_QC20/20221001_LEAP-POS_QC20
chrom,284.29473876953125,pyopenms,7.391347600147128,E:/mzsql/MTBLS10066/20221001_LEAP-POS_QC20/20221001_LEAP-POS_QC20
chrom,284.29473876953125,pyopenms_2DPeak,5.802865199977532,E:/mzsql/MTBLS10066/20221001_LEAP-POS_QC20/20221001_LEAP-POS_QC20
chrom,284.29473876953125,pymzml,9.273619699990377,E:/mzsql/MTBLS10066/20221001_LEAP-POS_QC20/20221001_LEAP-POS_QC20
chrom,284.29473876953125,mzMLb,15.962071700021625,E:/mzsql/MTBLS10066/20221001_LEAP-POS_QC20/20221001_LEAP-POS_QC20
chrom,284.29473876953125,mzDB,0.5106191001832485,E:/mzsql/MTBLS10066/20221001_LEAP-POS_QC20/20221001_LEAP-POS_QC20
chrom,284.29473876953125,MZA,9.123339999932796,E:/mzsql/MTBLS10066/20221001_LEAP-POS_QC20/20221001_LEAP-POS_QC20
chrom,284.29473876953125,mz5,20.816267699934542,E:/mzsql/MTBLS10066/20221001_LEAP-POS_QC20/20221001_LEAP-POS_QC20
chrom,284.29473876953125,MZTree,0.31852889992296696,E:/mzsql/MTBLS10066/20221001_LEAP-POS_QC20/20221001_LEAP-POS_QC20
chrom,284.29473876953125,mzMD,0.5736813000403345,E:/mzsql/MTBLS10066/20221001_LEAP-POS_QC20/20221001_LEAP-POS_QC20
chrom,284.29473876953125,SQLite,0.6721353998873383,E:/mzsql/MTBLS10066/20221001_LEAP-POS_QC20/20221001_LEAP-POS_QC20
chrom,284.29473876953125,DuckDB,0.09396920003928244,E:/mzsql/MTBLS10066/20221001_LEAP-POS_QC20/20221001_LEAP-POS_QC20
chrom,284.29473876953125,Parquet,0.09130880003795028,E:/mzsql/MTBLS10066/20221001_LEAP-POS_QC20/20221001_LEAP-POS_QC20
chrom,778.55712890625,pyteomics,19.14958059997298,E:/mzsql/MTBLS10066/20221001_LEAP-POS_QC20/20221001_LEAP-POS_QC20
chrom,778.55712890625,pyopenms,7.96418199990876,E:/mzsql/MTBLS10066/20221001_LEAP-POS_QC20/20221001_LEAP-POS_QC20
chrom,778.55712890625,pyopenms_2DPeak,5.829886199906468,E:/mzsql/MTBLS10066/20221001_LEAP-POS_QC20/20221001_LEAP-POS_QC20
chrom,778.55712890625,pymzml,9.96825320017524,E:/mzsql/MTBLS10066/20221001_LEAP-POS_QC20/20221001_LEAP-POS_QC20
chrom,778.55712890625,mzMLb,16.299628699896857,E:/mzsql/MTBLS10066/20221001_LEAP-POS_QC20/20221001_LEAP-POS_QC20
chrom,778.55712890625,mzDB,1.2715157000347972,E:/mzsql/MTBLS10066/20221001_LEAP-POS_QC20/20221001_LEAP-POS_QC20
chrom,778.55712890625,MZA,9.292052100179717,E:/mzsql/MTBLS10066/20221001_LEAP-POS_QC20/20221001_LEAP-POS_QC20
chrom,778.55712890625,mz5,21.00446809991263,E:/mzsql/MTBLS10066/20221001_LEAP-POS_QC20/20221001_LEAP-POS_QC20
chrom,778.55712890625,MZTree,0.10635389992967248,E:/mzsql/MTBLS10066/20221001_LEAP-POS_QC20/20221001_LEAP-POS_QC20
chrom,778.55712890625,mzMD,0.48704299982637167,E:/mzsql/MTBLS10066/20221001_LEAP-POS_QC20/20221001_LEAP-POS_QC20
chrom,778.55712890625,SQLite,0.6449476999696344,E:/mzsql/MTBLS10066/20221001_LEAP-POS_QC20/20221001_LEAP-POS_QC20
chrom,778.55712890625,DuckDB,0.14442210015840828,E:/mzsql/MTBLS10066/20221001_LEAP-POS_QC20/20221001_LEAP-POS_QC20
chrom,778.55712890625,Parquet,0.19936610013246536,E:/mzsql/MTBLS10066/20221001_LEAP-POS_QC20/20221001_LEAP-POS_QC20
chrom,663.4545288085938,pyteomics,21.147883200086653,E:/mzsql/MTBLS10066/20221001_LEAP-POS_QC20/20221001_LEAP-POS_QC20
chrom,663.4545288085938,pyopenms,10.113725000061095,E:/mzsql/MTBLS10066/20221001_LEAP-POS_QC20/20221001_LEAP-POS_QC20
chrom,663.4545288085938,pyopenms_2DPeak,5.834362800000235,E:/mzsql/MTBLS10066/20221001_LEAP-POS_QC20/20221001_LEAP-POS_QC20
chrom,663.4545288085938,pymzml,11.912553700152785,E:/mzsql/MTBLS10066/20221001_LEAP-POS_QC20/20221001_LEAP-POS_QC20
chrom,663.4545288085938,mzMLb,18.713987400056794,E:/mzsql/MTBLS10066/20221001_LEAP-POS_QC20/20221001_LEAP-POS_QC20
chrom,663.4545288085938,mzDB,1.3294679999817163,E:/mzsql/MTBLS10066/20221001_LEAP-POS_QC20/20221001_LEAP-POS_QC20
chrom,663.4545288085938,MZA,9.403932299930602,E:/mzsql/MTBLS10066/20221001_LEAP-POS_QC20/20221001_LEAP-POS_QC20
chrom,663.4545288085938,mz5,20.865289200097322,E:/mzsql/MTBLS10066/20221001_LEAP-POS_QC20/20221001_LEAP-POS_QC20
chrom,663.4545288085938,MZTree,0.587943600025028,E:/mzsql/MTBLS10066/20221001_LEAP-POS_QC20/20221001_LEAP-POS_QC20
chrom,663.4545288085938,mzMD,0.5274656000547111,E:/mzsql/MTBLS10066/20221001_LEAP-POS_QC20/20221001_LEAP-POS_QC20
chrom,663.4545288085938,SQLite,0.6644699000753462,E:/mzsql/MTBLS10066/20221001_LEAP-POS_QC20/20221001_LEAP-POS_QC20
chrom,663.4545288085938,DuckDB,0.3173440999817103,E:/mzsql/MTBLS10066/20221001_LEAP-POS_QC20/20221001_LEAP-POS_QC20
chrom,663.4545288085938,Parquet,0.1892937000375241,E:/mzsql/MTBLS10066/20221001_LEAP-POS_QC20/20221001_LEAP-POS_QC20
rtrange,12.024943,pyteomics,17.530084599973634,E:/mzsql/MTBLS10066/20221001_LEAP-POS_QC20/20221001_LEAP-POS_QC20
rtrange,12.024943,pyopenms,5.970849099801853,E:/mzsql/MTBLS10066/20221001_LEAP-POS_QC20/20221001_LEAP-POS_QC20
rtrange,12.024943,pyopenms_2DPeak,5.83921550004743,E:/mzsql/MTBLS10066/20221001_LEAP-POS_QC20/20221001_LEAP-POS_QC20
rtrange,12.024943,pymzml,6.187357600079849,E:/mzsql/MTBLS10066/20221001_LEAP-POS_QC20/20221001_LEAP-POS_QC20
rtrange,12.024943,mzMLb,14.456855199998245,E:/mzsql/MTBLS10066/20221001_LEAP-POS_QC20/20221001_LEAP-POS_QC20
rtrange,12.024943,mzDB,2.2192092000041157,E:/mzsql/MTBLS10066/20221001_LEAP-POS_QC20/20221001_LEAP-POS_QC20
rtrange,12.024943,MZA,0.2884906001854688,E:/mzsql/MTBLS10066/20221001_LEAP-POS_QC20/20221001_LEAP-POS_QC20
rtrange,12.024943,mz5,2.6658097999170423,E:/mzsql/MTBLS10066/20221001_LEAP-POS_QC20/20221001_LEAP-POS_QC20
rtrange,12.024943,MZTree,0.5968456999398768,E:/mzsql/MTBLS10066/20221001_LEAP-POS_QC20/20221001_LEAP-POS_QC20
rtrange,12.024943,mzMD,0.8313103998079896,E:/mzsql/MTBLS10066/20221001_LEAP-POS_QC20/20221001_LEAP-POS_QC20
rtrange,12.024943,SQLite,0.770364899886772,E:/mzsql/MTBLS10066/20221001_LEAP-POS_QC20/20221001_LEAP-POS_QC20
rtrange,12.024943,DuckDB,0.0322740999981761,E:/mzsql/MTBLS10066/20221001_LEAP-POS_QC20/20221001_LEAP-POS_QC20
rtrange,12.024943,Parquet,0.09282199991866946,E:/mzsql/MTBLS10066/20221001_LEAP-POS_QC20/20221001_LEAP-POS_QC20
rtrange,5.1878562,pyteomics,17.31236429978162,E:/mzsql/MTBLS10066/20221001_LEAP-POS_QC20/20221001_LEAP-POS_QC20
rtrange,5.1878562,pyopenms,5.973088400205597,E:/mzsql/MTBLS10066/20221001_LEAP-POS_QC20/20221001_LEAP-POS_QC20
rtrange,5.1878562,pyopenms_2DPeak,5.912281800061464,E:/mzsql/MTBLS10066/20221001_LEAP-POS_QC20/20221001_LEAP-POS_QC20
rtrange,5.1878562,pymzml,6.0046292000915855,E:/mzsql/MTBLS10066/20221001_LEAP-POS_QC20/20221001_LEAP-POS_QC20
rtrange,5.1878562,mzMLb,14.493741599842906,E:/mzsql/MTBLS10066/20221001_LEAP-POS_QC20/20221001_LEAP-POS_QC20
rtrange,5.1878562,mzDB,2.4286282998509705,E:/mzsql/MTBLS10066/20221001_LEAP-POS_QC20/20221001_LEAP-POS_QC20
rtrange,5.1878562,MZA,0.542618399951607,E:/mzsql/MTBLS10066/20221001_LEAP-POS_QC20/20221001_LEAP-POS_QC20
rtrange,5.1878562,mz5,2.4621100001968443,E:/mzsql/MTBLS10066/20221001_LEAP-POS_QC20/20221001_LEAP-POS_QC20
rtrange,5.1878562,MZTree,0.6454421998932958,E:/mzsql/MTBLS10066/20221001_LEAP-POS_QC20/20221001_LEAP-POS_QC20
rtrange,5.1878562,mzMD,0.9265232998877764,E:/mzsql/MTBLS10066/20221001_LEAP-POS_QC20/20221001_LEAP-POS_QC20
rtrange,5.1878562,SQLite,0.872246399987489,E:/mzsql/MTBLS10066/20221001_LEAP-POS_QC20/20221001_LEAP-POS_QC20
rtrange,5.1878562,DuckDB,0.0404205999802798,E:/mzsql/MTBLS10066/20221001_LEAP-POS_QC20/20221001_LEAP-POS_QC20
rtrange,5.1878562,Parquet,0.09228369989432395,E:/mzsql/MTBLS10066/20221001_LEAP-POS_QC20/20221001_LEAP-POS_QC20
rtrange,8.1639681,pyteomics,17.249679500004277,E:/mzsql/MTBLS10066/20221001_LEAP-POS_QC20/20221001_LEAP-POS_QC20
rtrange,8.1639681,pyopenms,5.9200977999717,E:/mzsql/MTBLS10066/20221001_LEAP-POS_QC20/20221001_LEAP-POS_QC20
rtrange,8.1639681,pyopenms_2DPeak,5.81203560018912,E:/mzsql/MTBLS10066/20221001_LEAP-POS_QC20/20221001_LEAP-POS_QC20
rtrange,8.1639681,pymzml,6.202298499876633,E:/mzsql/MTBLS10066/20221001_LEAP-POS_QC20/20221001_LEAP-POS_QC20
rtrange,8.1639681,mzMLb,14.509852200048044,E:/mzsql/MTBLS10066/20221001_LEAP-POS_QC20/20221001_LEAP-POS_QC20
rtrange,8.1639681,mzDB,2.0848556000273675,E:/mzsql/MTBLS10066/20221001_LEAP-POS_QC20/20221001_LEAP-POS_QC20
rtrange,8.1639681,MZA,0.3748339000158012,E:/mzsql/MTBLS10066/20221001_LEAP-POS_QC20/20221001_LEAP-POS_QC20
rtrange,8.1639681,mz5,2.664581200107932,E:/mzsql/MTBLS10066/20221001_LEAP-POS_QC20/20221001_LEAP-POS_QC20
rtrange,8.1639681,MZTree,0.4269886000547558,E:/mzsql/MTBLS10066/20221001_LEAP-POS_QC20/20221001_LEAP-POS_QC20
rtrange,8.1639681,mzMD,0.8387045001145452,E:/mzsql/MTBLS10066/20221001_LEAP-POS_QC20/20221001_LEAP-POS_QC20
rtrange,8.1639681,SQLite,0.813999000005424,E:/mzsql/MTBLS10066/20221001_LEAP-POS_QC20/20221001_LEAP-POS_QC20
rtrange,8.1639681,DuckDB,0.03331799991428852,E:/mzsql/MTBLS10066/20221001_LEAP-POS_QC20/20221001_LEAP-POS_QC20
rtrange,8.1639681,Parquet,0.093279899796471,E:/mzsql/MTBLS10066/20221001_LEAP-POS_QC20/20221001_LEAP-POS_QC20
rtrange,3.7569951,pyteomics,17.21037880005315,E:/mzsql/MTBLS10066/20221001_LEAP-POS_QC20/20221001_LEAP-POS_QC20
rtrange,3.7569951,pyopenms,5.923005999997258,E:/mzsql/MTBLS10066/20221001_LEAP-POS_QC20/20221001_LEAP-POS_QC20
rtrange,3.7569951,pyopenms_2DPeak,5.831130499951541,E:/mzsql/MTBLS10066/20221001_LEAP-POS_QC20/20221001_LEAP-POS_QC20
rtrange,3.7569951,pymzml,6.198343500029296,E:/mzsql/MTBLS10066/20221001_LEAP-POS_QC20/20221001_LEAP-POS_QC20
rtrange,3.7569951,mzMLb,14.554203199921176,E:/mzsql/MTBLS10066/20221001_LEAP-POS_QC20/20221001_LEAP-POS_QC20
rtrange,3.7569951,mzDB,1.707735699834302,E:/mzsql/MTBLS10066/20221001_LEAP-POS_QC20/20221001_LEAP-POS_QC20
rtrange,3.7569951,MZA,0.5372323000337929,E:/mzsql/MTBLS10066/20221001_LEAP-POS_QC20/20221001_LEAP-POS_QC20
rtrange,3.7569951,mz5,2.6958912999834865,E:/mzsql/MTBLS10066/20221001_LEAP-POS_QC20/20221001_LEAP-POS_QC20
rtrange,3.7569951,MZTree,0.2662905000615865,E:/mzsql/MTBLS10066/20221001_LEAP-POS_QC20/20221001_LEAP-POS_QC20
rtrange,3.7569951,mzMD,0.8962890000548214,E:/mzsql/MTBLS10066/20221001_LEAP-POS_QC20/20221001_LEAP-POS_QC20
rtrange,3.7569951,SQLite,0.8601877999026328,E:/mzsql/MTBLS10066/20221001_LEAP-POS_QC20/20221001_LEAP-POS_QC20
rtrange,3.7569951,DuckDB,0.03707160009071231,E:/mzsql/MTBLS10066/20221001_LEAP-POS_QC20/20221001_LEAP-POS_QC20
rtrange,3.7569951,Parquet,0.09763570013456047,E:/mzsql/MTBLS10066/20221001_LEAP-POS_QC20/20221001_LEAP-POS_QC20
rtrange,6.5828298,pyteomics,17.451070900075138,E:/mzsql/MTBLS10066/20221001_LEAP-POS_QC20/20221001_LEAP-POS_QC20
rtrange,6.5828298,pyopenms,5.926171300001442,E:/mzsql/MTBLS10066/20221001_LEAP-POS_QC20/20221001_LEAP-POS_QC20
rtrange,6.5828298,pyopenms_2DPeak,5.806157500017434,E:/mzsql/MTBLS10066/20221001_LEAP-POS_QC20/20221001_LEAP-POS_QC20
rtrange,6.5828298,pymzml,6.182763000018895,E:/mzsql/MTBLS10066/20221001_LEAP-POS_QC20/20221001_LEAP-POS_QC20
rtrange,6.5828298,mzMLb,14.519619200145826,E:/mzsql/MTBLS10066/20221001_LEAP-POS_QC20/20221001_LEAP-POS_QC20
rtrange,6.5828298,mzDB,1.6990457000210881,E:/mzsql/MTBLS10066/20221001_LEAP-POS_QC20/20221001_LEAP-POS_QC20
rtrange,6.5828298,MZA,0.4914202999789268,E:/mzsql/MTBLS10066/20221001_LEAP-POS_QC20/20221001_LEAP-POS_QC20
rtrange,6.5828298,mz5,2.4797028000466526,E:/mzsql/MTBLS10066/20221001_LEAP-POS_QC20/20221001_LEAP-POS_QC20
rtrange,6.5828298,MZTree,0.2823918000794947,E:/mzsql/MTBLS10066/20221001_LEAP-POS_QC20/20221001_LEAP-POS_QC20
rtrange,6.5828298,mzMD,0.8910767000634223,E:/mzsql/MTBLS10066/20221001_LEAP-POS_QC20/20221001_LEAP-POS_QC20
rtrange,6.5828298,SQLite,0.8500427999533713,E:/mzsql/MTBLS10066/20221001_LEAP-POS_QC20/20221001_LEAP-POS_QC20
rtrange,6.5828298,DuckDB,0.038559600012376904,E:/mzsql/MTBLS10066/20221001_LEAP-POS_QC20/20221001_LEAP-POS_QC20
rtrange,6.5828298,Parquet,0.0924535000231117,E:/mzsql/MTBLS10066/20221001_LEAP-POS_QC20/20221001_LEAP-POS_QC20
rtrange,9.1693062,pyteomics,17.464238699991256,E:/mzsql/MTBLS10066/20221001_LEAP-POS_QC20/20221001_LEAP-POS_QC20
rtrange,9.1693062,pyopenms,5.82844109996222,E:/mzsql/MTBLS10066/20221001_LEAP-POS_QC20/20221001_LEAP-POS_QC20
rtrange,9.1693062,pyopenms_2DPeak,5.829845800064504,E:/mzsql/MTBLS10066/20221001_LEAP-POS_QC20/20221001_LEAP-POS_QC20
rtrange,9.1693062,pymzml,6.1462015002034605,E:/mzsql/MTBLS10066/20221001_LEAP-POS_QC20/20221001_LEAP-POS_QC20
rtrange,9.1693062,mzMLb,14.469476799946278,E:/mzsql/MTBLS10066/20221001_LEAP-POS_QC20/20221001_LEAP-POS_QC20
rtrange,9.1693062,mzDB,1.5748395000118762,E:/mzsql/MTBLS10066/20221001_LEAP-POS_QC20/20221001_LEAP-POS_QC20
rtrange,9.1693062,MZA,0.3506174001377076,E:/mzsql/MTBLS10066/20221001_LEAP-POS_QC20/20221001_LEAP-POS_QC20
rtrange,9.1693062,mz5,2.678006799891591,E:/mzsql/MTBLS10066/20221001_LEAP-POS_QC20/20221001_LEAP-POS_QC20
rtrange,9.1693062,MZTree,0.21640400006435812,E:/mzsql/MTBLS10066/20221001_LEAP-POS_QC20/20221001_LEAP-POS_QC20
rtrange,9.1693062,mzMD,0.8445552999619395,E:/mzsql/MTBLS10066/20221001_LEAP-POS_QC20/20221001_LEAP-POS_QC20
rtrange,9.1693062,SQLite,0.8143301999662071,E:/mzsql/MTBLS10066/20221001_LEAP-POS_QC20/20221001_LEAP-POS_QC20
rtrange,9.1693062,DuckDB,0.03255950007587671,E:/mzsql/MTBLS10066/20221001_LEAP-POS_QC20/20221001_LEAP-POS_QC20
rtrange,9.1693062,Parquet,0.10414090007543564,E:/mzsql/MTBLS10066/20221001_LEAP-POS_QC20/20221001_LEAP-POS_QC20
rtrange,10.908203,pyteomics,17.37909539998509,E:/mzsql/MTBLS10066/20221001_LEAP-POS_QC20/20221001_LEAP-POS_QC20
rtrange,10.908203,pyopenms,5.9494006999302655,E:/mzsql/MTBLS10066/20221001_LEAP-POS_QC20/20221001_LEAP-POS_QC20
rtrange,10.908203,pyopenms_2DPeak,5.778135299915448,E:/mzsql/MTBLS10066/20221001_LEAP-POS_QC20/20221001_LEAP-POS_QC20
rtrange,10.908203,pymzml,6.500581400003284,E:/mzsql/MTBLS10066/20221001_LEAP-POS_QC20/20221001_LEAP-POS_QC20
rtrange,10.908203,mzMLb,14.477735500084236,E:/mzsql/MTBLS10066/20221001_LEAP-POS_QC20/20221001_LEAP-POS_QC20
rtrange,10.908203,mzDB,5.155108200153336,E:/mzsql/MTBLS10066/20221001_LEAP-POS_QC20/20221001_LEAP-POS_QC20
rtrange,10.908203,MZA,1.116767699830234,E:/mzsql/MTBLS10066/20221001_LEAP-POS_QC20/20221001_LEAP-POS_QC20
rtrange,10.908203,mz5,2.88387729995884,E:/mzsql/MTBLS10066/20221001_LEAP-POS_QC20/20221001_LEAP-POS_QC20
rtrange,10.908203,MZTree,0.6586809000000358,E:/mzsql/MTBLS10066/20221001_LEAP-POS_QC20/20221001_LEAP-POS_QC20
rtrange,10.908203,mzMD,1.0584110000636429,E:/mzsql/MTBLS10066/20221001_LEAP-POS_QC20/20221001_LEAP-POS_QC20
rtrange,10.908203,SQLite,0.9244659999385476,E:/mzsql/MTBLS10066/20221001_LEAP-POS_QC20/20221001_LEAP-POS_QC20
rtrange,10.908203,DuckDB,0.0503002000041306,E:/mzsql/MTBLS10066/20221001_LEAP-POS_QC20/20221001_LEAP-POS_QC20
rtrange,10.908203,Parquet,0.0941191001329571,E:/mzsql/MTBLS10066/20221001_LEAP-POS_QC20/20221001_LEAP-POS_QC20
rtrange,2.0182004,pyteomics,17.410801799967885,E:/mzsql/MTBLS10066/20221001_LEAP-POS_QC20/20221001_LEAP-POS_QC20
rtrange,2.0182004,pyopenms,5.918508100090548,E:/mzsql/MTBLS10066/20221001_LEAP-POS_QC20/20221001_LEAP-POS_QC20
rtrange,2.0182004,pyopenms_2DPeak,5.7624115000944585,E:/mzsql/MTBLS10066/20221001_LEAP-POS_QC20/20221001_LEAP-POS_QC20
rtrange,2.0182004,pymzml,6.120826200116426,E:/mzsql/MTBLS10066/20221001_LEAP-POS_QC20/20221001_LEAP-POS_QC20
rtrange,2.0182004,mzMLb,14.478834700072184,E:/mzsql/MTBLS10066/20221001_LEAP-POS_QC20/20221001_LEAP-POS_QC20
rtrange,2.0182004,mzDB,3.9721375999506563,E:/mzsql/MTBLS10066/20221001_LEAP-POS_QC20/20221001_LEAP-POS_QC20
rtrange,2.0182004,MZA,1.5289912999141961,E:/mzsql/MTBLS10066/20221001_LEAP-POS_QC20/20221001_LEAP-POS_QC20
rtrange,2.0182004,mz5,2.64916680008173,E:/mzsql/MTBLS10066/20221001_LEAP-POS_QC20/20221001_LEAP-POS_QC20
rtrange,2.0182004,MZTree,1.3271418001968414,E:/mzsql/MTBLS10066/20221001_LEAP-POS_QC20/20221001_LEAP-POS_QC20
rtrange,2.0182004,mzMD,1.2285969001241028,E:/mzsql/MTBLS10066/20221001_LEAP-POS_QC20/20221001_LEAP-POS_QC20
rtrange,2.0182004,SQLite,1.0713297999463975,E:/mzsql/MTBLS10066/20221001_LEAP-POS_QC20/20221001_LEAP-POS_QC20
rtrange,2.0182004,DuckDB,0.06391180003993213,E:/mzsql/MTBLS10066/20221001_LEAP-POS_QC20/20221001_LEAP-POS_QC20
rtrange,2.0182004,Parquet,0.09609199990518391,E:/mzsql/MTBLS10066/20221001_LEAP-POS_QC20/20221001_LEAP-POS_QC20
rtrange,1.0179312,pyteomics,17.16780330007896,E:/mzsql/MTBLS10066/20221001_LEAP-POS_QC20/20221001_LEAP-POS_QC20
rtrange,1.0179312,pyopenms,5.9410893998574466,E:/mzsql/MTBLS10066/20221001_LEAP-POS_QC20/20221001_LEAP-POS_QC20
rtrange,1.0179312,pyopenms_2DPeak,5.784706200007349,E:/mzsql/MTBLS10066/20221001_LEAP-POS_QC20/20221001_LEAP-POS_QC20
rtrange,1.0179312,pymzml,6.31589199998416,E:/mzsql/MTBLS10066/20221001_LEAP-POS_QC20/20221001_LEAP-POS_QC20
rtrange,1.0179312,mzMLb,14.67114849993959,E:/mzsql/MTBLS10066/20221001_LEAP-POS_QC20/20221001_LEAP-POS_QC20
rtrange,1.0179312,mzDB,5.325108999852091,E:/mzsql/MTBLS10066/20221001_LEAP-POS_QC20/20221001_LEAP-POS_QC20
rtrange,1.0179312,MZA,1.3358312000054866,E:/mzsql/MTBLS10066/20221001_LEAP-POS_QC20/20221001_LEAP-POS_QC20
rtrange,1.0179312,mz5,2.7584462000522763,E:/mzsql/MTBLS10066/20221001_LEAP-POS_QC20/20221001_LEAP-POS_QC20
rtrange,1.0179312,MZTree,0.7686605998314917,E:/mzsql/MTBLS10066/20221001_LEAP-POS_QC20/20221001_LEAP-POS_QC20
rtrange,1.0179312,mzMD,1.1206851999741048,E:/mzsql/MTBLS10066/20221001_LEAP-POS_QC20/20221001_LEAP-POS_QC20
rtrange,1.0179312,SQLite,1.003470600116998,E:/mzsql/MTBLS10066/20221001_LEAP-POS_QC20/20221001_LEAP-POS_QC20
rtrange,1.0179312,DuckDB,0.05745230009779334,E:/mzsql/MTBLS10066/20221001_LEAP-POS_QC20/20221001_LEAP-POS_QC20
rtrange,1.0179312,Parquet,0.09653669991530478,E:/mzsql/MTBLS10066/20221001_LEAP-POS_QC20/20221001_LEAP-POS_QC20
rtrange,16.049978,pyteomics,17.485608199844137,E:/mzsql/MTBLS10066/20221001_LEAP-POS_QC20/20221001_LEAP-POS_QC20
rtrange,16.049978,pyopenms,6.019617900019512,E:/mzsql/MTBLS10066/20221001_LEAP-POS_QC20/20221001_LEAP-POS_QC20
rtrange,16.049978,pyopenms_2DPeak,5.775699999881908,E:/mzsql/MTBLS10066/20221001_LEAP-POS_QC20/20221001_LEAP-POS_QC20
rtrange,16.049978,pymzml,6.095855999970809,E:/mzsql/MTBLS10066/20221001_LEAP-POS_QC20/20221001_LEAP-POS_QC20
rtrange,16.049978,mzMLb,14.493961200118065,E:/mzsql/MTBLS10066/20221001_LEAP-POS_QC20/20221001_LEAP-POS_QC20
rtrange,16.049978,mzDB,10.012908200034872,E:/mzsql/MTBLS10066/20221001_LEAP-POS_QC20/20221001_LEAP-POS_QC20
rtrange,16.049978,MZA,2.3060276000760496,E:/mzsql/MTBLS10066/20221001_LEAP-POS_QC20/20221001_LEAP-POS_QC20
rtrange,16.049978,mz5,2.719651799881831,E:/mzsql/MTBLS10066/20221001_LEAP-POS_QC20/20221001_LEAP-POS_QC20
rtrange,16.049978,MZTree,1.6277938999701291,E:/mzsql/MTBLS10066/20221001_LEAP-POS_QC20/20221001_LEAP-POS_QC20
rtrange,16.049978,mzMD,1.384669200051576,E:/mzsql/MTBLS10066/20221001_LEAP-POS_QC20/20221001_LEAP-POS_QC20
rtrange,16.049978,SQLite,1.1023449001368135,E:/mzsql/MTBLS10066/20221001_LEAP-POS_QC20/20221001_LEAP-POS_QC20
rtrange,16.049978,DuckDB,0.08573869988322258,E:/mzsql/MTBLS10066/20221001_LEAP-POS_QC20/20221001_LEAP-POS_QC20
rtrange,16.049978,Parquet,0.11425080010667443,E:/mzsql/MTBLS10066/20221001_LEAP-POS_QC20/20221001_LEAP-POS_QC20
ms2_spec,4714,pyteomics,7.597378199920058,E:/mzsql/MTBLS10066/20221001_LEAP-POS_QC20/20221001_LEAP-POS_QC20
ms2_spec,4714,pyopenms,5.801018300000578,E:/mzsql/MTBLS10066/20221001_LEAP-POS_QC20/20221001_LEAP-POS_QC20
ms2_spec,4714,pymzml,0.09873520000837743,E:/mzsql/MTBLS10066/20221001_LEAP-POS_QC20/20221001_LEAP-POS_QC20
ms2_spec,4714,mzMLb,9.167610500007868,E:/mzsql/MTBLS10066/20221001_LEAP-POS_QC20/20221001_LEAP-POS_QC20
ms2_spec,4714,mzDB,0.058351999847218394,E:/mzsql/MTBLS10066/20221001_LEAP-POS_QC20/20221001_LEAP-POS_QC20
ms2_spec,4714,MZA,0.0027364999987185,E:/mzsql/MTBLS10066/20221001_LEAP-POS_QC20/20221001_LEAP-POS_QC20
ms2_spec,4714,mz5,0.10196320014074445,E:/mzsql/MTBLS10066/20221001_LEAP-POS_QC20/20221001_LEAP-POS_QC20
ms2_spec,4714,SQLite,0.543456100160256,E:/mzsql/MTBLS10066/20221001_LEAP-POS_QC20/20221001_LEAP-POS_QC20
ms2_spec,4714,DuckDB,0.021244999952614307,E:/mzsql/MTBLS10066/20221001_LEAP-POS_QC20/20221001_LEAP-POS_QC20
ms2_spec,4714,Parquet,0.10453140013851225,E:/mzsql/MTBLS10066/20221001_LEAP-POS_QC20/20221001_LEAP-POS_QC20
ms2_spec,8107,pyteomics,12.43642559996806,E:/mzsql/MTBLS10066/20221001_LEAP-POS_QC20/20221001_LEAP-POS_QC20
ms2_spec,8107,pyopenms,5.877446200000122,E:/mzsql/MTBLS10066/20221001_LEAP-POS_QC20/20221001_LEAP-POS_QC20
ms2_spec,8107,pymzml,0.09813519986346364,E:/mzsql/MTBLS10066/20221001_LEAP-POS_QC20/20221001_LEAP-POS_QC20
ms2_spec,8107,mzMLb,15.527449900051579,E:/mzsql/MTBLS10066/20221001_LEAP-POS_QC20/20221001_LEAP-POS_QC20
ms2_spec,8107,mzDB,2.852506799856201,E:/mzsql/MTBLS10066/20221001_LEAP-POS_QC20/20221001_LEAP-POS_QC20
ms2_spec,8107,MZA,0.0028142998926341534,E:/mzsql/MTBLS10066/20221001_LEAP-POS_QC20/20221001_LEAP-POS_QC20
ms2_spec,8107,mz5,0.10605250019580126,E:/mzsql/MTBLS10066/20221001_LEAP-POS_QC20/20221001_LEAP-POS_QC20
ms2_spec,8107,SQLite,0.538373599993065,E:/mzsql/MTBLS10066/20221001_LEAP-POS_QC20/20221001_LEAP-POS_QC20
ms2_spec,8107,DuckDB,0.021528000012040138,E:/mzsql/MTBLS10066/20221001_LEAP-POS_QC20/20221001_LEAP-POS_QC20
ms2_spec,8107,Parquet,0.10354619985446334,E:/mzsql/MTBLS10066/20221001_LEAP-POS_QC20/20221001_LEAP-POS_QC20
ms2_spec,10322,pyteomics,15.433851700043306,E:/mzsql/MTBLS10066/20221001_LEAP-POS_QC20/20221001_LEAP-POS_QC20
ms2_spec,10322,pyopenms,5.9742562000174075,E:/mzsql/MTBLS10066/20221001_LEAP-POS_QC20/20221001_LEAP-POS_QC20
ms2_spec,10322,pymzml,0.10023700003512204,E:/mzsql/MTBLS10066/20221001_LEAP-POS_QC20/20221001_LEAP-POS_QC20
ms2_spec,10322,mzMLb,20.054331599967554,E:/mzsql/MTBLS10066/20221001_LEAP-POS_QC20/20221001_LEAP-POS_QC20
ms2_spec,10322,mzDB,3.2056593000888824,E:/mzsql/MTBLS10066/20221001_LEAP-POS_QC20/20221001_LEAP-POS_QC20
ms2_spec,10322,MZA,0.003582000033929944,E:/mzsql/MTBLS10066/20221001_LEAP-POS_QC20/20221001_LEAP-POS_QC20
ms2_spec,10322,mz5,0.11000119987875223,E:/mzsql/MTBLS10066/20221001_LEAP-POS_QC20/20221001_LEAP-POS_QC20
ms2_spec,10322,SQLite,0.5194341999012977,E:/mzsql/MTBLS10066/20221001_LEAP-POS_QC20/20221001_LEAP-POS_QC20
ms2_spec,10322,DuckDB,0.028811699943616986,E:/mzsql/MTBLS10066/20221001_LEAP-POS_QC20/20221001_LEAP-POS_QC20
ms2_spec,10322,Parquet,0.11469539999961853,E:/mzsql/MTBLS10066/20221001_LEAP-POS_QC20/20221001_LEAP-POS_QC20
ms2_spec,3824,pyteomics,6.4502954999916255,E:/mzsql/MTBLS10066/20221001_LEAP-POS_QC20/20221001_LEAP-POS_QC20
ms2_spec,3824,pyopenms,5.848483499838039,E:/mzsql/MTBLS10066/20221001_LEAP-POS_QC20/20221001_LEAP-POS_QC20
ms2_spec,3824,pymzml,0.10013019992038608,E:/mzsql/MTBLS10066/20221001_LEAP-POS_QC20/20221001_LEAP-POS_QC20
ms2_spec,3824,mzMLb,7.37618469982408,E:/mzsql/MTBLS10066/20221001_LEAP-POS_QC20/20221001_LEAP-POS_QC20
ms2_spec,3824,mzDB,0.06291739991866052,E:/mzsql/MTBLS10066/20221001_LEAP-POS_QC20/20221001_LEAP-POS_QC20
ms2_spec,3824,MZA,0.0035383000504225492,E:/mzsql/MTBLS10066/20221001_LEAP-POS_QC20/20221001_LEAP-POS_QC20
ms2_spec,3824,mz5,0.1074556999374181,E:/mzsql/MTBLS10066/20221001_LEAP-POS_QC20/20221001_LEAP-POS_QC20
ms2_spec,3824,SQLite,0.5167251999955624,E:/mzsql/MTBLS10066/20221001_LEAP-POS_QC20/20221001_LEAP-POS_QC20
ms2_spec,3824,DuckDB,0.028151100035756826,E:/mzsql/MTBLS10066/20221001_LEAP-POS_QC20/20221001_LEAP-POS_QC20
ms2_spec,3824,Parquet,0.11535810003988445,E:/mzsql/MTBLS10066/20221001_LEAP-POS_QC20/20221001_LEAP-POS_QC20
ms2_spec,8916,pyteomics,13.670797500060871,E:/mzsql/MTBLS10066/20221001_LEAP-POS_QC20/20221001_LEAP-POS_QC20
ms2_spec,8916,pyopenms,5.922594500007108,E:/mzsql/MTBLS10066/20221001_LEAP-POS_QC20/20221001_LEAP-POS_QC20
ms2_spec,8916,pymzml,0.10151509987190366,E:/mzsql/MTBLS10066/20221001_LEAP-POS_QC20/20221001_LEAP-POS_QC20
ms2_spec,8916,mzMLb,17.296111000003293,E:/mzsql/MTBLS10066/20221001_LEAP-POS_QC20/20221001_LEAP-POS_QC20
ms2_spec,8916,mzDB,2.473619000054896,E:/mzsql/MTBLS10066/20221001_LEAP-POS_QC20/20221001_LEAP-POS_QC20
ms2_spec,8916,MZA,0.003479599952697754,E:/mzsql/MTBLS10066/20221001_LEAP-POS_QC20/20221001_LEAP-POS_QC20
ms2_spec,8916,mz5,0.10861489991657436,E:/mzsql/MTBLS10066/20221001_LEAP-POS_QC20/20221001_LEAP-POS_QC20
ms2_spec,8916,SQLite,0.5137887999881059,E:/mzsql/MTBLS10066/20221001_LEAP-POS_QC20/20221001_LEAP-POS_QC20
ms2_spec,8916,DuckDB,0.027450300054624677,E:/mzsql/MTBLS10066/20221001_LEAP-POS_QC20/20221001_LEAP-POS_QC20
ms2_spec,8916,Parquet,0.13689469988457859,E:/mzsql/MTBLS10066/20221001_LEAP-POS_QC20/20221001_LEAP-POS_QC20
ms2_spec,7927,pyteomics,12.459251699969172,E:/mzsql/MTBLS10066/20221001_LEAP-POS_QC20/20221001_LEAP-POS_QC20
ms2_spec,7927,pyopenms,5.9846269998233765,E:/mzsql/MTBLS10066/20221001_LEAP-POS_QC20/20221001_LEAP-POS_QC20
ms2_spec,7927,pymzml,0.09993380005471408,E:/mzsql/MTBLS10066/20221001_LEAP-POS_QC20/20221001_LEAP-POS_QC20
ms2_spec,7927,mzMLb,15.693057299824432,E:/mzsql/MTBLS10066/20221001_LEAP-POS_QC20/20221001_LEAP-POS_QC20
ms2_spec,7927,mzDB,2.7925066999159753,E:/mzsql/MTBLS10066/20221001_LEAP-POS_QC20/20221001_LEAP-POS_QC20
ms2_spec,7927,MZA,0.0027960999868810177,E:/mzsql/MTBLS10066/20221001_LEAP-POS_QC20/20221001_LEAP-POS_QC20
ms2_spec,7927,mz5,0.10771499993279576,E:/mzsql/MTBLS10066/20221001_LEAP-POS_QC20/20221001_LEAP-POS_QC20
ms2_spec,7927,SQLite,0.5335240000858903,E:/mzsql/MTBLS10066/20221001_LEAP-POS_QC20/20221001_LEAP-POS_QC20
ms2_spec,7927,DuckDB,0.021339999977499247,E:/mzsql/MTBLS10066/20221001_LEAP-POS_QC20/20221001_LEAP-POS_QC20
ms2_spec,7927,Parquet,0.10397689999081194,E:/mzsql/MTBLS10066/20221001_LEAP-POS_QC20/20221001_LEAP-POS_QC20
ms2_spec,2910,pyteomics,4.884011100046337,E:/mzsql/MTBLS10066/20221001_LEAP-POS_QC20/20221001_LEAP-POS_QC20
ms2_spec,2910,pyopenms,5.856008299859241,E:/mzsql/MTBLS10066/20221001_LEAP-POS_QC20/20221001_LEAP-POS_QC20
ms2_spec,2910,pymzml,0.10011929995380342,E:/mzsql/MTBLS10066/20221001_LEAP-POS_QC20/20221001_LEAP-POS_QC20
ms2_spec,2910,mzMLb,5.667616199934855,E:/mzsql/MTBLS10066/20221001_LEAP-POS_QC20/20221001_LEAP-POS_QC20
ms2_spec,2910,mzDB,0.06346490001305938,E:/mzsql/MTBLS10066/20221001_LEAP-POS_QC20/20221001_LEAP-POS_QC20
ms2_spec,2910,MZA,0.00422059977427125,E:/mzsql/MTBLS10066/20221001_LEAP-POS_QC20/20221001_LEAP-POS_QC20
ms2_spec,2910,mz5,0.12529850006103516,E:/mzsql/MTBLS10066/20221001_LEAP-POS_QC20/20221001_LEAP-POS_QC20
ms2_spec,2910,SQLite,0.5950892001856118,E:/mzsql/MTBLS10066/20221001_LEAP-POS_QC20/20221001_LEAP-POS_QC20
ms2_spec,2910,DuckDB,0.023516700137406588,E:/mzsql/MTBLS10066/20221001_LEAP-POS_QC20/20221001_LEAP-POS_QC20
ms2_spec,2910,Parquet,0.11382209998555481,E:/mzsql/MTBLS10066/20221001_LEAP-POS_QC20/20221001_LEAP-POS_QC20
ms2_spec,2520,pyteomics,4.420386899961159,E:/mzsql/MTBLS10066/20221001_LEAP-POS_QC20/20221001_LEAP-POS_QC20
ms2_spec,2520,pyopenms,5.836062100017443,E:/mzsql/MTBLS10066/20221001_LEAP-POS_QC20/20221001_LEAP-POS_QC20
ms2_spec,2520,pymzml,0.10059419996105134,E:/mzsql/MTBLS10066/20221001_LEAP-POS_QC20/20221001_LEAP-POS_QC20
ms2_spec,2520,mzMLb,4.918161200126633,E:/mzsql/MTBLS10066/20221001_LEAP-POS_QC20/20221001_LEAP-POS_QC20
ms2_spec,2520,mzDB,0.06270810007117689,E:/mzsql/MTBLS10066/20221001_LEAP-POS_QC20/20221001_LEAP-POS_QC20
ms2_spec,2520,MZA,0.0035788998939096928,E:/mzsql/MTBLS10066/20221001_LEAP-POS_QC20/20221001_LEAP-POS_QC20
ms2_spec,2520,mz5,0.10726829990744591,E:/mzsql/MTBLS10066/20221001_LEAP-POS_QC20/20221001_LEAP-POS_QC20
ms2_spec,2520,SQLite,0.5181326000019908,E:/mzsql/MTBLS10066/20221001_LEAP-POS_QC20/20221001_LEAP-POS_QC20
ms2_spec,2520,DuckDB,0.028016800060868263,E:/mzsql/MTBLS10066/20221001_LEAP-POS_QC20/20221001_LEAP-POS_QC20
ms2_spec,2520,Parquet,0.11624390003271401,E:/mzsql/MTBLS10066/20221001_LEAP-POS_QC20/20221001_LEAP-POS_QC20
ms2_spec,8789,pyteomics,13.580253800144419,E:/mzsql/MTBLS10066/20221001_LEAP-POS_QC20/20221001_LEAP-POS_QC20
ms2_spec,8789,pyopenms,5.951301800087094,E:/mzsql/MTBLS10066/20221001_LEAP-POS_QC20/20221001_LEAP-POS_QC20
ms2_spec,8789,pymzml,0.09865469997748733,E:/mzsql/MTBLS10066/20221001_LEAP-POS_QC20/20221001_LEAP-POS_QC20
ms2_spec,8789,mzMLb,16.933260099962354,E:/mzsql/MTBLS10066/20221001_LEAP-POS_QC20/20221001_LEAP-POS_QC20
ms2_spec,8789,mzDB,2.663905000081286,E:/mzsql/MTBLS10066/20221001_LEAP-POS_QC20/20221001_LEAP-POS_QC20
ms2_spec,8789,MZA,0.0028313000220805407,E:/mzsql/MTBLS10066/20221001_LEAP-POS_QC20/20221001_LEAP-POS_QC20
ms2_spec,8789,mz5,0.10711400001309812,E:/mzsql/MTBLS10066/20221001_LEAP-POS_QC20/20221001_LEAP-POS_QC20
ms2_spec,8789,SQLite,0.5329215000383556,E:/mzsql/MTBLS10066/20221001_LEAP-POS_QC20/20221001_LEAP-POS_QC20
ms2_spec,8789,DuckDB,0.02497649984434247,E:/mzsql/MTBLS10066/20221001_LEAP-POS_QC20/20221001_LEAP-POS_QC20
ms2_spec,8789,Parquet,0.11343870009295642,E:/mzsql/MTBLS10066/20221001_LEAP-POS_QC20/20221001_LEAP-POS_QC20
ms2_spec,7283,pyteomics,11.565081200096756,E:/mzsql/MTBLS10066/20221001_LEAP-POS_QC20/20221001_LEAP-POS_QC20
ms2_spec,7283,pyopenms,5.9403737999964505,E:/mzsql/MTBLS10066/20221001_LEAP-POS_QC20/20221001_LEAP-POS_QC20
ms2_spec,7283,pymzml,0.09875619993545115,E:/mzsql/MTBLS10066/20221001_LEAP-POS_QC20/20221001_LEAP-POS_QC20
ms2_spec,7283,mzMLb,14.16550390003249,E:/mzsql/MTBLS10066/20221001_LEAP-POS_QC20/20221001_LEAP-POS_QC20
ms2_spec,7283,mzDB,3.0373916001990438,E:/mzsql/MTBLS10066/20221001_LEAP-POS_QC20/20221001_LEAP-POS_QC20
ms2_spec,7283,MZA,0.002910899929702282,E:/mzsql/MTBLS10066/20221001_LEAP-POS_QC20/20221001_LEAP-POS_QC20
ms2_spec,7283,mz5,0.11126380017958581,E:/mzsql/MTBLS10066/20221001_LEAP-POS_QC20/20221001_LEAP-POS_QC20
ms2_spec,7283,SQLite,0.5275149999652058,E:/mzsql/MTBLS10066/20221001_LEAP-POS_QC20/20221001_LEAP-POS_QC20
ms2_spec,7283,DuckDB,0.021578900050371885,E:/mzsql/MTBLS10066/20221001_LEAP-POS_QC20/20221001_LEAP-POS_QC20
ms2_spec,7283,Parquet,0.10393760004080832,E:/mzsql/MTBLS10066/20221001_LEAP-POS_QC20/20221001_LEAP-POS_QC20
premz,391.283703625202,pyteomics,17.326776399975643,E:/mzsql/MTBLS10066/20221001_LEAP-POS_QC20/20221001_LEAP-POS_QC20
premz,391.283703625202,pyopenms,5.898430099943653,E:/mzsql/MTBLS10066/20221001_LEAP-POS_QC20/20221001_LEAP-POS_QC20
premz,391.283703625202,pymzml,6.494807200040668,E:/mzsql/MTBLS10066/20221001_LEAP-POS_QC20/20221001_LEAP-POS_QC20
premz,391.283703625202,mzMLb,14.61557999998331,E:/mzsql/MTBLS10066/20221001_LEAP-POS_QC20/20221001_LEAP-POS_QC20
premz,391.283703625202,mzDB,0.06351500004529953,E:/mzsql/MTBLS10066/20221001_LEAP-POS_QC20/20221001_LEAP-POS_QC20
premz,391.283703625202,MZA,4.865921699907631,E:/mzsql/MTBLS10066/20221001_LEAP-POS_QC20/20221001_LEAP-POS_QC20
premz,391.283703625202,SQLite,0.04175289999693632,E:/mzsql/MTBLS10066/20221001_LEAP-POS_QC20/20221001_LEAP-POS_QC20
premz,391.283703625202,DuckDB,0.022004100028425455,E:/mzsql/MTBLS10066/20221001_LEAP-POS_QC20/20221001_LEAP-POS_QC20
premz,391.283703625202,Parquet,0.024159699911251664,E:/mzsql/MTBLS10066/20221001_LEAP-POS_QC20/20221001_LEAP-POS_QC20
premz,758.568432629108,pyteomics,17.01696819998324,E:/mzsql/MTBLS10066/20221001_LEAP-POS_QC20/20221001_LEAP-POS_QC20
premz,758.568432629108,pyopenms,5.893542899983004,E:/mzsql/MTBLS10066/20221001_LEAP-POS_QC20/20221001_LEAP-POS_QC20
premz,758.568432629108,pymzml,6.5727884999942034,E:/mzsql/MTBLS10066/20221001_LEAP-POS_QC20/20221001_LEAP-POS_QC20
premz,758.568432629108,mzMLb,15.345902800094336,E:/mzsql/MTBLS10066/20221001_LEAP-POS_QC20/20221001_LEAP-POS_QC20
premz,758.568432629108,mzDB,0.09148869989439845,E:/mzsql/MTBLS10066/20221001_LEAP-POS_QC20/20221001_LEAP-POS_QC20
premz,758.568432629108,MZA,4.954383299918845,E:/mzsql/MTBLS10066/20221001_LEAP-POS_QC20/20221001_LEAP-POS_QC20
premz,758.568432629108,SQLite,0.04643909982405603,E:/mzsql/MTBLS10066/20221001_LEAP-POS_QC20/20221001_LEAP-POS_QC20
premz,758.568432629108,DuckDB,0.0352319001685828,E:/mzsql/MTBLS10066/20221001_LEAP-POS_QC20/20221001_LEAP-POS_QC20
premz,758.568432629108,Parquet,0.03678119997493923,E:/mzsql/MTBLS10066/20221001_LEAP-POS_QC20/20221001_LEAP-POS_QC20
premz,785.594067394733,pyteomics,17.373646199936047,E:/mzsql/MTBLS10066/20221001_LEAP-POS_QC20/20221001_LEAP-POS_QC20
premz,785.594067394733,pyopenms,5.856633800081909,E:/mzsql/MTBLS10066/20221001_LEAP-POS_QC20/20221001_LEAP-POS_QC20
premz,785.594067394733,pymzml,6.485151799861342,E:/mzsql/MTBLS10066/20221001_LEAP-POS_QC20/20221001_LEAP-POS_QC20
premz,785.594067394733,mzMLb,14.503307699924335,E:/mzsql/MTBLS10066/20221001_LEAP-POS_QC20/20221001_LEAP-POS_QC20
premz,785.594067394733,mzDB,0.06769199995324016,E:/mzsql/MTBLS10066/20221001_LEAP-POS_QC20/20221001_LEAP-POS_QC20
premz,785.594067394733,MZA,4.858900099992752,E:/mzsql/MTBLS10066/20221001_LEAP-POS_QC20/20221001_LEAP-POS_QC20
premz,785.594067394733,SQLite,0.04094549990259111,E:/mzsql/MTBLS10066/20221001_LEAP-POS_QC20/20221001_LEAP-POS_QC20
premz,785.594067394733,DuckDB,0.02956209983676672,E:/mzsql/MTBLS10066/20221001_LEAP-POS_QC20/20221001_LEAP-POS_QC20
premz,785.594067394733,Parquet,0.04018849995918572,E:/mzsql/MTBLS10066/20221001_LEAP-POS_QC20/20221001_LEAP-POS_QC20
premz,786.599255383015,pyteomics,17.374908600002527,E:/mzsql/MTBLS10066/20221001_LEAP-POS_QC20/20221001_LEAP-POS_QC20
premz,786.599255383015,pyopenms,5.8746376999188215,E:/mzsql/MTBLS10066/20221001_LEAP-POS_QC20/20221001_LEAP-POS_QC20
premz,786.599255383015,pymzml,6.506315800128505,E:/mzsql/MTBLS10066/20221001_LEAP-POS_QC20/20221001_LEAP-POS_QC20
premz,786.599255383015,mzMLb,14.396103500155732,E:/mzsql/MTBLS10066/20221001_LEAP-POS_QC20/20221001_LEAP-POS_QC20
premz,786.599255383015,mzDB,0.08617739984765649,E:/mzsql/MTBLS10066/20221001_LEAP-POS_QC20/20221001_LEAP-POS_QC20
premz,786.599255383015,MZA,4.876085599884391,E:/mzsql/MTBLS10066/20221001_LEAP-POS_QC20/20221001_LEAP-POS_QC20
premz,786.599255383015,SQLite,0.045794100034981966,E:/mzsql/MTBLS10066/20221001_LEAP-POS_QC20/20221001_LEAP-POS_QC20
premz,786.599255383015,DuckDB,0.02858139993622899,E:/mzsql/MTBLS10066/20221001_LEAP-POS_QC20/20221001_LEAP-POS_QC20
premz,786.599255383015,Parquet,0.027205900056287646,E:/mzsql/MTBLS10066/20221001_LEAP-POS_QC20/20221001_LEAP-POS_QC20
premz,759.563427746296,pyteomics,17.303278900217265,E:/mzsql/MTBLS10066/20221001_LEAP-POS_QC20/20221001_LEAP-POS_QC20
premz,759.563427746296,pyopenms,5.877795999869704,E:/mzsql/MTBLS10066/20221001_LEAP-POS_QC20/20221001_LEAP-POS_QC20
premz,759.563427746296,pymzml,6.6414446998387575,E:/mzsql/MTBLS10066/20221001_LEAP-POS_QC20/20221001_LEAP-POS_QC20
premz,759.563427746296,mzMLb,14.391765699954703,E:/mzsql/MTBLS10066/20221001_LEAP-POS_QC20/20221001_LEAP-POS_QC20
premz,759.563427746296,mzDB,0.06418819981627166,E:/mzsql/MTBLS10066/20221001_LEAP-POS_QC20/20221001_LEAP-POS_QC20
premz,759.563427746296,MZA,4.878795600030571,E:/mzsql/MTBLS10066/20221001_LEAP-POS_QC20/20221001_LEAP-POS_QC20
premz,759.563427746296,SQLite,0.042251599952578545,E:/mzsql/MTBLS10066/20221001_LEAP-POS_QC20/20221001_LEAP-POS_QC20
premz,759.563427746296,DuckDB,0.023274099919945,E:/mzsql/MTBLS10066/20221001_LEAP-POS_QC20/20221001_LEAP-POS_QC20
premz,759.563427746296,Parquet,0.023149099899455905,E:/mzsql/MTBLS10066/20221001_LEAP-POS_QC20/20221001_LEAP-POS_QC20
premz,756.63563233614,pyteomics,17.318404899910092,E:/mzsql/MTBLS10066/20221001_LEAP-POS_QC20/20221001_LEAP-POS_QC20
premz,756.63563233614,pyopenms,5.894188900012523,E:/mzsql/MTBLS10066/20221001_LEAP-POS_QC20/20221001_LEAP-POS_QC20
premz,756.63563233614,pymzml,6.506201999960467,E:/mzsql/MTBLS10066/20221001_LEAP-POS_QC20/20221001_LEAP-POS_QC20
premz,756.63563233614,mzMLb,14.709586599841714,E:/mzsql/MTBLS10066/20221001_LEAP-POS_QC20/20221001_LEAP-POS_QC20
premz,756.63563233614,mzDB,0.06283039995469153,E:/mzsql/MTBLS10066/20221001_LEAP-POS_QC20/20221001_LEAP-POS_QC20
premz,756.63563233614,MZA,4.90801819995977,E:/mzsql/MTBLS10066/20221001_LEAP-POS_QC20/20221001_LEAP-POS_QC20
premz,756.63563233614,SQLite,0.04074610001407564,E:/mzsql/MTBLS10066/20221001_LEAP-POS_QC20/20221001_LEAP-POS_QC20
premz,756.63563233614,DuckDB,0.021602700231596828,E:/mzsql/MTBLS10066/20221001_LEAP-POS_QC20/20221001_LEAP-POS_QC20
premz,756.63563233614,Parquet,0.023169999942183495,E:/mzsql/MTBLS10066/20221001_LEAP-POS_QC20/20221001_LEAP-POS_QC20
premz,760.583447277546,pyteomics,17.311814400134608,E:/mzsql/MTBLS10066/20221001_LEAP-POS_QC20/20221001_LEAP-POS_QC20
premz,760.583447277546,pyopenms,5.906185399973765,E:/mzsql/MTBLS10066/20221001_LEAP-POS_QC20/20221001_LEAP-POS_QC20
premz,760.583447277546,pymzml,6.49238029983826,E:/mzsql/MTBLS10066/20221001_LEAP-POS_QC20/20221001_LEAP-POS_QC20
premz,760.583447277546,mzMLb,14.692301400005817,E:/mzsql/MTBLS10066/20221001_LEAP-POS_QC20/20221001_LEAP-POS_QC20
premz,760.583447277546,mzDB,0.08330769999884069,E:/mzsql/MTBLS10066/20221001_LEAP-POS_QC20/20221001_LEAP-POS_QC20
premz,760.583447277546,MZA,4.919133700197563,E:/mzsql/MTBLS10066/20221001_LEAP-POS_QC20/20221001_LEAP-POS_QC20
premz,760.583447277546,SQLite,0.0433638000395149,E:/mzsql/MTBLS10066/20221001_LEAP-POS_QC20/20221001_LEAP-POS_QC20
premz,760.583447277546,DuckDB,0.023813199950382113,E:/mzsql/MTBLS10066/20221001_LEAP-POS_QC20/20221001_LEAP-POS_QC20
premz,760.583447277546,Parquet,0.023116499884054065,E:/mzsql/MTBLS10066/20221001_LEAP-POS_QC20/20221001_LEAP-POS_QC20
premz,781.560375988483,pyteomics,17.132853399962187,E:/mzsql/MTBLS10066/20221001_LEAP-POS_QC20/20221001_LEAP-POS_QC20
premz,781.560375988483,pyopenms,5.854618200100958,E:/mzsql/MTBLS10066/20221001_LEAP-POS_QC20/20221001_LEAP-POS_QC20
premz,781.560375988483,pymzml,6.496294399956241,E:/mzsql/MTBLS10066/20221001_LEAP-POS_QC20/20221001_LEAP-POS_QC20
premz,781.560375988483,mzMLb,14.489463099977002,E:/mzsql/MTBLS10066/20221001_LEAP-POS_QC20/20221001_LEAP-POS_QC20
premz,781.560375988483,mzDB,0.06914240005426109,E:/mzsql/MTBLS10066/20221001_LEAP-POS_QC20/20221001_LEAP-POS_QC20
premz,781.560375988483,MZA,4.876073400024325,E:/mzsql/MTBLS10066/20221001_LEAP-POS_QC20/20221001_LEAP-POS_QC20
premz,781.560375988483,SQLite,0.05783899989910424,E:/mzsql/MTBLS10066/20221001_LEAP-POS_QC20/20221001_LEAP-POS_QC20
premz,781.560375988483,DuckDB,0.023531600134447217,E:/mzsql/MTBLS10066/20221001_LEAP-POS_QC20/20221001_LEAP-POS_QC20
premz,781.560375988483,Parquet,0.02539329999126494,E:/mzsql/MTBLS10066/20221001_LEAP-POS_QC20/20221001_LEAP-POS_QC20
premz,809.581005871296,pyteomics,17.36371549987234,E:/mzsql/MTBLS10066/20221001_LEAP-POS_QC20/20221001_LEAP-POS_QC20
premz,809.581005871296,pyopenms,5.856944099999964,E:/mzsql/MTBLS10066/20221001_LEAP-POS_QC20/20221001_LEAP-POS_QC20
premz,809.581005871296,pymzml,6.494238199898973,E:/mzsql/MTBLS10066/20221001_LEAP-POS_QC20/20221001_LEAP-POS_QC20
premz,809.581005871296,mzMLb,14.612120500067249,E:/mzsql/MTBLS10066/20221001_LEAP-POS_QC20/20221001_LEAP-POS_QC20
premz,809.581005871296,mzDB,0.06869159988127649,E:/mzsql/MTBLS10066/20221001_LEAP-POS_QC20/20221001_LEAP-POS_QC20
premz,809.581005871296,MZA,4.89319059997797,E:/mzsql/MTBLS10066/20221001_LEAP-POS_QC20/20221001_LEAP-POS_QC20
premz,809.581005871296,SQLite,0.04135469999164343,E:/mzsql/MTBLS10066/20221001_LEAP-POS_QC20/20221001_LEAP-POS_QC20
premz,809.581005871296,DuckDB,0.029022800037637353,E:/mzsql/MTBLS10066/20221001_LEAP-POS_QC20/20221001_LEAP-POS_QC20
premz,809.581005871296,Parquet,0.02961710002273321,E:/mzsql/MTBLS10066/20221001_LEAP-POS_QC20/20221001_LEAP-POS_QC20
premz,810.599194347858,pyteomics,17.384746900061145,E:/mzsql/MTBLS10066/20221001_LEAP-POS_QC20/20221001_LEAP-POS_QC20
premz,810.599194347858,pyopenms,5.85669059981592,E:/mzsql/MTBLS10066/20221001_LEAP-POS_QC20/20221001_LEAP-POS_QC20
premz,810.599194347858,pymzml,6.499267499893904,E:/mzsql/MTBLS10066/20221001_LEAP-POS_QC20/20221001_LEAP-POS_QC20
premz,810.599194347858,mzMLb,14.520651600090787,E:/mzsql/MTBLS10066/20221001_LEAP-POS_QC20/20221001_LEAP-POS_QC20
premz,810.599194347858,mzDB,0.07780879992060363,E:/mzsql/MTBLS10066/20221001_LEAP-POS_QC20/20221001_LEAP-POS_QC20
premz,810.599194347858,MZA,4.924649299820885,E:/mzsql/MTBLS10066/20221001_LEAP-POS_QC20/20221001_LEAP-POS_QC20
premz,810.599194347858,SQLite,0.043353799963369966,E:/mzsql/MTBLS10066/20221001_LEAP-POS_QC20/20221001_LEAP-POS_QC20
premz,810.599194347858,DuckDB,0.03183899982832372,E:/mzsql/MTBLS10066/20221001_LEAP-POS_QC20/20221001_LEAP-POS_QC20
premz,810.599194347858,Parquet,0.028442699927836657,E:/mzsql/MTBLS10066/20221001_LEAP-POS_QC20/20221001_LEAP-POS_QC20
fragmz,149.02294921875,pyteomics,19.093150299973786,E:/mzsql/MTBLS10066/20221001_LEAP-POS_QC20/20221001_LEAP-POS_QC20
fragmz,149.02294921875,pyopenms,6.075428900076076,E:/mzsql/MTBLS10066/20221001_LEAP-POS_QC20/20221001_LEAP-POS_QC20
fragmz,149.02294921875,pymzml,7.668059200048447,E:/mzsql/MTBLS10066/20221001_LEAP-POS_QC20/20221001_LEAP-POS_QC20
fragmz,149.02294921875,mzMLb,16.19266130006872,E:/mzsql/MTBLS10066/20221001_LEAP-POS_QC20/20221001_LEAP-POS_QC20
fragmz,149.02294921875,mzDB,7.235765800112858,E:/mzsql/MTBLS10066/20221001_LEAP-POS_QC20/20221001_LEAP-POS_QC20
fragmz,149.02294921875,MZA,32.637599600013345,E:/mzsql/MTBLS10066/20221001_LEAP-POS_QC20/20221001_LEAP-POS_QC20
fragmz,149.02294921875,SQLite,0.041777199832722545,E:/mzsql/MTBLS10066/20221001_LEAP-POS_QC20/20221001_LEAP-POS_QC20
fragmz,149.02294921875,DuckDB,0.026607900159433484,E:/mzsql/MTBLS10066/20221001_LEAP-POS_QC20/20221001_LEAP-POS_QC20
fragmz,149.02294921875,Parquet,0.023556699976325035,E:/mzsql/MTBLS10066/20221001_LEAP-POS_QC20/20221001_LEAP-POS_QC20
fragmz,184.07290649414062,pyteomics,18.89767870004289,E:/mzsql/MTBLS10066/20221001_LEAP-POS_QC20/20221001_LEAP-POS_QC20
fragmz,184.07290649414062,pyopenms,6.717178100021556,E:/mzsql/MTBLS10066/20221001_LEAP-POS_QC20/20221001_LEAP-POS_QC20
fragmz,184.07290649414062,pymzml,8.033689300063998,E:/mzsql/MTBLS10066/20221001_LEAP-POS_QC20/20221001_LEAP-POS_QC20
fragmz,184.07290649414062,mzMLb,15.971796600148082,E:/mzsql/MTBLS10066/20221001_LEAP-POS_QC20/20221001_LEAP-POS_QC20
fragmz,184.07290649414062,mzDB,7.1781470000278205,E:/mzsql/MTBLS10066/20221001_LEAP-POS_QC20/20221001_LEAP-POS_QC20
fragmz,184.07290649414062,MZA,32.001315500121564,E:/mzsql/MTBLS10066/20221001_LEAP-POS_QC20/20221001_LEAP-POS_QC20
fragmz,184.07290649414062,SQLite,0.04913369985297322,E:/mzsql/MTBLS10066/20221001_LEAP-POS_QC20/20221001_LEAP-POS_QC20
fragmz,184.07290649414062,DuckDB,0.03401000006124377,E:/mzsql/MTBLS10066/20221001_LEAP-POS_QC20/20221001_LEAP-POS_QC20
fragmz,184.07290649414062,Parquet,0.026372899999842048,E:/mzsql/MTBLS10066/20221001_LEAP-POS_QC20/20221001_LEAP-POS_QC20
fragmz,577.51806640625,pyteomics,19.077503999928012,E:/mzsql/MTBLS10066/20221001_LEAP-POS_QC20/20221001_LEAP-POS_QC20
fragmz,577.51806640625,pyopenms,6.143470999784768,E:/mzsql/MTBLS10066/20221001_LEAP-POS_QC20/20221001_LEAP-POS_QC20
fragmz,577.51806640625,pymzml,7.735797500004992,E:/mzsql/MTBLS10066/20221001_LEAP-POS_QC20/20221001_LEAP-POS_QC20
fragmz,577.51806640625,mzMLb,16.219349100021645,E:/mzsql/MTBLS10066/20221001_LEAP-POS_QC20/20221001_LEAP-POS_QC20
fragmz,577.51806640625,mzDB,7.227730700047687,E:/mzsql/MTBLS10066/20221001_LEAP-POS_QC20/20221001_LEAP-POS_QC20
fragmz,577.51806640625,MZA,32.63152560009621,E:/mzsql/MTBLS10066/20221001_LEAP-POS_QC20/20221001_LEAP-POS_QC20
fragmz,577.51806640625,SQLite,0.04195769992657006,E:/mzsql/MTBLS10066/20221001_LEAP-POS_QC20/20221001_LEAP-POS_QC20
fragmz,577.51806640625,DuckDB,0.02871169988065958,E:/mzsql/MTBLS10066/20221001_LEAP-POS_QC20/20221001_LEAP-POS_QC20
fragmz,577.51806640625,Parquet,0.023500100011005998,E:/mzsql/MTBLS10066/20221001_LEAP-POS_QC20/20221001_LEAP-POS_QC20
fragmz,369.3506774902344,pyteomics,18.8835913001094,E:/mzsql/MTBLS10066/20221001_LEAP-POS_QC20/20221001_LEAP-POS_QC20
fragmz,369.3506774902344,pyopenms,6.1099213000852615,E:/mzsql/MTBLS10066/20221001_LEAP-POS_QC20/20221001_LEAP-POS_QC20
fragmz,369.3506774902344,pymzml,7.711401099804789,E:/mzsql/MTBLS10066/20221001_LEAP-POS_QC20/20221001_LEAP-POS_QC20
fragmz,369.3506774902344,mzMLb,16.42962919990532,E:/mzsql/MTBLS10066/20221001_LEAP-POS_QC20/20221001_LEAP-POS_QC20
fragmz,369.3506774902344,mzDB,7.317329799989238,E:/mzsql/MTBLS10066/20221001_LEAP-POS_QC20/20221001_LEAP-POS_QC20
fragmz,369.3506774902344,MZA,32.641655899817124,E:/mzsql/MTBLS10066/20221001_LEAP-POS_QC20/20221001_LEAP-POS_QC20
fragmz,369.3506774902344,SQLite,0.04117159987799823,E:/mzsql/MTBLS10066/20221001_LEAP-POS_QC20/20221001_LEAP-POS_QC20
fragmz,369.3506774902344,DuckDB,0.024916899856179953,E:/mzsql/MTBLS10066/20221001_LEAP-POS_QC20/20221001_LEAP-POS_QC20
fragmz,369.3506774902344,Parquet,0.023048500064760447,E:/mzsql/MTBLS10066/20221001_LEAP-POS_QC20/20221001_LEAP-POS_QC20
fragmz,578.521240234375,pyteomics,18.88110650004819,E:/mzsql/MTBLS10066/20221001_LEAP-POS_QC20/20221001_LEAP-POS_QC20
fragmz,578.521240234375,pyopenms,6.118707699934021,E:/mzsql/MTBLS10066/20221001_LEAP-POS_QC20/20221001_LEAP-POS_QC20
fragmz,578.521240234375,pymzml,7.765608200104907,E:/mzsql/MTBLS10066/20221001_LEAP-POS_QC20/20221001_LEAP-POS_QC20
fragmz,578.521240234375,mzMLb,16.34055419987999,E:/mzsql/MTBLS10066/20221001_LEAP-POS_QC20/20221001_LEAP-POS_QC20
fragmz,578.521240234375,mzDB,7.3921686001122,E:/mzsql/MTBLS10066/20221001_LEAP-POS_QC20/20221001_LEAP-POS_QC20
fragmz,578.521240234375,MZA,33.21021920000203,E:/mzsql/MTBLS10066/20221001_LEAP-POS_QC20/20221001_LEAP-POS_QC20
fragmz,578.521240234375,SQLite,0.043355299858376384,E:/mzsql/MTBLS10066/20221001_LEAP-POS_QC20/20221001_LEAP-POS_QC20
fragmz,578.521240234375,DuckDB,0.027954299934208393,E:/mzsql/MTBLS10066/20221001_LEAP-POS_QC20/20221001_LEAP-POS_QC20
fragmz,578.521240234375,Parquet,0.023592800134792924,E:/mzsql/MTBLS10066/20221001_LEAP-POS_QC20/20221001_LEAP-POS_QC20
fragmz,603.53369140625,pyteomics,18.885377099970356,E:/mzsql/MTBLS10066/20221001_LEAP-POS_QC20/20221001_LEAP-POS_QC20
fragmz,603.53369140625,pyopenms,8.357024000026286,E:/mzsql/MTBLS10066/20221001_LEAP-POS_QC20/20221001_LEAP-POS_QC20
fragmz,603.53369140625,pymzml,7.7425542999990284,E:/mzsql/MTBLS10066/20221001_LEAP-POS_QC20/20221001_LEAP-POS_QC20
fragmz,603.53369140625,mzMLb,16.42478200001642,E:/mzsql/MTBLS10066/20221001_LEAP-POS_QC20/20221001_LEAP-POS_QC20
fragmz,603.53369140625,mzDB,7.308645799988881,E:/mzsql/MTBLS10066/20221001_LEAP-POS_QC20/20221001_LEAP-POS_QC20
fragmz,603.53369140625,MZA,32.791429799981415,E:/mzsql/MTBLS10066/20221001_LEAP-POS_QC20/20221001_LEAP-POS_QC20
fragmz,603.53369140625,SQLite,0.041838400065898895,E:/mzsql/MTBLS10066/20221001_LEAP-POS_QC20/20221001_LEAP-POS_QC20
fragmz,603.53369140625,DuckDB,0.029039799934253097,E:/mzsql/MTBLS10066/20221001_LEAP-POS_QC20/20221001_LEAP-POS_QC20
fragmz,603.53369140625,Parquet,0.02359029999934137,E:/mzsql/MTBLS10066/20221001_LEAP-POS_QC20/20221001_LEAP-POS_QC20
fragmz,71.08538055419922,pyteomics,18.99020119989291,E:/mzsql/MTBLS10066/20221001_LEAP-POS_QC20/20221001_LEAP-POS_QC20
fragmz,71.08538055419922,pyopenms,7.018314299872145,E:/mzsql/MTBLS10066/20221001_LEAP-POS_QC20/20221001_LEAP-POS_QC20
fragmz,71.08538055419922,pymzml,8.43416399997659,E:/mzsql/MTBLS10066/20221001_LEAP-POS_QC20/20221001_LEAP-POS_QC20
fragmz,71.08538055419922,mzMLb,16.220238499809057,E:/mzsql/MTBLS10066/20221001_LEAP-POS_QC20/20221001_LEAP-POS_QC20
fragmz,71.08538055419922,mzDB,7.291449999902397,E:/mzsql/MTBLS10066/20221001_LEAP-POS_QC20/20221001_LEAP-POS_QC20
fragmz,71.08538055419922,MZA,32.8295959001407,E:/mzsql/MTBLS10066/20221001_LEAP-POS_QC20/20221001_LEAP-POS_QC20
fragmz,71.08538055419922,SQLite,0.05382909998297691,E:/mzsql/MTBLS10066/20221001_LEAP-POS_QC20/20221001_LEAP-POS_QC20
fragmz,71.08538055419922,DuckDB,0.035370699828490615,E:/mzsql/MTBLS10066/20221001_LEAP-POS_QC20/20221001_LEAP-POS_QC20
fragmz,71.08538055419922,Parquet,0.026522899977862835,E:/mzsql/MTBLS10066/20221001_LEAP-POS_QC20/20221001_LEAP-POS_QC20
fragmz,104.10669708251953,pyteomics,18.99442350002937,E:/mzsql/MTBLS10066/20221001_LEAP-POS_QC20/20221001_LEAP-POS_QC20
fragmz,104.10669708251953,pyopenms,6.541567800100893,E:/mzsql/MTBLS10066/20221001_LEAP-POS_QC20/20221001_LEAP-POS_QC20
fragmz,104.10669708251953,pymzml,8.087277699960396,E:/mzsql/MTBLS10066/20221001_LEAP-POS_QC20/20221001_LEAP-POS_QC20
fragmz,104.10669708251953,mzMLb,16.131769299972802,E:/mzsql/MTBLS10066/20221001_LEAP-POS_QC20/20221001_LEAP-POS_QC20
fragmz,104.10669708251953,mzDB,7.224358400097117,E:/mzsql/MTBLS10066/20221001_LEAP-POS_QC20/20221001_LEAP-POS_QC20
fragmz,104.10669708251953,MZA,32.19334200001322,E:/mzsql/MTBLS10066/20221001_LEAP-POS_QC20/20221001_LEAP-POS_QC20
fragmz,104.10669708251953,SQLite,0.04776109987869859,E:/mzsql/MTBLS10066/20221001_LEAP-POS_QC20/20221001_LEAP-POS_QC20
fragmz,104.10669708251953,DuckDB,0.043507799971848726,E:/mzsql/MTBLS10066/20221001_LEAP-POS_QC20/20221001_LEAP-POS_QC20
fragmz,104.10669708251953,Parquet,0.02601809985935688,E:/mzsql/MTBLS10066/20221001_LEAP-POS_QC20/20221001_LEAP-POS_QC20
fragmz,575.50146484375,pyteomics,19.141795800067484,E:/mzsql/MTBLS10066/20221001_LEAP-POS_QC20/20221001_LEAP-POS_QC20
fragmz,575.50146484375,pyopenms,8.421288500074297,E:/mzsql/MTBLS10066/20221001_LEAP-POS_QC20/20221001_LEAP-POS_QC20
fragmz,575.50146484375,pymzml,7.725991499843076,E:/mzsql/MTBLS10066/20221001_LEAP-POS_QC20/20221001_LEAP-POS_QC20
fragmz,575.50146484375,mzMLb,16.279898500069976,E:/mzsql/MTBLS10066/20221001_LEAP-POS_QC20/20221001_LEAP-POS_QC20
fragmz,575.50146484375,mzDB,7.345051200129092,E:/mzsql/MTBLS10066/20221001_LEAP-POS_QC20/20221001_LEAP-POS_QC20
fragmz,575.50146484375,MZA,33.09464220004156,E:/mzsql/MTBLS10066/20221001_LEAP-POS_QC20/20221001_LEAP-POS_QC20
fragmz,575.50146484375,SQLite,0.04136619996279478,E:/mzsql/MTBLS10066/20221001_LEAP-POS_QC20/20221001_LEAP-POS_QC20
fragmz,575.50146484375,DuckDB,0.029293500119820237,E:/mzsql/MTBLS10066/20221001_LEAP-POS_QC20/20221001_LEAP-POS_QC20
fragmz,575.50146484375,Parquet,0.024429399985820055,E:/mzsql/MTBLS10066/20221001_LEAP-POS_QC20/20221001_LEAP-POS_QC20
fragmz,549.4865112304688,pyteomics,19.00768579985015,E:/mzsql/MTBLS10066/20221001_LEAP-POS_QC20/20221001_LEAP-POS_QC20
fragmz,549.4865112304688,pyopenms,6.042074700118974,E:/mzsql/MTBLS10066/20221001_LEAP-POS_QC20/20221001_LEAP-POS_QC20
fragmz,549.4865112304688,pymzml,7.6785759998019785,E:/mzsql/MTBLS10066/20221001_LEAP-POS_QC20/20221001_LEAP-POS_QC20
fragmz,549.4865112304688,mzMLb,16.462390000000596,E:/mzsql/MTBLS10066/20221001_LEAP-POS_QC20/20221001_LEAP-POS_QC20
fragmz,549.4865112304688,mzDB,7.338969399919733,E:/mzsql/MTBLS10066/20221001_LEAP-POS_QC20/20221001_LEAP-POS_QC20
fragmz,549.4865112304688,MZA,32.84435399994254,E:/mzsql/MTBLS10066/20221001_LEAP-POS_QC20/20221001_LEAP-POS_QC20
fragmz,549.4865112304688,SQLite,0.040999499848112464,E:/mzsql/MTBLS10066/20221001_LEAP-POS_QC20/20221001_LEAP-POS_QC20
fragmz,549.4865112304688,DuckDB,0.02696420019492507,E:/mzsql/MTBLS10066/20221001_LEAP-POS_QC20/20221001_LEAP-POS_QC20
fragmz,549.4865112304688,Parquet,0.023349900031462312,E:/mzsql/MTBLS10066/20221001_LEAP-POS_QC20/20221001_LEAP-POS_QC20
