query,target,method,time
ms1_spec,8359,pyteomics,12.920159200002672
ms1_spec,8359,pyopenms,4.319584799988661
ms1_spec,8359,pymzml,0.09890219999942929
ms1_spec,8359,mzMLb,13.461240300006466
ms1_spec,8359,mzDB,2.9695548999879975
ms1_spec,8359,MZA,0.010835499997483566
ms1_spec,8359,SQLite,0.44046810001600534
ms1_spec,8359,DuckDB,0.03434039998683147
ms1_spec,8359,Parquet,0.14046150000649504
